mutant,fitness
D171E,1.3949956770071474
D171N,1.3845422399078022
D171S,0.9487960016746758
D171Q,0.9397447554247178
D171A,0.8983244123616168
D171H,0.8846944740498043
D171G,0.8678124119016231
D171R,0.7828949708186095
D171K,0.7620481831998462
D171T,0.7083753368909196
D171L,0.674744464166809
D171Y,0.644803851265747
D171M,0.5964032999461257
D171V,0.37883429890765363
D171F,0.35827585488936803
D171I,0.2311295814406001
D171C,0.19299935789667577
D171W,0.12392746111739247
D171P,-0.5206757207285742
