mutant,fitness
G174A,0.5778357358442787
G174S,0.4338843518317448
G174N,0.16183028563228286
G174T,0.11622530719764923
G174M,-0.05226912603896386
G174F,-0.08682692546741438
G174V,-0.11736650856425546
G174L,-0.12395457419388245
G174Q,-0.16054230358041177
G174D,-0.22095050662690274
G174E,-0.24126985984724578
G174I,-0.2760209576698509
G174R,-0.316339696423522
G174H,-0.3448361952524459
G174Y,-0.39748734942951613
G174C,-0.44872236599512066
G174K,-0.5248399777107694
G174W,-0.5521392254971111
G174P,-0.5744749194149783
