mutant,fitness
I167A,1.6463926726094402
I167S,1.6059656791228782
I167V,1.5036051431536481
I167T,1.490734307307076
I167M,1.4359943049071973
I167G,1.2407158827684897
I167Q,1.2301004232298256
I167L,1.2035235465092242
I167C,1.194938079298029
I167N,1.152906080704355
I167R,1.1502089750742825
I167K,1.0960496370161394
I167F,1.0335180699005013
I167Y,0.9493155633229546
I167H,0.941709277854585
I167E,0.8370730978442723
I167W,0.7900153223097423
I167D,0.7471949537429745
I167P,-0.2678978903876439
