mutant,fitness
M169L,0.8128264473946027
M169I,0.7942970170272605
M169V,0.4348335167720188
M169T,0.2900613283718956
M169A,0.17685514553554957
M169C,0.1389722356406047
M169F,0.07961133061879744
M169Q,-0.15137659730565822
M169S,-0.280312185393136
M169R,-0.47188376893392314
M169Y,-0.5633913606455659
M169G,-0.5741798081507041
M169E,-0.5976440029269956
M169W,-0.6466637969494362
M169N,-0.6678638175018177
M169K,-0.8324156497154709
M169H,-0.9683268752347951
M169D,-1.309014300609279
M169P,-1.4773635068766957
