mutant,fitness
V170I,1.5658344207453296
V170F,1.1897361985713726
V170L,1.1225649555130877
V170M,0.8121010218858997
V170A,0.6251869379103565
V170T,0.5698689713035602
V170Y,0.41545997708152477
V170S,0.2506132617880747
V170C,-0.007566115573590568
V170N,-0.020228102496502212
V170Q,-0.08863205984957619
V170W,-0.19407616208499182
V170H,-0.2089710307199904
V170G,-0.2101229770544133
V170E,-0.39978736234409706
V170R,-0.5220634539840403
V170D,-0.5942975647472686
V170K,-0.7533621972407241
V170P,-1.2813292646093948
