mutant,fitness
F166L,1.1144258936637765
F166M,1.0466224577847092
F166Y,0.6092592376566452
F166I,0.41852095296982683
F166C,0.15791576998425227
F166V,0.12682104670261846
F166A,-0.05089649395747389
F166W,-0.05879050601382482
F166T,-0.30440385741230286
F166S,-0.459300058775454
F166Q,-0.5030664810528926
F166H,-0.7064563061396003
F166N,-0.837808987952967
F166E,-1.0388658254821888
F166G,-1.0683746417248794
F166R,-1.3595450815967158
F166D,-1.514027454356242
F166K,-1.604176021706789
F166P,-1.6388779018842914
