mutant,fitness
F173V,1.2103740669231502
F173I,1.1981497339734668
F173L,1.0958082893542196
F173M,0.9286133815272835
F173T,0.8829740171564882
F173A,0.8641104410240585
F173Y,0.7811206542967772
F173S,0.7018868475652614
F173W,0.4179415559270455
F173G,0.32408276721527796
F173Q,0.2764433950408752
F173N,0.2218582754134097
F173C,0.19634768887894
F173H,0.1730994987449601
F173R,0.03430948415576239
F173E,-0.046115788391344066
F173K,-0.21763752331577213
F173D,-0.2645814717651009
F173P,-0.36382523677873607
