mutant,fitness
G294A,1.2621565675997015
G294S,1.087309396738299
G294P,0.953008490167629
G294T,0.9230249881287698
G294M,0.752079845866507
G294V,0.5811006051365623
G294L,0.5284025570659479
G294Q,0.4313444975939751
G294I,0.3745367849436161
G294N,0.3600430727560787
G294F,0.33502934039300664
G294E,0.26056542110194375
G294R,0.17407914694292115
G294C,0.07049172390753843
G294D,0.07024253224675846
G294H,0.055402016123438216
G294Y,-0.02825308896787946
G294K,-0.061621909306147166
G294W,-0.16885052400545486
