mutant,fitness
G290A,2.0669902756703027
G290V,1.864636646171582
G290I,1.7248814673737343
G290F,1.6611405478399233
G290T,1.6494035171054455
G290S,1.5357988813075556
G290L,1.4879521571008878
G290M,1.063525922422749
G290N,0.8510638273592093
G290Y,0.7057608628590255
G290C,0.654790000827183
G290Q,0.6270408099725611
G290H,0.43548963648853956
G290E,0.387907810691017
G290P,0.3371300644648589
G290D,0.28193152970626123
G290W,0.19195258631261547
G290R,-0.024940800319303194
G290K,-0.07787350801377799
