mutant,fitness
Y22F,0.8897462136563739
Y22H,0.8028346427961466
Y22N,0.06271216356450673
Y22W,-0.007678279632691631
Y22S,-0.019144120016418686
Y22A,-0.028132397857432434
Y22L,-0.03232868975689607
Y22M,-0.135382538321675
Y22Q,-0.18879015144724826
Y22P,-0.19557969305047418
Y22C,-0.21733802018936987
Y22T,-0.27014186396344525
Y22D,-0.28864479321261693
Y22V,-0.2915068671324298
Y22I,-0.4000202523339774
Y22E,-0.42792459308831055
Y22R,-0.44874988391399495
Y22G,-0.5176106235232574
Y22K,-0.5896853264089372
