mutant,fitness
A246S,0.16831390224051268
A246T,-0.06997878452229063
A246G,-0.14113960720546376
A246V,-0.35196690010554027
A246N,-0.7060017811668201
A246E,-0.9244451506057441
A246Q,-1.0023229274500356
A246D,-1.0523771128206079
A246P,-1.0701826782544535
A246M,-1.0719841827778889
A246C,-1.1070693060308476
A246I,-1.24832951136281
A246L,-1.2513506402506982
A246H,-1.3366555175526327
A246F,-1.4427060644874936
A246K,-1.6817847758682145
A246Y,-1.6987919807606269
A246R,-1.7889243270202846
A246W,-1.924488877609654
