mutant,fitness
Y249R,1.7473243619897403
Y249T,1.6276404484858145
Y249W,1.551888710292491
Y249V,1.5432590047775163
Y249H,1.524233203005816
Y249N,1.5144364111640702
Y249I,1.494629066913186
Y249Q,1.4734407169518486
Y249S,1.3947122721893421
Y249F,1.3714720055218352
Y249L,1.2945480942012597
Y249K,1.2937508766168895
Y249A,1.1993924451100755
Y249G,1.166009884120434
Y249M,1.0698111071723668
Y249E,0.9652830911618453
Y249C,0.8147459190344274
Y249D,0.718006709780445
Y249P,0.3546070996359582
