mutant,fitness
V245I,0.9997648492367857
V245A,0.7031473655912777
V245T,0.6125955226832737
V245M,0.10985980601114137
V245L,0.05230182632970712
V245N,0.024348065882553838
V245S,-0.05906621887919719
V245Q,-0.1308842982516253
V245E,-0.2830573180235959
V245D,-0.33370874220732943
V245F,-0.41273665415547534
V245G,-0.4622404090384184
V245C,-0.5872102435910462
V245H,-0.6334856167901097
V245Y,-0.860552877143195
V245K,-1.1070820066152778
V245R,-1.1251146466606357
V245P,-1.1458276351380277
V245W,-1.2868216591213337
