mutant,fitness
P243S,-0.46131007289478637
P243A,-0.5359454853981616
P243T,-0.6623539349491943
P243G,-0.9347273639694418
P243V,-0.9743775622491471
P243L,-1.0907084373389049
P243Q,-1.256934031055714
P243I,-1.2903372606732753
P243N,-1.3508650811364884
P243H,-1.4845234085914805
P243M,-1.539957656980309
P243E,-1.579258427620915
P243F,-1.6221555535038945
P243R,-1.6932417518789098
P243C,-1.712421239747388
P243D,-1.774077416346324
P243Y,-1.875805387762233
P243K,-1.9120467778331838
P243W,-2.0523733890746634
