mutant,fitness
L293V,1.460957487579695
L293I,1.2332706860557259
L293M,1.1136039344791366
L293A,1.0436174248039123
L293T,0.9443281128588448
L293S,0.7622405617218941
L293Q,0.6711376554159553
L293F,0.6648756346240204
L293N,0.5141682796343938
L293G,0.2959555266425192
L293E,0.27088214552033885
L293Y,0.0946944405310169
L293D,0.09212254827727911
L293H,0.053302304996426464
L293W,-0.13811161371722191
L293C,-0.14973316106538717
L293K,-0.20570293198513825
L293R,-0.24342189137998432
L293P,-0.3646509962690674
