mutant,fitness
F289L,0.6878718689473182
F289Y,0.4402484873068819
F289V,0.20899834276583273
F289I,0.19816472739408825
F289M,0.15895405264868676
F289A,0.02110321757704224
F289S,-0.044544772830505536
F289H,-0.14367593736624235
F289T,-0.20611423553996266
F289N,-0.2782913546271832
F289W,-0.2886547458780714
F289Q,-0.38174682032310614
F289C,-0.40697553657092606
F289P,-0.5425516255235538
F289G,-0.6402188298999498
F289D,-0.7887017968765845
F289E,-0.86557790490799
F289R,-0.8923697506829439
F289K,-1.0165851902317689
