mutant,fitness
F250Y,1.4242526785845528
F250L,0.7391666801700056
F250W,0.6549413430397727
F250H,0.5401302211991373
F250S,0.5002521791799716
F250A,0.4660973812781825
F250M,0.4298091310349927
F250T,0.27051573160570397
F250N,0.22919712452731733
F250Q,0.2185300450919469
F250V,0.15577670020303003
F250G,0.10557833272941229
F250I,0.08408692070928973
F250C,0.06720134195760169
F250P,-0.14894845005268156
F250D,-0.28893424653269806
F250E,-0.3125404295635017
F250R,-0.5104246279618843
F250K,-0.579096606717756
