mutant,fitness
I244V,1.128497866751863
I244T,1.1054273887124504
I244L,0.8817158779027685
I244M,0.7553795457889515
I244A,0.4986388115064029
I244S,0.2604738413124106
I244F,0.1875848089251413
I244N,0.02964313304424157
I244Q,-0.11589361385739945
I244C,-0.19573679616072542
I244H,-0.47110141815517653
I244Y,-0.475899034427102
I244E,-0.594600570540522
I244G,-0.6013716509733977
I244D,-0.8660181972026384
I244W,-0.9471008310320931
I244K,-0.9585590735469025
I244R,-1.0611089411282302
I244P,-1.4358063619997399
