mutant,fitness
P291A,0.6945194067487529
P291S,0.6484775086762622
P291T,0.2885873969327094
P291G,0.12696730866468603
P291Q,0.10033001295429662
P291N,0.07434593026291586
P291H,0.07036097074000866
P291L,0.03787872035028106
P291V,0.019633971038913345
P291M,-0.11049785256993583
P291F,-0.13075032147017773
P291I,-0.18337119899663196
P291D,-0.25911684582666694
P291R,-0.26771830175362127
P291Y,-0.27544118149717334
P291C,-0.3059658403644454
P291E,-0.3548373182240936
P291W,-0.376992421141066
P291K,-0.4157257654139177
