mutant,fitness
V240I,1.480161740373385
V240L,1.1210391047556936
V240M,0.9316464109957141
V240F,0.6106786633645169
V240T,0.5566488400281986
V240A,0.33264828618497727
V240C,0.1129984656516154
V240S,0.03384840455112473
V240Y,-0.10359597381081496
V240Q,-0.18597585446840315
V240N,-0.2705801549201108
V240H,-0.30497418027851514
V240W,-0.3902982154488197
V240G,-0.5734514157677595
V240E,-0.6219538276645575
V240D,-0.8730639923650627
V240R,-0.8803637818921397
V240K,-0.898677366733706
V240P,-1.2143531760862496
