mutant,fitness
F292L,0.9686064889930917
F292Y,0.9301093284385362
F292M,0.8752220966399772
F292A,0.7869613102771773
F292V,0.6688174468804219
F292S,0.625766717677197
F292I,0.5015185621653654
F292T,0.43691998532168785
F292G,0.3915657477487552
F292C,0.3749411845580025
F292W,0.31123625194217097
F292H,0.25206792341408346
F292N,0.22683501812852136
F292Q,0.13912742153305824
F292R,-0.2382215371623938
F292E,-0.28822022832324323
F292K,-0.3512390577666672
F292D,-0.362614261924171
F292P,-0.8811587991136975
