mutant,fitness
N239S,0.171999780986489
N239G,-0.03284930900007332
N239D,-0.1370637350189817
N239H,-0.1520672490226165
N239Q,-0.20554348274643913
N239A,-0.3108936015122852
N239T,-0.39218236906085224
N239L,-0.4776855586041534
N239M,-0.4855709962107927
N239E,-0.582992330832772
N239C,-0.7877866817972456
N239F,-0.862138660323638
N239I,-0.8667406692578017
N239Y,-0.8964567791427377
N239V,-0.9292525408822102
N239K,-1.0157707862957353
N239R,-1.1067249022396568
N239W,-1.5254892097144532
N239P,-1.7916327183002276
