mutant,fitness
R242A,-0.31945514894789595
R242G,-0.4311436112002393
R242K,-0.4524823258601355
R242S,-0.5154986302728135
R242Q,-0.5837311035219559
R242T,-0.7009836551993416
R242H,-0.9025578170653248
R242N,-0.9375394190427532
R242L,-1.024991990278454
R242M,-1.0283509218200315
R242C,-1.0680887400811558
R242V,-1.1423487266451913
R242E,-1.2094833309217101
R242I,-1.3326889914087763
R242D,-1.4062180642013635
R242W,-1.4813415137753045
R242F,-1.6001826681666391
R242P,-1.6805471823665286
R242Y,-1.7433682061951745
