mutant,fitness
L241I,1.1112281726063709
L241V,0.7070978362627075
L241M,0.4304461735756392
L241F,0.1605195231460951
L241T,-0.08363892538790091
L241A,-0.3162691654334783
L241Y,-0.3432526725083407
L241C,-0.6816274858877294
L241W,-0.6908455571160501
L241Q,-0.6952676480295422
L241S,-0.8435396199527899
L241N,-0.9503982325071845
L241H,-0.9890513999785933
L241E,-1.1191964205022151
L241G,-1.2379868635174898
L241K,-1.6091347692370004
L241D,-1.6570030752843596
L241R,-1.7186757381685482
L241P,-1.8255245819574908
