mutant,fitness
I238L,1.8462409079047493
I238M,1.5241701480564702
I238V,1.114548287807508
I238Q,0.8531872347469686
I238F,0.8340679179179046
I238N,0.8162263431341436
I238A,0.7486185807628367
I238S,0.7081814863454612
I238T,0.7006099087762248
I238C,0.5461626821257983
I238G,0.4356451740821965
I238H,0.39724074849056734
I238Y,0.36189121987703626
I238E,0.201458691217696
I238W,0.026546066341125635
I238D,0.018506122650494075
I238R,0.017656087819822697
I238K,0.01731286003798979
I238P,-0.5841090981278697
