mutant,fitness
I247V,1.393736649258563
I247T,0.8522465814826617
I247L,0.5516244119771221
I247A,0.5515192477842862
I247M,0.2598628722718456
I247S,0.20025711943479346
I247N,0.08136119068459659
I247C,-0.06925529332623803
I247F,-0.13494524111316775
I247Q,-0.579778050846608
I247G,-0.6417498090179656
I247Y,-0.6701663115654745
I247E,-0.7818036922123586
I247H,-0.9058628596368024
I247D,-1.0031811393927361
I247P,-1.1247331335018014
I247W,-1.167514762510178
I247K,-1.2258278940976128
I247R,-1.3337819323470186
