mutant,fitness
P401V,-0.09402965391098825
P401A,-0.24482659901859763
P401T,-0.29193179177819095
P401S,-0.31550735267621877
P401L,-0.3240230675703325
P401I,-0.3340111201806844
P401M,-0.6679414734559314
P401F,-0.8329682780696013
P401G,-0.8993201951203547
P401N,-1.0663799200082662
P401Q,-1.0693892460835377
P401C,-1.2362124948148114
P401R,-1.2530094041001862
P401H,-1.2560717444316578
P401Y,-1.3104160788468824
P401E,-1.3894289274280736
P401K,-1.3950919670221753
P401D,-1.4503824766198483
P401W,-1.5093083741042599
