mutant,fitness
M400I,1.6325203473604608
M400V,1.3997950950741882
M400L,1.2620965440680834
M400F,0.987016770768575
M400T,0.8242865987723003
M400A,0.6978151110983617
M400Q,0.5052105631032695
M400S,0.493114687751416
M400Y,0.4641378459759078
M400N,0.3586098843484353
M400R,0.2801214422920979
M400C,0.24730894155720418
M400K,0.19763127956451826
M400W,0.1698594371930469
M400H,0.1242018377116347
M400E,0.062300790611599016
M400G,0.03454129412968643
M400P,-0.21426628628232325
M400D,-0.28659971271806745
