mutant,fitness
L70V,1.559679757453502
L70M,1.5319189144145464
L70A,1.5172265394665891
L70I,1.467945868804355
L70F,1.3345096249754829
L70T,1.186108205379535
L70S,1.0717785669966735
L70Y,0.8688014132684527
L70Q,0.8464641812141585
L70P,0.7417251471502428
L70G,0.7299115913317311
L70W,0.7039782729984663
L70E,0.5944938281566747
L70N,0.5810206516862806
L70H,0.4640262500349429
L70R,0.3865924773916144
L70K,0.2190187193453446
L70C,0.21533492711779134
L70D,0.21415556877113795
