mutant,fitness
F79L,1.0691627527726482
F79T,0.7203449980529362
F79I,0.5755387255691862
F79M,0.5621125306631879
F79V,0.5356414972217597
F79Y,0.4515363526055247
F79S,0.09290854731940623
F79A,0.0771233839637774
F79W,0.062279036261578116
F79Q,-0.1466718383883653
F79H,-0.2584264107474017
F79N,-0.3959615525998207
F79C,-0.4222627815668471
F79G,-0.6850334448800277
F79R,-0.7239399426424573
F79E,-0.7261561857606664
F79D,-0.8786360441328169
F79K,-0.97591935053036
F79P,-1.4012262894768126
