mutant,fitness
V74I,1.5739520344956488
V74L,1.3542261832587195
V74M,1.0299044380375455
V74F,0.8799330905861765
V74T,0.8054165255787226
V74A,0.7878352930772394
V74Y,0.29509684984984297
V74S,0.2913573848230935
V74W,0.12124404061824834
V74Q,0.022063578529004535
V74N,0.01334827386083387
V74E,-0.0245429099173744
V74H,-0.09925547558895823
V74G,-0.10739068689898167
V74D,-0.12338633923266829
V74C,-0.3653417282025735
V74R,-0.3928898993310828
V74K,-0.4823917462777355
V74P,-0.5323084308505522
