mutant,fitness
L78I,0.6973199930220788
L78M,0.5817216672172582
L78F,0.5361930257333057
L78V,0.4584852331089762
L78T,-0.09407334076182738
L78A,-0.17213422337441592
L78Y,-0.3214873941748324
L78Q,-0.4845894268568852
L78S,-0.5658399124273723
L78W,-0.5940636660866236
L78C,-0.616523426636868
L78H,-0.6288483402379695
L78N,-0.7589438199250415
L78R,-0.9277631176782385
L78E,-0.9873054615341901
L78K,-1.1703157317461976
L78G,-1.2112264126707744
L78P,-1.239234575366106
L78D,-1.2720838864380044
