mutant,fitness
Q85H,1.2994308577042255
Q85L,0.8136170977315226
Q85M,0.6002577461577743
Q85I,0.5685147542502943
Q85A,0.5427962687675497
Q85F,0.5054602422774729
Q85T,0.4972803770751689
Q85V,0.46993632525024137
Q85E,0.42859940181556766
Q85N,0.37149184689792847
Q85S,0.36647831192425373
Q85Y,0.1506404782260633
Q85P,0.11876313286948312
Q85G,0.07486160747545453
Q85R,0.03307963834215141
Q85D,-0.07573134811636235
Q85W,-0.1988088174635126
Q85K,-0.20107077751286143
Q85C,-0.4159275136953483
