mutant,fitness
A187S,1.2353732419660504
A187T,0.9014202318561689
A187G,0.4323573247118526
A187V,0.40606360990327967
A187C,0.05093977047425691
A187F,-0.0384992483339021
A187I,-0.06463028769418416
A187L,-0.07315846220414263
A187E,-0.106983123059996
A187D,-0.3108854238488565
A187Q,-0.37113680837500873
A187M,-0.43071733737991014
A187N,-0.4525258151370716
A187Y,-0.6770823257771883
A187W,-0.9938640438501072
A187H,-0.9939147820738865
A187R,-1.0071611507781832
A187K,-1.212499616936538
A187P,-1.438523592361011
