mutant,fitness
I190V,1.5299241523146647
I190L,1.202123962837006
I190M,0.9847174069468326
I190T,0.1321739893533449
I190F,0.07982508280417572
I190A,0.06040619302870698
I190Q,-0.18868047058759216
I190S,-0.24043665962859845
I190E,-0.26096555293673623
I190N,-0.3406532538100198
I190R,-0.38868743998436384
I190Y,-0.4247325036217731
I190G,-0.48268210743234746
I190C,-0.5308990305636073
I190K,-0.5919647316252072
I190H,-0.6264932261945453
I190D,-0.6516163273266009
I190W,-0.7661323976946747
I190P,-1.2256323231734347
