mutant,fitness
I186V,1.6202459276363055
I186L,1.1270104387439415
I186M,0.6415822953626567
I186T,0.2066134994386613
I186F,-0.010413911199050774
I186A,-0.09578534263966743
I186Y,-0.44740957999179226
I186R,-0.45979460436702174
I186S,-0.46630875420145085
I186C,-0.48228471734857364
I186Q,-0.5819585102202063
I186N,-0.6266696366550675
I186G,-0.661812269140538
I186K,-0.700600761801935
I186E,-0.7648399007548285
I186H,-0.7902933818700622
I186W,-0.9878132818903624
I186D,-1.0551460850457597
I186P,-1.1499540825352352
