mutant,fitness
A191T,1.4741359047068265
A191S,1.4209183967418575
A191F,1.074104008142914
A191M,0.9022999260496909
A191L,0.8769358679773681
A191C,0.8573825596003238
A191V,0.7415294497595929
A191Y,0.5637677333430597
A191Q,0.42317775178003114
A191I,0.37709224917305817
A191W,0.3525039356822768
A191E,0.32727054710003045
A191G,0.30000624143441523
A191N,0.24670032237343462
A191H,0.15466335978460327
A191D,0.06624075515683853
A191P,-0.15055113050449584
A191R,-0.27948425508877556
A191K,-0.3086066389953148
