mutant,fitness
F70Y,1.2842458561672774
F70W,0.7104505939798476
F70L,0.5890418970224847
F70H,0.2406671670075765
F70V,0.19462515441487488
F70A,0.18021378830096738
F70S,0.17884356938796006
F70G,0.13797068040198623
F70M,0.0697150790975899
F70R,0.04456951608512366
F70I,-0.02982804254861289
F70Q,-0.1238969786486882
F70C,-0.1505874095276682
F70T,-0.1700679227870836
F70E,-0.17256823174690972
F70N,-0.25481141237591276
F70D,-0.32388871551601445
F70K,-0.36552021045690075
F70P,-0.6195890981364648
