mutant,fitness
W263F,1.8950535783721183
W263Y,1.1392391134659916
W263L,0.8407355199324595
W263V,0.8308033996120403
W263M,0.5100778680199188
W263C,0.4112618474968508
W263I,0.3717210724294695
W263Q,0.2185589229251522
W263R,0.21773980562407863
W263A,0.17835702297694586
W263T,0.11520064592765591
W263S,0.07770210616114785
W263H,0.00525901446660651
W263E,-0.059043335472427294
W263N,-0.2746031884694304
W263G,-0.3306053903385945
W263K,-0.3955658930873753
W263D,-0.8507174953919203
W263P,-1.085130521390649
