mutant,fitness
V183I,1.6210945864392987
V183L,1.3863846373703907
V183M,1.1482324893339855
V183A,0.49998378031291985
V183F,0.4916382151081703
V183T,0.4232306332856663
V183S,0.1304575199317607
V183G,-0.040803222076959696
V183N,-0.06421935632696713
V183Y,-0.18726076754789328
V183Q,-0.1931683867725039
V183C,-0.24667810990601924
V183W,-0.28464749621506963
V183E,-0.31409294689679074
V183R,-0.36903388929214787
V183D,-0.42627515105992386
V183H,-0.5284260493833789
V183P,-0.5550876177028152
V183K,-0.7656384697129366
