mutant,fitness
W217F,1.2984842385536952
W217Y,1.1843496212310147
W217V,0.1273020853655509
W217L,0.10913892009335388
W217A,-0.20013668102278698
W217H,-0.2143305342366495
W217G,-0.23101949952012288
W217S,-0.3031864282996707
W217I,-0.40562656233727046
W217M,-0.41400045329408597
W217Q,-0.4232614934781419
W217C,-0.46870160300909025
W217T,-0.55908618760691
W217P,-0.5932975849178466
W217R,-0.6938408543668334
W217N,-0.7232599523940496
W217E,-0.8452277497823818
W217D,-0.983625995148738
W217K,-1.150107375836825
