mutant,fitness
W63Y,1.1759271205584114
W63F,1.17178531827018
W63L,0.45309520789775126
W63R,0.4500092751198296
W63H,0.36579147607917684
W63A,0.32442891051047545
W63Q,0.3205540782110896
W63S,0.2656898675226834
W63G,0.04607440314649597
W63T,0.01795640883305094
W63M,0.0016088292746375132
W63N,-0.04653908163332121
W63V,-0.04908849407271873
W63C,-0.1656422462746185
W63K,-0.17406085651304737
W63E,-0.1802018038571661
W63I,-0.24150594597186498
W63D,-0.2636485647222842
W63P,-0.8027408341854901
