mutant,fitness
W263F,1.8950535783721183
V183I,1.6210945864392987
I186V,1.6202459276363057
I190V,1.5299241523146647
A191T,1.4741359047068263
A191S,1.4209183967418575
V183L,1.3863846373703907
W217F,1.2984842385536952
F70Y,1.2842458561672774
A187S,1.2353732419660504
I190L,1.202123962837006
W63Y,1.1759271205584114
W217Y,1.1843496212310147
W63F,1.17178531827018
V183M,1.1482324893339857
W263Y,1.1392391134659916
I186L,1.1270104387439417
A191F,1.074104008142914
I190M,0.9847174069468326
A187T,0.9014202318561688
