mutant,fitness
P47S,0.39773759115110896
P47N,0.3019527506463626
P47D,0.2530197091254494
P47A,0.185101188107345
P47Q,-0.08475223647171967
P47T,-0.09180189832344737
P47H,-0.20940378834406595
P47E,-0.23503432039748948
P47L,-0.2400075725672542
P47R,-0.25184638001566384
P47G,-0.33966600555893156
P47K,-0.3597374495760115
P47V,-0.5372625765728909
P47F,-0.5921727218773185
P47C,-0.7439852162803887
P47I,-0.7861032854691916
P47Y,-0.8090663969572207
P47M,-0.9971363329380445
P47W,-1.1130327877671486
