mutant,fitness
D215E,1.238817625826572
D215A,1.1081835947473748
D215T,1.038906515431767
D215N,1.0093656290582247
D215Q,0.8820025787642087
D215S,0.8720627630795947
D215K,0.7803882715863669
D215V,0.6841569303995569
D215R,0.6470940600526994
D215G,0.49991394342149986
D215I,0.26741952959632387
D215H,0.24989961387330573
D215L,0.2434041540542827
D215P,0.2125048271147253
D215F,0.040653154147164035
D215Y,0.03244367707323253
D215M,-0.11040290653129414
D215C,-0.18686013658546047
D215W,-0.46826618307417484
