mutant,fitness
L290A,0.6361984516067477
L290F,0.4891860986004483
L290M,0.48187675019274245
L290V,0.4402595930942614
L290Q,0.3657493972786994
L290I,0.34541581515917386
L290S,0.1222550226570773
L290T,0.0033203771601931706
L290Y,-0.003567004610747458
L290N,-0.04109778130313023
L290R,-0.06818817990225604
L290G,-0.1015282642899901
L290E,-0.15828265663193322
L290H,-0.23984352192851935
L290W,-0.31081336040774954
L290K,-0.3365922171465966
L290D,-0.4684404460850204
L290C,-0.4733593912422612
L290P,-1.138557871859121
