mutant,fitness
T318K,1.093190175410941
T318P,1.0416794207534381
T318A,1.0344931760549039
T318Q,1.0036825645449077
T318E,0.9405179985563538
T318S,0.9201182749989129
T318R,0.7153842863079722
T318D,0.6689368553614132
T318V,0.6551286044431829
T318N,0.5476695980181746
T318G,0.316278234299658
T318I,0.16653653763272627
T318H,0.15444580138351433
T318L,0.13389455524294244
T318M,-0.10021608302569973
T318Y,-0.6830201848256795
T318F,-0.7015013139439914
T318C,-0.8678420580682904
T318W,-1.1182653195502816
