mutant,fitness
S174A,0.8402946957074647
S174G,0.38403673216916445
S174E,0.022512434926595992
S174N,0.0035821948368245926
S174T,-0.006792238115186096
S174D,-0.08205128464565696
S174Q,-0.10624655732419563
S174C,-0.22615204013095586
S174R,-0.494914801585192
S174L,-0.5522985077180889
S174M,-0.6482242748853506
S174H,-0.7422749435435565
S174Y,-0.7619892781400017
S174F,-0.8382050608101316
S174V,-0.8445290606764059
S174P,-0.9268117359530176
S174K,-0.9436106365192096
S174I,-1.049759137387621
S174W,-1.2984503292386913
