mutant,fitness
P179S,-0.3115782993066959
P179A,-0.3665770048376973
P179K,-0.8023116702154733
P179R,-0.8652295575321698
P179E,-0.9183330883334064
P179T,-0.9837647173569138
P179G,-1.0072293553993028
P179Q,-1.0433030513119077
P179D,-1.1438293614147703
P179N,-1.2304857004667347
P179H,-1.339222056162932
P179L,-1.352229032726148
P179V,-1.3725688987304492
P179I,-1.596103808005656
P179M,-1.8792946202132867
P179F,-1.8949028844547673
P179Y,-1.9080588302313095
P179C,-1.9723387069877363
P179W,-2.27041182646861
