mutant,fitness
S182T,1.0852002340486617
S182N,1.0593976271721142
S182D,0.9165670353704307
S182E,0.8551551144192058
S182Q,0.7721376528005541
S182A,0.7435981432109044
S182V,0.6625182469158377
S182F,0.6060752064212926
S182R,0.6004660938756771
S182L,0.5794025722658857
S182Y,0.4730117879184472
S182G,0.4386642770629612
S182H,0.4042463213008123
S182I,0.3163592448480363
S182K,0.3147498728407013
S182W,0.15951418679981663
S182M,-0.0009374803415179711
S182C,-0.05760084243261733
S182P,-0.5275203859881036
