mutant,fitness
G254A,-1.466896998490438
G254S,-1.6263953471687511
G254W,-1.9344022913049967
G254R,-2.0099640969212387
G254F,-2.053085089918985
G254D,-2.101717608481951
G254M,-2.21399392930849
G254E,-2.289579288944455
G254N,-2.307139714567705
G254Q,-2.3072113192093724
G254C,-2.347321109298327
G254Y,-2.427272530350743
G254L,-2.4292843327209432
G254K,-2.4926334938505796
G254H,-2.502507459541418
G254T,-2.567794143587582
G254V,-2.56826108878828
G254I,-2.7535424860227815
G254P,-2.817142744364703
