mutant,fitness
F321Y,0.9755300811883392
F321L,0.6484611432676434
F321H,0.5400328651070301
F321R,0.4243816813550487
F321K,0.39345033824222253
F321Q,0.3463278596715408
F321D,0.2851049646430737
F321N,0.2779435077059605
F321T,0.25248652194359233
F321S,0.1946104045205694
F321A,0.1739267412796698
F321V,0.1503951806841261
F321W,0.10161745206505128
F321E,0.07757974288446026
F321M,-0.05257399630153159
F321I,-0.0816956781138038
F321P,-0.39249273849372707
F321G,-0.4776617160248371
F321C,-0.5624722514558763
