mutant,fitness
G312A,0.6487916069161233
G312S,0.565579000072489
G312T,0.09516133405879246
G312F,0.01813569513691654
G312N,-0.029394616480721725
G312H,-0.08374980469756754
G312Q,-0.18630754116684034
G312Y,-0.23062163209614184
G312L,-0.24674307037799614
G312R,-0.26582501307460715
G312V,-0.3743390111117383
G312M,-0.4393478443692168
G312E,-0.4408141841755922
G312K,-0.47982405276613044
G312D,-0.49170944893311974
G312I,-0.5451271740788554
G312P,-0.7446274009783311
G312C,-0.753198509162537
G312W,-0.7710469175922818
