mutant,fitness
V320I,0.834272694458131
V320L,0.7174343673270205
V320T,0.5156209881140288
V320Q,0.20068489597855618
V320F,0.1713670834826238
V320A,0.16544649805728454
V320R,0.05243619356737362
V320Y,0.046205330511883025
V320M,0.03973493300934827
V320S,-0.01653783464223023
V320K,-0.15275717516088494
V320E,-0.2237545076414192
V320N,-0.2679841037035941
V320P,-0.3412540209883557
V320H,-0.4402754013484382
V320D,-0.5803195085230631
V320W,-0.6118411703439885
V320C,-0.8518123311248222
V320G,-0.87090370824202
