mutant,fitness
V242L,1.0936364140502257
V242I,1.0770556290198465
V242M,0.982690251301213
V242F,0.933757580230127
V242A,0.8410034610117202
V242T,0.5873965184828518
V242Y,0.42971745445530074
V242S,0.37182751346191645
V242W,0.313222649298458
V242R,0.21728985615949206
V242Q,0.13849385523540753
V242E,-0.04927182942313668
V242N,-0.19003397858115373
V242H,-0.2254279618317807
V242G,-0.2287358789966858
V242C,-0.2852521482857773
V242K,-0.3773023289952776
V242D,-0.38637149184916075
V242P,-0.6070609062187691
