mutant,fitness
A176S,0.7025722791908826
A176N,0.6202767821088186
A176K,0.5678044664985766
A176Q,0.5601856584864673
A176E,0.48503606918369896
A176R,0.4758060120338572
A176T,0.41415262709697465
A176D,0.40736449851750356
A176L,0.19447532799215003
A176G,0.10570897123661996
A176M,-0.05284600882466656
A176V,-0.1264281595290413
A176H,-0.20994029085589383
A176I,-0.3948443629214705
A176F,-0.6345932137186334
A176Y,-0.7218929084284507
A176C,-0.8390201408479487
A176W,-1.0723887099116727
A176P,-1.416558504542637
