mutant,fitness
E115T,1.3918625820051838
E115A,1.3313554624954769
E115L,1.298505355616842
E115Q,1.263941546185852
E115S,1.211056200656543
E115N,1.0908645285022849
E115V,1.056801850821568
E115G,0.9484582408148663
E115R,0.862912263932784
E115D,0.8518527451623654
E115H,0.8179467926817707
E115I,0.7832323596828195
E115F,0.7438270821121462
E115K,0.7096560821791242
E115M,0.6460162319879916
E115C,0.4961266191169559
E115Y,0.4494821466749892
E115P,0.09281137526979094
E115W,0.02559193979203802
