mutant,fitness
R48H,0.6157037577093206
R48S,0.5103289013400133
R48Q,0.23149930357553922
R48K,0.21080936368419584
R48A,0.14688663298206317
R48N,0.02717862422159878
R48T,0.020029818909705788
R48G,-0.06604548356630596
R48P,-0.06986749530706704
R48E,-0.10697324597687641
R48L,-0.12970543406082807
R48Y,-0.15004462517132788
R48D,-0.19458298070385657
R48V,-0.22082679390599808
R48C,-0.2603990395907595
R48F,-0.2617096100678965
R48I,-0.38643029653462385
R48W,-0.40619527386455023
R48M,-0.6331406464286162
