mutant,fitness
I175V,0.6364734238840837
I175M,0.3684979147027651
I175L,-0.02659368183092048
I175T,-0.32746018568373036
I175Q,-0.36756705415292495
I175K,-0.3801249775098552
I175R,-0.4624029560113865
I175A,-0.48453091733125114
I175F,-0.6854764049104998
I175E,-0.7028766842211399
I175N,-0.8773217203862049
I175S,-0.9676964522458961
I175Y,-1.0204480387835368
I175C,-1.144041131626296
I175H,-1.2765559528443222
I175D,-1.288279360693
I175W,-1.4652419603793847
I175G,-1.5475995696947455
I175P,-1.8950134753280765
