mutant,fitness
Y77F,0.9563274383064755
Y77H,0.6794959624285692
Y77N,0.3634708731575759
Y77L,0.2758692090982221
Y77S,0.2632746448504172
Y77A,0.2272645469000119
Y77T,0.22176340943001208
Y77W,0.14805581783844857
Y77V,0.1302791590308241
Y77R,0.09418216246606932
Y77Q,0.08087107567584118
Y77D,0.004667647290111071
Y77I,-0.014191422774411294
Y77M,-0.01899188499763957
Y77E,-0.07434171701060599
Y77K,-0.08317817917727978
Y77G,-0.1666871590899491
Y77C,-0.17131398345789134
Y77P,-0.7883299251213609
