mutant,fitness
G1M,1.9926081848080073
G1S,1.3386043626504227
G1A,1.3382759259195476
G1P,1.3101085105390626
G1L,1.1665975569279836
G1R,1.1013760997982045
G1T,1.092486313325427
G1D,1.0634263147460974
G1V,1.0584852702858192
G1E,1.0398863862804526
G1Q,1.0030402356985364
G1N,0.9675995121248606
G1K,0.9584722083562685
G1F,0.9391826265865537
G1C,0.9221467492466491
G1H,0.9169376658041642
G1I,0.9020812711767221
G1Y,0.7779430210770776
G1W,0.6367266752862168
