mutant,fitness
Q297A,1.6711286162854866
Q297E,1.4563230399622387
Q297D,1.4558386477355352
Q297T,1.3947887314648848
Q297V,1.3354266029632915
Q297N,1.2511977768317202
Q297K,1.2174516348645439
Q297L,1.1201859825153402
Q297S,1.0716614993300557
Q297I,1.0583692155503903
Q297R,1.0049499474920145
Q297G,0.9908103184016733
Q297P,0.9852558498081552
Q297H,0.7684275202180132
Q297Y,0.6577915176235838
Q297F,0.6376563048084304
Q297M,0.4843583066502459
Q297C,0.057441194657525424
Q297W,0.04129294809823468
