mutant,fitness
R98S,1.637307614669433
R98P,1.4762974495098924
R98T,1.4042281335694151
R98N,1.3952028503042588
R98A,1.389942632360649
R98D,1.3746200364040537
R98K,1.2545608934636405
R98E,1.219973522999369
R98Q,1.1618864157354862
R98G,1.0922358833887493
R98H,1.0639671472437038
R98L,0.9832033193272618
R98V,0.9166864208814315
R98I,0.8509130156553563
R98W,0.7059397596305909
R98F,0.6574430231351202
R98Y,0.6431805587312547
R98C,0.604122466773378
R98M,0.46283054077718033
