mutant,fitness
D204N,0.6250210234658499
D204S,0.18623984758259735
D204T,-0.4258018610509956
D204E,-0.5358733371234121
D204G,-0.5513194615784982
D204H,-0.6648125726512502
D204A,-0.7892418926515158
D204Q,-0.8474063012338255
D204C,-0.9167004269444099
D204R,-0.9258149394514601
D204P,-1.0409121520911786
D204K,-1.1534218848528845
D204V,-1.204926733263342
D204Y,-1.294773764508352
D204L,-1.3862234797038597
D204I,-1.405973323554427
D204F,-1.4506892875382702
D204M,-1.5684382159379768
D204W,-1.753312589786172
