mutant,fitness
F168Y,1.2878044450036796
F168W,1.1578986761866221
F168L,1.0675466549708679
F168H,0.9475696364782327
F168A,0.9116266380789735
F168N,0.8831892367522549
F168R,0.789289139641566
F168K,0.7002474659418989
F168Q,0.6620341361669304
F168S,0.6078898906515433
F168V,0.591394679365926
F168I,0.5634732931473141
F168E,0.531404488582901
F168M,0.44743469591419127
F168D,0.3124113974410869
F168T,0.2960739381722003
F168G,0.1296630743394604
F168C,-0.07605744273338322
F168P,-0.8980173382660892
