mutant,fitness
Y192F,0.9260803487979405
Y192L,0.5199185926746226
Y192I,0.4560366884830713
Y192M,0.43784929511530657
Y192V,0.4105461544190561
Y192A,0.3799656265454188
Y192W,0.2005226476056733
Y192Q,0.16153058851855565
Y192H,0.1326731020834493
Y192T,0.10313245439492172
Y192S,0.07693981483806604
Y192N,0.003409892813472905
Y192R,-0.12779382512799883
Y192C,-0.24465143404138318
Y192K,-0.4069365257852806
Y192E,-0.4433640091067654
Y192D,-0.47322578403979826
Y192G,-0.5588426798976618
Y192P,-0.7746176828984261
