mutant,fitness
L99A,0.8770323351775845
L99K,0.844166868610995
L99R,0.8357994628066486
L99Q,0.7687019233697678
L99F,0.7091038045846058
L99E,0.7079358674198584
L99S,0.6641045905515628
L99G,0.5413048922289704
L99D,0.5093984060428107
L99N,0.4902564987207924
L99M,0.47598568143379005
L99T,0.46213117853272245
L99I,0.4340916920795507
L99Y,0.3699572117380711
L99V,0.3034211978717847
L99H,0.24037528267390224
L99W,0.04809972296103297
L99C,-0.0839193556901108
L99P,-0.22215187711549153
