mutant,fitness
G5P,1.3777264134466756
G5A,0.8782463709704185
G5S,0.7269868523138803
G5L,0.6384886651484967
G5T,0.5672723625713606
G5R,0.5423997306224083
G5E,0.4480617692958261
G5V,0.3717808329435182
G5K,0.36139964569721394
G5Q,0.2928250517459048
G5D,0.25046464754719344
G5N,0.21099648750653224
G5H,0.15452960540690747
G5I,0.1257819074295172
G5F,0.029318650084987893
G5M,-0.12458957845038214
G5C,-0.13304958619986956
G5Y,-0.2805663941448069
G5W,-0.4332415037182376
