mutant,fitness
L309F,1.0506719355403304
L309M,0.4313595888037439
L309I,0.3642548251913191
L309V,0.3549358114120677
L309Y,0.31653786059759415
L309A,-0.039820016888718376
L309W,-0.08995793182070744
L309T,-0.29323477978613377
L309Q,-0.6135456852612506
L309S,-0.6735246951821586
L309H,-0.7217153291067444
L309C,-0.778175437754665
L309G,-0.8615766023290703
L309R,-0.8719213659063052
L309E,-0.9248890097735272
L309N,-0.9924428012889371
L309K,-1.236655349676207
L309D,-1.377924412419207
L309P,-1.7385700571951066
