mutant,fitness
N151K,0.9299311544969937
N151D,0.8661698659345007
N151R,0.7788016510587037
N151A,0.7370451771373816
N151Q,0.7223312678985893
N151T,0.7181094445189358
N151S,0.6763158368143695
N151E,0.6452858345084977
N151I,0.4816050751305156
N151L,0.4443903537902869
N151V,0.42187007282742006
N151G,0.4126954577285545
N151H,0.3467862059845873
N151M,0.28364754578481277
N151Y,0.18869635763005443
N151F,-0.04517438005229407
N151C,-0.18815251627809831
N151P,-0.2782590481247762
N151W,-0.4277290808632666
