mutant,fitness
D173E,1.222397638980116
D173Q,0.9546827944091206
D173N,0.6882298529766562
D173H,0.381283583036329
D173T,0.3718521718054608
D173R,0.24288980377643918
D173A,0.16377621833949074
D173S,0.1559675894393579
D173K,-0.04325362117054023
D173L,-0.08750701242745386
D173Y,-0.12981346378216513
D173V,-0.2599869627118714
D173M,-0.28733699658860345
D173F,-0.3828353137252894
D173G,-0.38383236744082516
D173I,-0.4334808262003895
D173W,-0.5276677047290513
D173C,-0.9147948470470085
D173P,-1.670533182363472
