mutant,fitness
A130F,0.9696931952846826
A130S,0.8826291517387276
A130D,0.817614232853626
A130L,0.7135679569508586
A130V,0.7037240761419234
A130I,0.7030201178174729
A130T,0.6884417203854736
A130E,0.5946579885818475
A130Y,0.5237770557515398
A130N,0.40042036655662283
A130R,0.32500080089327443
A130G,0.3146755671007514
A130H,0.2781315800532894
A130Q,0.27672305247610096
A130K,0.2577662072032514
A130M,0.2251275512912284
A130W,0.17194676757797167
A130P,0.07464121793626502
A130C,0.022992483896901575
