mutant,fitness
F231H,1.3158460488131838
F231Y,1.245390367002137
F231W,0.9846032880996155
F231N,0.9087596486638969
F231C,0.6585055452114867
F231S,0.5527638035882834
F231A,0.4210470224276053
F231R,0.41817643130665483
F231T,0.41597358024042475
F231V,0.4031510738485659
F231D,0.37252895402035524
F231Q,0.34584369479264454
F231L,0.27435607775461424
F231G,0.22764013500194125
F231E,0.15441705426006633
F231M,0.12372002455261952
F231K,0.11745737465731351
F231I,0.04718375114578438
F231P,-0.17915552808535
