mutant,fitness
I30L,1.0262369772521787
I30V,0.9429616998725395
I30T,0.5078943352417086
I30Q,0.4774214917316671
I30M,0.46143851278210746
I30A,0.36560276390472934
I30E,0.36513830436606676
I30K,0.3291477643020434
I30R,0.30021538456564334
I30S,0.23174741221799364
I30F,0.2092524426486058
I30H,0.19335592704357896
I30N,0.18670411072677312
I30Y,0.07144021349755493
I30D,0.05099150601453789
I30C,-0.14058302414103133
I30G,-0.18231105011173404
I30W,-0.2785726566205646
I30P,-0.5275793624851837
