mutant,fitness
N38D,0.2688522457394714
N38S,-0.18582529014596175
N38T,-0.4175107098033879
N38Q,-0.4385849800008291
N38A,-0.47077683271970744
N38H,-0.5136256617317949
N38E,-0.5261673675862673
N38G,-0.5405206495353778
N38C,-0.6706687145549617
N38R,-0.8306278437865521
N38K,-0.9251011636340518
N38Y,-1.124619446942812
N38V,-1.1418968335446698
N38L,-1.2091322469855001
N38I,-1.2484344136966996
N38M,-1.2643661899281324
N38F,-1.27848517418716
N38W,-1.3672064880829973
N38P,-1.3903041432429186
