mutant,fitness
F308Y,1.2193131981565721
F308L,1.0596410714816007
F308A,0.990161515350565
F308I,0.8827329384542375
F308R,0.8095993410103843
F308N,0.7602470693966459
F308V,0.7006434951341334
F308S,0.6933101334238028
F308H,0.6915528695199287
F308W,0.6499345705691135
F308M,0.6342457077330839
F308T,0.5927103793349624
F308K,0.48909322750615736
F308Q,0.4028638622676196
F308D,0.2078085002390042
F308G,0.16137639878190538
F308E,0.14184268647000325
F308C,0.00485721151073526
F308P,-0.5730836905951067
