mutant,fitness
F119L,0.8209374884490447
F119I,0.6351917648748752
F119V,0.6204023414637411
F119Y,0.5950950270220543
F119M,0.248771056723446
F119A,0.18846381219596156
F119W,0.14396303849819592
F119S,0.08765426402141158
F119C,0.04918853573092509
F119T,0.00833142671088588
F119G,-0.19021091041398583
F119H,-0.20505917901257625
F119N,-0.2502459987535938
F119Q,-0.41168173765411165
F119P,-0.446819592966612
F119E,-0.5434880788964114
F119D,-0.580876339257929
F119R,-0.739902224571769
F119K,-0.8672921522904641
