mutant,fitness
S270A,1.7510436596222037
S270G,1.2150520979319464
S270P,1.1545680204736606
S270T,0.7318313122347857
S270D,0.5430242055586422
S270E,0.4094987366728385
S270N,0.3042940027044947
S270Q,0.27114300517670537
S270V,0.21545865748923804
S270L,0.14853564745392522
S270F,0.11880180984554961
S270W,-0.08385788498921651
S270R,-0.1167867573320398
S270I,-0.12642821662247558
S270C,-0.15195242962562888
S270Y,-0.15228328323175233
S270H,-0.2142556736369668
S270M,-0.3088205089495105
S270K,-0.3323146072769554
