mutant,fitness
G316N,1.7378822160308607
G316D,1.3034473892140337
G316P,1.2909071055377828
G316S,1.2474609731166475
G316A,1.069090903767378
G316K,1.0432825553364347
G316Q,0.9915483295322576
G316E,0.9486758599101943
G316T,0.9389455925704842
G316R,0.8569165205157158
G316H,0.6146946716648158
G316V,0.10337235436780645
G316L,0.01120127523046896
G316F,-0.24110544634263853
G316M,-0.3155012552086773
G316C,-0.3850131811479667
G316I,-0.4107244609335122
G316Y,-0.43692729965154814
G316W,-0.8640930186071178
