mutant,fitness
N9D,1.7868267223932524
N9S,1.0917659039482444
N9A,0.8435595435871459
N9E,0.842171364084284
N9Q,0.6873230576962587
N9H,0.6318944496485889
N9T,0.5896115360690228
N9C,0.5463161186202308
N9V,0.5270886649053954
N9K,0.5260085783942396
N9R,0.5238141785184458
N9F,0.5230446322270704
N9Y,0.4942956065189273
N9G,0.4374489569644847
N9L,0.3390113156513573
N9P,0.3197223666991052
N9I,0.2500968068701116
N9M,-0.1420979117346649
N9W,-0.17459889100954493
