mutant,fitness
E120N,0.27941244398878196
E120Q,0.2415469599819983
E120D,0.23250583923527565
E120A,-0.025147142200094397
E120H,-0.05260567811058259
E120T,-0.0881096854762079
E120S,-0.10347455633904135
E120L,-0.28614226597831005
E120V,-0.3756429054880104
E120G,-0.3859647494375722
E120K,-0.4090406802994707
E120R,-0.45223758637320244
E120I,-0.5731305997190904
E120C,-0.6600888345857754
E120Y,-0.6747202490292243
E120M,-0.674814615576846
E120F,-0.7121129271319673
E120P,-0.8998966301909737
E120W,-0.9545951239096129
