mutant,fitness
V244A,1.7643590595756307
V244Q,1.6493302557337395
V244E,1.5923818049354028
V244T,1.5532589305952493
V244K,1.5051786206096849
V244D,1.4536810559400926
V244R,1.437953122339847
V244S,1.3529600196454563
V244N,1.2210786272305278
V244L,1.114946212992347
V244I,1.0724131828938201
V244G,1.041893957836725
V244H,0.9752260391457568
V244M,0.8324530397925827
V244Y,0.7934836993760649
V244F,0.7588898372098107
V244P,0.6208653753469603
V244W,0.33387563403513143
V244C,0.14630281083763363
