mutant,fitness
A191S,1.0176269901473796
A191G,0.581918262386798
A191T,0.5250950706358783
A191V,0.21615498074529693
A191N,0.1517024474464988
A191L,0.12536163070221346
A191D,0.09992920939311589
A191Q,-0.038610838973592715
A191H,-0.08567966942183552
A191E,-0.11686866500897775
A191F,-0.21055629392779313
A191M,-0.22539445267701572
A191C,-0.2509890428255269
A191R,-0.26954100982504675
A191Y,-0.2713111172892172
A191I,-0.3890937120252529
A191K,-0.5687094315018704
A191W,-0.8383442770656326
A191P,-1.0121812626879534
