mutant,fitness
F186V,1.2957097209774677
F186L,1.2347347213929605
F186A,1.1876117592718571
F186I,1.1412547005988765
F186T,0.9919314252298757
F186S,0.8941597134884147
F186N,0.7602348629697065
F186P,0.750606508748931
F186H,0.7180040821471094
F186Q,0.6954949129628155
F186G,0.6392447547894285
F186Y,0.6283562658957569
F186W,0.6027651584847742
F186R,0.589894464871023
F186M,0.5847494737531505
F186E,0.4295280757402776
F186D,0.39382259977250766
F186K,0.3108836238986283
F186C,-0.14555534259667982
