mutant,fitness
L81I,0.6601884244518861
L81V,0.5257457464175586
L81M,0.2792075179970086
L81A,0.23438453148815214
L81T,0.04325081553145263
L81F,-0.0015385030898000945
L81S,-0.05364861107660826
L81N,-0.22202522014491294
L81G,-0.24048257262814549
L81Q,-0.2591004841664829
L81C,-0.36849239798380584
L81E,-0.3998285181188065
L81Y,-0.43087518218647886
L81R,-0.5121257568627962
L81D,-0.544286974297106
L81K,-0.6138735936254734
L81P,-0.6289480712788199
L81W,-0.6290392870976008
L81H,-0.6692650378510312
