mutant,fitness
S224N,1.4580400951885515
S224G,1.1911647206424838
S224H,1.0317333661737644
S224A,1.031082659973896
S224Q,0.8066969586646876
S224D,0.7857505383523139
S224M,0.6394588108782464
S224E,0.6297193464721339
S224F,0.4185203144839226
S224Y,0.3229430661113062
S224T,0.2795475971542956
S224L,0.2436957997775302
S224R,-0.010454601725223639
S224C,-0.1077700261532605
S224K,-0.17295467502926398
S224V,-0.2840206483567865
S224W,-0.3792384506777498
S224I,-0.6287145792919075
S224P,-0.9446530666469285
