mutant,fitness
R218K,0.6877349528192886
R218L,0.5065330428905324
R218Q,0.2772978273514563
R218T,0.2706071119385645
R218V,0.12966860019413234
R218A,0.11028063271034033
R218I,0.08787342933979148
R218E,-0.008471336180468803
R218S,-0.10052152088592953
R218M,-0.15681364351538513
R218H,-0.24429627465357276
R218F,-0.2816217743797661
R218N,-0.2948746613226153
R218C,-0.33934790229528977
R218Y,-0.44789157829893994
R218G,-0.6029686287844893
R218D,-0.6624599406322778
R218W,-0.7987249322538935
R218P,-1.765879522278983
