mutant,fitness
I57V,0.8628923177415768
I57L,0.8316751182436576
I57M,0.5980126483354289
I57T,0.1964238526887061
I57F,0.18414494874848078
I57A,0.08763449039529748
I57S,-0.1403944925060727
I57Y,-0.16196740637478613
I57C,-0.36109337342721776
I57Q,-0.3634916589553845
I57W,-0.4671250141517779
I57N,-0.527300756473099
I57G,-0.530510949866323
I57E,-0.6545103107998684
I57R,-0.6709166323551389
I57D,-0.7577754336472673
I57H,-0.761397657680295
I57K,-0.8566042187439555
I57P,-1.0426888922822137
