mutant,fitness
A314S,1.5601620741071272
A314T,1.4959306097977174
A314N,1.4865249805001337
A314D,1.4445416592497977
A314E,1.422165903755812
A314K,1.4072086307893379
A314P,1.3333732220418857
A314Q,1.2901135098524554
A314G,1.2864370983127476
A314R,1.1982809934104117
A314V,0.9390701128432896
A314L,0.7991290512318392
A314H,0.7381010568472599
A314I,0.5865601417107087
A314F,0.5274349900272557
A314M,0.4901657341656732
A314Y,0.35912260961244136
A314C,0.2090889637844211
A314W,0.05193736332656029
