mutant,fitness
V61I,0.9609226063857161
V61T,0.8636887513659457
V61A,0.8015701010421674
V61L,0.7619430371638537
V61S,0.5210796928928046
V61M,0.39171069167839423
V61C,0.1866025654995654
V61F,0.10891683259287688
V61Q,-0.00439704751624817
V61G,-0.14369939523779185
V61N,-0.2060849706990744
V61E,-0.3284000598468141
V61Y,-0.3838943477404312
V61W,-0.5203090400870622
V61D,-0.5772738253107798
V61R,-0.600848441231069
V61H,-0.7444701206609826
V61P,-0.822613801858185
V61K,-0.871004439915935
