mutant,fitness
N85D,0.24992596898652664
N85S,-0.29112003080492693
N85H,-0.5412242370537039
N85Q,-0.5679489967539207
N85E,-0.6281708948956644
N85T,-0.675419629001816
N85R,-0.6985976259170754
N85K,-0.7337433245289675
N85A,-0.8334003487176092
N85G,-0.8499733576621592
N85C,-1.0493390013536446
N85I,-1.2039661496507534
N85L,-1.2078366453568463
N85V,-1.2176223843421081
N85Y,-1.2684075864401712
N85P,-1.3537675967125598
N85M,-1.4562838093155301
N85F,-1.467823916362489
N85W,-1.8556655590631206
