mutant,fitness
A301S,0.7989695735296791
A301N,0.48563353273150334
A301T,0.30599698157764194
A301Q,0.30074603643643966
A301G,0.2041280251851237
A301V,0.1615753562576676
A301E,0.10012466381267707
A301D,0.027154883290546578
A301L,-0.0158112930837494
A301R,-0.17414495994103066
A301I,-0.26434612216968933
A301H,-0.3417194116742468
A301M,-0.34550058650839666
A301F,-0.36291916486865916
A301K,-0.3643148376801848
A301Y,-0.4399108315717492
A301C,-0.46376894787786216
A301W,-0.8071947318548484
A301P,-0.8169247500620568
