mutant,fitness
I73T,1.4405294893440308
I73V,1.3660797826413222
I73R,1.1955795588031433
I73A,1.0458631714587887
I73L,0.9944413938642592
I73S,0.9803442457991334
I73Q,0.9483033177223656
I73K,0.838457276657607
I73M,0.7614011189237442
I73N,0.7173365596402284
I73G,0.7036212214800404
I73F,0.5254637745532178
I73E,0.4994856256573529
I73C,0.4649451644459528
I73H,0.3306450339794371
I73D,0.29808223084960067
I73Y,0.2229410011384326
I73W,0.14131675904304425
I73P,-0.29748310803629835
