mutant,fitness
F132L,0.775087877435098
F132D,0.5877817579605777
F132W,0.5140171270970596
F132Y,0.3905346945347937
F132I,0.3742158130182776
F132H,0.3411635105415223
F132S,0.34047855617655715
F132V,0.340217257236623
F132N,0.2940464850896468
F132T,0.2630433354765967
F132A,0.26245037049034153
F132E,0.19852664858530594
F132M,0.07488455345476544
F132Q,0.05502809257764744
F132G,-0.10039596563065797
F132R,-0.13552341056114905
F132C,-0.21279823801756417
F132K,-0.24357387726032517
F132P,-0.37536868187932937
