mutant,fitness
A72S,0.8429636646205639
A72G,0.6461278361755782
A72T,0.02959468190955508
A72C,-0.3071735669401834
A72V,-0.37730655965696713
A72N,-0.5786917182357426
A72D,-0.5997049116894811
A72L,-0.704209695809767
A72M,-0.7091586698884971
A72R,-0.7092052142237308
A72P,-0.7381240033881289
A72Q,-0.7664937921255042
A72F,-0.8539669295930998
A72E,-0.8669169782724678
A72I,-0.8756448051157388
A72K,-0.9828197398526575
A72H,-1.0808388331560952
A72Y,-1.1025219200968475
A72W,-1.186419980917035
