mutant,fitness
N134D,1.1368836143804542
N134S,0.6149478523901571
N134G,0.29639605931457513
N134A,0.12557207585735003
N134E,0.10140737898582525
N134Q,0.056292136988813454
N134T,0.009190689668661892
N134H,-0.02982141126571478
N134R,-0.05856621635245923
N134K,-0.13038302758561232
N134P,-0.29589508136154297
N134V,-0.36702584850344405
N134F,-0.3891794885919134
N134Y,-0.3992252904473297
N134C,-0.44946422783488976
N134L,-0.4779965749762435
N134I,-0.4962306792402911
N134M,-0.7125957200339161
N134W,-0.8109941421829431
