mutant,fitness
R26Q,1.192759258111539
R26K,1.134406240451266
R26A,1.0868597290864344
R26L,0.9857569558400427
R26E,0.9546493288037544
R26G,0.9207519103252031
R26S,0.901558578303105
R26N,0.7221767852611063
R26T,0.7156843849312001
R26D,0.697672460580365
R26H,0.5989279679041526
R26V,0.5542328570901227
R26M,0.4881371321683586
R26C,0.3129418253754186
R26Y,0.2728562870000407
R26F,0.2548207609610494
R26I,0.2027015413630991
R26P,0.1946417189591338
R26W,-0.10160395866520933
