mutant,fitness
H116N,0.5355368277487771
H116A,0.48584036689176424
H116D,0.4387611910180388
H116P,0.41880975796811676
H116Q,0.3464780476960782
H116T,0.20090869282085566
H116S,0.18133567813573814
H116E,0.1623252066667228
H116Y,0.1305100799190585
H116F,0.09591785394317598
H116R,0.05871646104772488
H116L,-0.01643135638196319
H116W,-0.14030350177063133
H116V,-0.21222604526276234
H116K,-0.2593195116034517
H116G,-0.30125306836337445
H116I,-0.3430644522725108
H116C,-0.44424111795846916
H116M,-0.4564310102697152
