mutant,fitness
I171V,0.9161998949702559
I171L,0.7085195406401632
I171F,0.4508217786101291
I171M,0.2646206066378404
I171T,0.15719404495771547
I171A,0.04023677491054037
I171Y,0.019685226131705397
I171N,-0.09949383796357607
I171H,-0.11670463066885062
I171Q,-0.2533482018983635
I171W,-0.38691969685329286
I171R,-0.3975103421200026
I171S,-0.5193485540064567
I171E,-0.5494156958570828
I171C,-0.6881020358739277
I171K,-0.6994592933650354
I171G,-0.7686753248575207
I171D,-0.8656879880872155
I171P,-1.7347800178400612
