mutant,fitness
A217M,0.677044612302973
A217V,0.590537511674314
A217L,0.42604305363852835
A217I,0.37639920208909977
A217F,0.1922943015402257
A217T,0.12461310393723099
A217G,0.09826620261944174
A217S,-0.157866701111754
A217C,-0.23906974019861071
A217Y,-0.31916198625890846
A217W,-0.7105736037703412
A217E,-1.0615845395923134
A217Q,-1.0834189228859787
A217N,-1.1110856477509363
A217H,-1.1612891179409424
A217K,-1.3132796377231373
A217D,-1.3157291716147614
A217R,-1.3713780697116935
A217P,-1.5419727767274347
