mutant,fitness
S42N,0.9251745245202545
S42A,0.9040218642613276
S42T,0.4030135012874312
S42D,0.2206230250887976
S42Q,0.18069953250530335
S42C,0.013878046204229444
S42E,0.0003652524169373561
S42H,-0.1015954360663657
S42R,-0.19978887866501088
S42G,-0.28742141112614555
S42L,-0.400907719217232
S42V,-0.502292861146839
S42M,-0.5478514972738266
S42K,-0.5899986999821509
S42F,-0.671407329288414
S42I,-0.7575077087660442
S42Y,-0.760342762873585
S42P,-0.785233787972999
S42W,-1.0478686947867175
