mutant,fitness
Y291F,0.7018575458324667
Y291L,0.1336765140741163
Y291V,0.08326329798101599
Y291A,0.04359512684044742
Y291N,-0.04783121674055063
Y291I,-0.04982550440455186
Y291S,-0.1589335481212272
Y291H,-0.16651392427085643
Y291M,-0.18151371788135964
Y291W,-0.23962917950728385
Y291T,-0.3327294232916588
Y291D,-0.41541657640830376
Y291C,-0.4717418338524217
Y291Q,-0.4800395792136935
Y291E,-0.6333762093109518
Y291R,-0.6350654093193255
Y291K,-0.9120271900748365
Y291G,-1.1470691047150843
Y291P,-1.791656285320008
