mutant,fitness
K288R,1.1076901272902178
K288A,0.5131473310071839
K288Q,0.49868726320342527
K288L,0.48069358806948087
K288T,0.42467589737097494
K288V,0.3100719869212102
K288P,0.2942216627246228
K288H,0.12248415532074311
K288F,0.10768247324290658
K288S,0.06371919005184062
K288N,0.02419426691899834
K288G,-0.19727000079803292
K288M,-0.1998692807675016
K288Y,-0.209381828488939
K288E,-0.27487608286549836
K288I,-0.2843628592896038
K288D,-0.5078410852851528
K288C,-0.5443662251888393
K288W,-0.6107005462157735
