mutant,fitness
L46I,0.6324243015088069
L46V,0.11563203501506238
L46M,0.09563310600288721
L46F,-0.03621264227945728
L46T,-0.6305670657498171
L46Y,-0.6453995015816396
L46S,-0.6878609575183499
L46N,-0.7159943585395475
L46A,-0.718678577215769
L46C,-0.7731466751976066
L46H,-0.8296112439097233
L46R,-0.8531285848031197
L46Q,-0.8618729983445409
L46D,-0.9317224741933211
L46W,-0.9706445387324133
L46E,-1.0386951326361005
L46G,-1.1473753503026027
L46K,-1.2021297061361012
L46P,-1.2511861965457256
