mutant,fitness
E194Q,0.39419122171474313
E194T,0.2969289287842758
E194D,0.2702153633529692
E194I,0.11349205847554417
E194A,0.05931691349747514
E194S,-0.05730512610502961
E194V,-0.09228947149632838
E194G,-0.18047570386571943
E194N,-0.19847585816632468
E194H,-0.31940050329218206
E194L,-0.3391704915424265
E194K,-0.4597465731632957
E194R,-0.610574722431543
E194M,-0.6174569695738246
E194F,-0.6807883502941877
E194Y,-0.7952148066045389
E194C,-0.8814931964357009
E194W,-0.8871696732023095
E194P,-1.3236841769918897
