mutant,fitness
E140A,1.2102335503885049
E140Q,1.0762464697812129
E140D,0.8371070484719281
E140S,0.827666976656931
E140G,0.8101953287146794
E140T,0.8099724680994831
E140K,0.7237885740281417
E140P,0.6505375541417859
E140V,0.6003671698559254
E140R,0.5862962308334234
E140N,0.5088023608007942
E140H,0.48202100271066034
E140L,0.4441736140531023
E140I,0.39453011927165194
E140M,0.28010319589256477
E140F,0.0513331965183996
E140Y,-0.04016001637340408
E140C,-0.250271903672901
E140W,-0.2956577076326677
