mutant,fitness
F221Y,0.5576398737110397
F221L,0.5056434766184813
F221M,0.23524078618497077
F221I,-0.1037572026017004
F221W,-0.19006975071236465
F221V,-0.3847227645756236
F221A,-0.5902250694451017
F221H,-0.7807195988746127
F221S,-0.8040865982453006
F221C,-0.9141299603533106
F221T,-0.9581406001568624
F221N,-0.9948626378733914
F221Q,-1.02846685391956
F221E,-1.1773720351520078
F221D,-1.3347699462460048
F221G,-1.4748236732825741
F221R,-1.7000548593724067
F221K,-1.817969549914114
F221P,-2.343692321803263
