mutant,fitness
N180E,1.242464665565921
N180Q,1.2203232173979084
N180T,1.1575807666479947
N180D,0.9713261348308873
N180S,0.8981719813041238
N180K,0.8962689280460556
N180R,0.8271315310286724
N180H,0.8240309108716481
N180A,0.7325381239327305
N180F,0.6834488444808657
N180Y,0.6790915714807844
N180L,0.5758686238096955
N180V,0.46906650875098144
N180G,0.29484109105013534
N180M,0.29383619107717607
N180I,0.06512426429439067
N180W,0.04695979574963498
N180C,-0.22883168134706752
N180P,-1.0892300187429906
