mutant,fitness
S10A,1.4198345767174168
S10T,1.3321873662571397
S10D,1.1611315645544784
S10N,1.090109467734966
S10Q,1.0338799602711721
S10P,0.9231023539089575
S10E,0.8692160308290332
S10G,0.7781453464256167
S10K,0.7661505112216287
S10R,0.7375848214441028
S10V,0.7021994333576531
S10I,0.5986192067710466
S10H,0.5849744678534984
S10L,0.47274736785250987
S10M,0.36369218115686786
S10F,0.28813835098862717
S10C,0.20449740117163437
S10Y,0.1918354894084991
S10W,-0.12018401094022263
