mutant,fitness
F282L,0.8207208764968597
F282Y,0.7410912950478336
F282V,0.23269363464559184
F282I,0.13525774621137007
F282A,0.11480929023667967
F282M,0.09086769721619349
F282T,-0.01654234432830498
F282H,-0.059504141379558756
F282W,-0.26992728485857115
F282S,-0.27965304684394166
F282Q,-0.3009039889581039
F282N,-0.5819278771991161
F282G,-0.668045986527989
F282C,-0.768555987622201
F282E,-0.9385115033726895
F282D,-0.9773647796572331
F282K,-1.1006149136153764
F282R,-1.113667883273116
F282P,-1.6591908732049483
