mutant,fitness
T190A,1.0523673790927321
T190V,1.0120423572167074
T190S,0.9634052119003929
T190I,0.9571245378326678
T190L,0.7308114927737462
T190N,0.5073816920029461
T190G,0.4983017761166382
T190F,0.4246693695315692
T190M,0.3855950408939841
T190Q,0.21825414703792045
T190E,0.15927996936376604
T190D,-0.032859554599164426
T190H,-0.03603509204701602
T190Y,-0.08564355083999764
T190R,-0.13672262125820187
T190C,-0.14129056337543305
T190K,-0.28554138051208616
T190W,-0.30189722828802174
T190P,-0.4401050617808796
