mutant,fitness
A79G,0.9242824327269645
A79S,0.8137656481084717
A79T,0.48231949381724953
A79N,0.068160447467215
A79V,0.062149757456741395
A79C,-0.08026399596715242
A79E,-0.17864581124079115
A79Q,-0.2735197565394027
A79M,-0.29065315582515633
A79L,-0.3449077121651427
A79D,-0.5544473432574054
A79I,-0.5787264821262208
A79P,-0.6157433887972075
A79H,-0.6342512927032494
A79F,-0.6534685348362412
A79R,-0.7108391719599619
A79K,-0.7418655808405585
A79Y,-0.8652216065539284
A79W,-1.0312872059593428
