mutant,fitness
V239I,1.4514252074728677
V239L,1.3187038598847556
V239F,1.2452528451371987
V239A,1.2200133984660484
V239T,1.200114745372899
V239M,0.9914298826379618
V239S,0.939682776526202
V239N,0.9225558721149122
V239Y,0.751839453372537
V239G,0.7146463216588363
V239Q,0.605104005956343
V239R,0.5972396398753657
V239D,0.5799914569221566
V239W,0.5385753885273765
V239E,0.42249006079607565
V239K,0.4038675228608669
V239H,0.35904782035419913
V239P,0.3517566641961406
V239C,0.34304179508841615
