mutant,fitness
V245I,0.9755305536447382
V245L,0.855043232507548
V245M,0.5109637177656019
V245F,0.31542445856892853
V245A,0.3069379225211737
V245T,0.11870127193018218
V245Y,-0.146508091526225
V245W,-0.3310888510525114
V245S,-0.3767076659543493
V245Q,-0.43615168957456635
V245N,-0.4438873228136647
V245C,-0.5383019345770361
V245E,-0.6916596657673967
V245G,-0.7617419194481551
V245H,-0.7632966857880259
V245D,-0.8537546426716212
V245R,-0.8884029127992992
V245K,-1.096441979507762
V245P,-1.3927155709838686
