mutant,fitness
M251L,1.4936228241193183
M251I,1.443134385074163
M251V,1.3653275580599662
M251F,1.1498584643085927
M251T,0.7664884902954374
M251Y,0.6295080786478113
M251A,0.5899819024899219
M251W,0.5501749285971074
M251Q,0.5206382656914512
M251R,0.4886593522059315
M251S,0.20261716802157465
M251K,0.1218602277807895
M251H,0.09604017499844444
M251E,0.031259501683221724
M251N,-0.08657584663363792
M251G,-0.1173098602641916
M251C,-0.19604227034778043
M251P,-0.39004422429363295
M251D,-0.43562755224357447
