mutant,fitness
K157F,1.3570481724951025
K157Y,1.2514709986831103
K157N,1.224811609849355
K157R,1.079753116517848
K157S,0.9881731205053863
K157L,0.987616279108013
K157A,0.9713623186360462
K157T,0.9262650987362328
K157V,0.8303503308393467
K157H,0.7395469820309784
K157Q,0.6781333060682107
K157M,0.621268997633147
K157D,0.4982597796385993
K157G,0.4673794218381238
K157I,0.4457718753426199
K157E,0.3370248997759643
K157W,0.25145617971752626
K157C,0.21072657126977765
K157P,0.0360044421468346
