mutant,fitness
F189L,1.4284720339007553
F189I,1.167845269844411
F189V,1.0638693433597033
F189A,1.059969997288462
F189Y,1.0479154817552656
F189T,0.7944902097034447
F189S,0.7753504799545528
F189N,0.7654739470325995
F189M,0.7353363955701476
F189Q,0.6265944017156226
F189H,0.6258111065823616
F189W,0.6139730857356772
F189G,0.5965945352089619
F189R,0.34403650079132925
F189E,0.22905699050024153
F189D,0.20771990238386404
F189K,0.19674913970772887
F189P,0.13443378323207011
F189C,-0.18720877198409347
