mutant,fitness
L2S,1.5633116461240877
L2P,1.5230244941367772
L2A,1.5225037078799617
L2G,1.5173480657308975
L2N,1.4906278581512513
L2D,1.4515715500018327
L2R,1.4414258385694487
L2T,1.4346332758770228
L2K,1.3586057757061782
L2Q,1.3436084766033498
L2E,1.3261092311932186
L2V,1.29613256370627
L2I,1.2356854622602595
L2H,1.1942858722753293
L2F,1.146361503725962
L2C,1.0984116601369167
L2M,1.0596178014315871
L2Y,1.0537311488326573
L2W,0.8757408837401004
