mutant,fitness
D209N,0.8709755963863544
D209T,0.3644522407624682
D209S,0.2451687798429598
D209E,0.0893893140439877
D209A,0.003959955117077418
D209G,-0.17439492443818194
D209Q,-0.2666062177326996
D209V,-0.3734490894308902
D209K,-0.3758746636510347
D209R,-0.41213003124671604
D209L,-0.4816923732993548
D209H,-0.5761387035595186
D209I,-0.6508563339283393
D209Y,-0.8824716116136605
D209P,-0.8901291210209097
D209F,-0.9022679385998588
D209C,-0.9818356983518839
D209M,-1.0115722664354339
D209W,-1.2588511482476532
