mutant,fitness
N66G,0.46961065848081296
N66S,0.38313303803601345
N66H,0.17501072880613644
N66D,0.09619146789146166
N66R,-0.002226419273262892
N66A,-0.05370405146947538
N66Q,-0.05786113322553882
N66T,-0.1525144162194832
N66K,-0.2742301017474263
N66E,-0.35719398892247517
N66C,-0.47623018301574743
N66V,-0.5935097265671505
N66L,-0.6844455422057705
N66I,-0.7406062619320946
N66Y,-0.9015926777545683
N66F,-0.9442336381901153
N66M,-0.9789989474463874
N66P,-1.0599777546657347
N66W,-1.3505329062173241
