mutant,fitness
R167K,0.6281336405948119
R167Q,0.4839587721286364
R167L,0.45346422669909414
R167T,0.3841396841262702
R167A,0.3282438988834905
R167H,0.31851868037392983
R167S,0.27953528540002803
R167M,0.2630656619930777
R167V,0.25408319402822543
R167N,0.1935373690848713
R167I,0.1616194013153267
R167G,0.10613521247963698
R167F,0.05384614369724072
R167C,0.040736440724072925
R167Y,-0.026401499391769334
R167W,-0.15791340632098178
R167E,-0.15853267839693802
R167D,-0.6967581149135817
R167P,-0.8603040654619062
