mutant,fitness
A60G,0.591912782922174
A60S,0.4389310759461606
A60T,-0.20828769676195294
A60V,-0.5038532025006168
A60C,-0.5918342584964684
A60M,-0.7363944311568029
A60L,-0.736548005588882
A60F,-0.8405786073905223
A60I,-0.9091528946302101
A60D,-0.9247070019286212
A60P,-0.9667443376996621
A60R,-0.9820447280921951
A60N,-0.9990456396823694
A60Q,-1.0139527940635342
A60E,-1.0521961472896173
A60K,-1.1030724523425222
A60Y,-1.1380733445958024
A60H,-1.2307175368974235
A60W,-1.4199390843503132
