mutant,fitness
L91V,0.8765927196456486
L91I,0.8718521094342588
L91M,0.5220767408851678
L91F,0.40028245237548776
L91T,0.1689167049336957
L91A,0.04397025692432237
L91Y,-0.010318896000954689
L91W,-0.11105125131344215
L91S,-0.1908053608379584
L91C,-0.2866636288964828
L91Q,-0.4887342197939163
L91N,-0.49240359209220685
L91E,-0.5405419557556036
L91R,-0.5670521418539873
L91G,-0.5801553382439342
L91H,-0.6364160195496253
L91K,-0.7027488521016092
L91P,-0.7412909059232784
L91D,-0.7639630017815245
