mutant,fitness
H249Y,0.9096190781713109
H249F,0.8034415214383646
H249R,0.5364326354981607
H249N,0.5206251814752878
H249L,0.4382263148901149
H249A,0.28577948774291145
H249M,0.2544566233748685
H249V,0.2053906175289913
H249I,0.1521718059349939
H249K,0.011331797844885014
H249S,0.008426356377972719
H249Q,-0.025640751644630033
H249W,-0.09190610630611222
H249T,-0.18296315234961988
H249C,-0.4257084680757202
H249D,-0.485359218811664
H249E,-0.5992476662705922
H249G,-0.9606149123997629
H249P,-1.364207251014558
