mutant,fitness
N284T,0.7662338968845805
N284S,0.6813351807071863
N284Q,0.506811637687127
N284K,0.4609336117171271
N284D,0.411326866198179
N284E,0.3432804489249679
N284L,0.32251322366187996
N284A,0.3171291269951278
N284R,0.1265444006196203
N284G,0.05027259309829646
N284M,0.02712661961391838
N284V,-0.2379768496801265
N284I,-0.3817245999444562
N284H,-0.47630262621616204
N284Y,-0.5873923999953188
N284F,-0.6451755535902511
N284C,-0.8235604030551066
N284W,-0.9874802655640836
N284P,-1.1525969076943472
