mutant,fitness
K169Q,1.4321116216055594
K169R,1.2563975125377276
K169A,1.1471190934163749
K169H,0.9067601316165046
K169S,0.894960341649117
K169E,0.8904782407657259
K169N,0.8364170689769738
K169D,0.6682349675275745
K169L,0.64492242521651
K169T,0.5491249603782059
K169Y,0.43309348339554965
K169F,0.4242339205509973
K169G,0.3431082059804781
K169M,0.3075572715202327
K169V,0.1798616458506342
K169W,0.1752680983362485
K169I,0.158483148853459
K169C,-0.263454380481059
K169P,-0.9507315423795039
