mutant,fitness
L302I,0.9450769624739891
L302V,0.42981977795778753
L302M,-0.046711792447291976
L302F,-0.14223417880793843
L302A,-0.6615251158434806
L302T,-0.6988637162851842
L302Y,-0.7575681883580376
L302W,-1.13336923028183
L302Q,-1.1414587038558048
L302S,-1.2256028095831724
L302C,-1.2411424632334456
L302N,-1.3678256951659264
L302H,-1.4573182574930055
L302E,-1.465476505902941
L302G,-1.6404907067919026
L302R,-1.6558226017585254
L302D,-1.7435589895910346
L302K,-1.7729940259351311
L302P,-2.1253704614281834
