mutant,fitness
R127K,0.11498163355829025
R127L,0.09818395205584851
R127H,0.04125340909071634
R127I,-0.013970793410404192
R127Q,-0.15027289346636918
R127T,-0.23948214015593217
R127N,-0.30638425753373566
R127V,-0.34689567350027806
R127S,-0.3750220412711276
R127C,-0.3781922020573074
R127A,-0.43917537963064834
R127G,-0.4522027475247098
R127F,-0.5012771578494708
R127E,-0.5158641606323068
R127Y,-0.5241179318873537
R127M,-0.5616771868755759
R127D,-0.6030111989344542
R127W,-0.6947194876465803
R127P,-0.9132076285074884
