mutant,fitness
R170L,0.4954788446081829
R170A,0.3382763228951539
R170S,0.26621717006360524
R170Q,0.21903571529601393
R170K,0.05986037911661715
R170T,0.0006673543313025498
R170N,-0.04763267379419528
R170M,-0.07722134288545524
R170V,-0.20515781088244717
R170H,-0.21260747761207463
R170G,-0.2917866737621179
R170I,-0.2953150687965584
R170C,-0.33814878548832283
R170E,-0.38563176933077653
R170F,-0.5807888358252883
R170Y,-0.6992717770242047
R170D,-0.7707913884949065
R170W,-0.8343573632597172
R170P,-1.584828119313801
