mutant,fitness
K259G,1.5654815936390518
K259R,1.5585579909687222
K259T,1.4393533340648514
K259A,1.4316078410230197
K259S,1.405660220303837
K259Q,1.2355382682980385
K259E,0.9088981951540673
K259H,0.8495282266171471
K259N,0.8362226982474779
K259V,0.6595203114569412
K259F,0.49462765523481356
K259D,0.4830861545459252
K259Y,0.3894606277219406
K259I,0.3725656480620261
K259L,0.2655883431018273
K259P,0.25654284319876597
K259M,0.13371927125382457
K259C,0.12155621560420782
K259W,-0.04047614786652842
