mutant,fitness
F138L,0.45940212198405106
F138Y,0.2452010909801117
F138W,-0.10707094703939823
F138V,-0.11146511825075883
F138I,-0.1907285279966768
F138M,-0.2584435923211555
F138A,-0.389019950529367
F138S,-0.4486834325793583
F138P,-0.4533811556719797
F138T,-0.5908025604504703
F138C,-0.6800514062870762
F138H,-0.6807475700282865
F138R,-0.8356109125930926
F138N,-0.8622490809481368
F138G,-0.9083140117153823
F138K,-1.0233133200311832
F138Q,-1.056458289847839
F138E,-1.124853105085009
F138D,-1.1314143993297823
