mutant,fitness
L142Q,0.5613999500290701
L142R,0.521594877143864
L142M,0.366167474909565
L142I,0.3533344952511744
L142F,0.31305676281862715
L142Y,0.2137607628013946
L142V,0.08716094094890353
L142K,0.050140065892770785
L142A,0.008044918931258055
L142S,-0.010088730806831633
L142E,-0.07934426374515186
L142H,-0.10985985363691568
L142N,-0.12167165875408273
L142T,-0.16030614521657713
L142W,-0.28617667543950176
L142D,-0.33866975484394407
L142G,-0.6070648357232753
L142C,-0.7792563398972321
L142P,-0.9852285124886897
