mutant,fitness
L212I,0.4337918583351871
L212V,0.36479221346989754
L212M,0.1582651896895779
L212T,-0.21402864230772667
L212F,-0.2470230127797074
L212A,-0.27603947828818437
L212C,-0.71718388374248
L212S,-0.7246032591644248
L212Y,-0.815867077775849
L212Q,-0.8830195715163784
L212W,-0.9454537764761641
L212P,-0.9795138895207077
L212N,-1.2619172735756266
L212G,-1.3466175802969147
L212R,-1.3800679465260628
L212H,-1.433221930784138
L212E,-1.57334505194004
L212D,-1.7924933331048079
L212K,-1.8574260586448812
