mutant,fitness
H136F,1.259789570797833
H136Y,1.1597841939558298
H136N,0.9481138936311166
H136A,0.9220149894057647
H136S,0.9204880184447197
H136T,0.8708969908681378
H136V,0.8496157162282238
H136W,0.8211504212388372
H136D,0.7645368393560275
H136I,0.7603258328559076
H136R,0.7471789092267008
H136L,0.6667363167946474
H136Q,0.664989705737427
H136E,0.5683376724227378
H136K,0.5519259937456682
H136G,0.48910554643259857
H136P,0.24877050460182135
H136M,0.2424468346609735
H136C,0.19566121258428734
