mutant,fitness
A12S,1.12014824168702
A12T,1.0815653201368027
A12V,0.8157589638522698
A12L,0.7629862869848796
A12E,0.6074538892447882
A12Q,0.6033102138134127
A12I,0.5863416146734214
A12R,0.5229355117843146
A12M,0.4598059375781488
A12N,0.45882447604318305
A12G,0.4577491375809023
A12K,0.4485417950003096
A12F,0.3921359596731119
A12P,0.38317348630770065
A12H,0.31203570632304284
A12C,0.3072314441896168
A12D,0.290018562036936
A12Y,0.22051200080187086
A12W,-0.11558618430350528
