mutant,fitness
N114D,1.1699242361177793
N114S,1.0270708930420462
N114V,0.7916816725464006
N114T,0.722888365864012
N114A,0.6882501167305215
N114R,0.6730969467517721
N114H,0.5895304330523549
N114I,0.5764029112773255
N114G,0.4815615373336339
N114E,0.44336355901606717
N114L,0.4141806663189518
N114K,0.370140094814803
N114Q,0.35308984606895727
N114C,0.2939908812504708
N114F,0.24096159641439888
N114Y,0.20236966277591006
N114M,0.11271147059682901
N114W,-0.0009131509427724449
N114P,-0.4899545965310895
