mutant,fitness
Y263F,1.546465554208671
Y263W,0.2375262394584822
Y263L,-0.6199047523117237
Y263H,-0.9396143305788752
Y263V,-1.0594123533858921
Y263I,-1.0896465595069251
Y263M,-1.0947748438230485
Y263C,-1.2590620966553367
Y263A,-1.4893407461612829
Y263S,-1.5631107412658138
Y263R,-1.5982654605052646
Y263N,-1.7177512257524645
Y263T,-1.743258101978004
Y263P,-1.772655736266161
Y263K,-1.7974159048959737
Y263Q,-1.802601902833546
Y263G,-1.9499871397109052
Y263D,-2.0395132912684635
Y263E,-2.0951353272438102
