mutant,fitness
G36A,0.8801360603764374
G36V,0.3532158908123827
G36T,0.2952020214967561
G36S,0.26128673107529066
G36L,0.2609464011284707
G36I,0.10678262555443019
G36M,0.06787792454590136
G36C,-0.10046620831148606
G36F,-0.21526193905470214
G36D,-0.2549290581894616
G36R,-0.3974015525157256
G36E,-0.40849526208749215
G36W,-0.5476740934091994
G36Y,-0.5681173969112095
G36N,-0.5816317603754434
G36Q,-0.6951216667411553
G36P,-0.8202700031737291
G36K,-0.8373469482829695
G36H,-1.0206416580188806
