mutant,fitness
D271N,1.2242085183983273
D271S,0.9370720408618984
D271T,0.9025855476883877
D271G,0.5000971769110808
D271V,0.4846429545330285
D271A,0.4509841479332316
D271Q,0.4046734484560742
D271K,0.39308654069136173
D271L,0.3519575762447048
D271R,0.2907484484309662
D271E,0.2699844506828172
D271P,0.22972389778958383
D271I,0.17537849821127138
D271F,0.033918874067106364
D271H,-0.057310404704611885
D271Y,-0.10670733670761143
D271M,-0.14060348013061422
D271C,-0.6141109924467408
D271W,-0.6474131594859298
