mutant,fitness
L166F,0.8671969657229015
L166Y,0.6230149257747452
L166A,0.5899106228255488
L166V,0.4721292381234455
L166M,0.4710378228329401
L166H,0.41286457536871857
L166I,0.4125208186256503
L166S,0.17523121153268328
L166N,0.15365915758134963
L166Q,0.1277433960106545
L166T,0.1096883597145645
L166W,-0.022042851260641927
L166E,-0.08277330849630363
L166D,-0.11650828852798385
L166R,-0.19531071016756885
L166G,-0.23037257616097612
L166C,-0.3270595429221451
L166K,-0.5559850357668341
L166P,-1.097638152442096
