mutant,fitness
V265P,1.1943580515677672
V265A,0.9868651357311936
V265I,0.8702667047128329
V265T,0.7630566484761465
V265L,0.6432542627371245
V265F,0.5129132596337261
V265E,0.46772997584555814
V265S,0.4295338398508981
V265H,0.3621178327711727
V265R,0.22944751143528394
V265Q,0.1778068772054559
V265Y,0.10776941086341262
V265K,0.0992281209389903
V265N,0.09754947052919599
V265G,0.015149284606176372
V265M,-0.08538507037926613
V265D,-0.09483014435932291
V265C,-0.48307923383426316
V265W,-0.5287504169471355
