mutant,fitness
T268S,0.9428522783686476
T268N,0.9013023948059702
T268A,0.7218881156134107
T268D,0.6425878433697698
T268E,0.5726148301827105
T268Q,0.45315923270279096
T268K,0.43732199995676313
T268L,0.3231064306024421
T268H,0.15301433681964613
T268G,0.11633361125717083
T268R,0.07015963749758646
T268V,0.024600261192198266
T268M,-0.01623282486623223
T268F,-0.17681756704741344
T268I,-0.19236310400353895
T268Y,-0.23603684021692697
T268P,-0.5011386664427787
T268W,-0.8264350724037053
T268C,-0.8386313572817972
