mutant,fitness
G94A,-0.2795208331679726
G94S,-0.3358229933924874
G94R,-0.43286663914976853
G94D,-0.583439508913477
G94N,-0.6520354151557595
G94E,-0.8084376509897635
G94K,-0.8367638741000177
G94Q,-0.9032237901608426
G94T,-0.9317159251323032
G94H,-1.0202190309687051
G94V,-1.1232754323552911
G94C,-1.1334465092894503
G94L,-1.1471272456588646
G94P,-1.1541652705386625
G94F,-1.2426058880037218
G94Y,-1.289680485994606
G94I,-1.3908042935718425
G94W,-1.5087097941728032
G94M,-1.60761664482945
