mutant,fitness
N49D,1.2307152241330168
N49S,0.7250057356911711
N49T,0.5739500138258362
N49H,0.5242820661980945
N49Q,0.32850029376998513
N49E,0.3007975463411596
N49A,0.15283896197388774
N49G,0.11508569893878831
N49R,0.0397967839786689
N49K,-0.013789759546123256
N49Y,-0.24065472054097833
N49C,-0.2718778782904988
N49I,-0.3047278599025912
N49L,-0.3768560186321437
N49V,-0.39321603843385966
N49F,-0.4019722532278204
N49M,-0.5625388705427051
N49P,-0.6135342651518767
N49W,-0.7739544152611664
