mutant,fitness
P33A,0.4161227566759339
P33V,0.38939113400861675
P33L,0.3429619485878636
P33S,0.3316919875685781
P33T,0.052724022720656405
P33Q,0.009578114957071504
P33I,-0.11543602942967954
P33N,-0.1313023715228474
P33G,-0.16230801388130983
P33H,-0.27770434689015105
P33E,-0.28715087891437674
P33C,-0.3101343479063341
P33M,-0.3307091048268209
P33R,-0.3589180357685411
P33D,-0.36999182179861756
P33F,-0.5224885541458972
P33K,-0.6439197664434235
P33W,-0.6646918065860661
P33Y,-0.7009311426233793
