mutant,fitness
F223D,1.5233406198166244
F223N,1.431844565611586
F223H,1.2636974565428563
F223E,1.2301330219002047
F223Y,1.2198587418017222
F223Q,1.0781883803005574
F223L,1.0514441834380894
F223S,0.8506285669635186
F223R,0.7997152026716423
F223K,0.7851132436958497
F223A,0.7564877746773926
F223T,0.7167124046007904
F223G,0.7054572229517235
F223W,0.40647927530323413
F223M,0.40640703868265626
F223V,0.12125966831500917
F223I,0.1007241329994168
F223C,0.03563669360902261
F223P,-0.45804590851738125
