mutant,fitness
S262T,1.294498188635211
S262N,0.6447120604313881
S262A,0.16370077309210723
S262Q,0.10977765727711183
S262D,-0.09983731867420842
S262E,-0.231037143798725
S262R,-0.27139823461387824
S262K,-0.29974518208386547
S262G,-0.307898979612274
S262H,-0.38623965174370795
S262V,-0.5075662238211296
S262M,-0.5359787353379575
S262L,-0.7059601930642804
S262C,-0.7114868301466644
S262F,-0.9944172795898356
S262I,-1.0142650367699606
S262Y,-1.109389279036083
S262W,-1.230549242765664
S262P,-1.5190153887869338
