mutant,fitness
L146F,1.5329530107694387
L146M,0.9336324144482608
L146V,0.8965997893738606
L146A,0.7387908417868143
L146I,0.6606534205083607
L146Y,0.6552810429527729
L146W,0.3676764348038061
L146T,0.34040327372867357
L146S,0.2575467659950584
L146C,-0.007038809821384273
L146H,-0.025353037389842493
L146N,-0.09475546712237402
L146G,-0.10610737825732347
L146Q,-0.14075429505075407
L146E,-0.2190726674064019
L146D,-0.2435029973018421
L146R,-0.5530438085318559
L146P,-0.6821150870735491
L146K,-0.8206780976964989
