mutant,fitness
V15I,0.7093477059189526
V15A,0.48678917224116547
V15T,0.4049235621642377
V15S,0.31986281029771824
V15L,0.07255302956892205
V15R,0.04742168198659802
V15E,0.00986118412383264
V15F,-0.067604969040118
V15Q,-0.0958632783159528
V15C,-0.1353521390350294
V15M,-0.15238069935121096
V15D,-0.2040441603641528
V15K,-0.23479853691933894
V15N,-0.2935635938995851
V15G,-0.3211216694586778
V15Y,-0.400261523986042
V15H,-0.41574704939829954
V15W,-0.5045483533618985
V15P,-0.5566911587657056
