mutant,fitness
D137S,1.3135889046378284
D137T,1.2946012954584134
D137N,1.104207834527689
D137A,1.0489117442638953
D137E,1.0388099673185518
D137L,0.8674462525368578
D137V,0.8648037097774517
D137Q,0.8443112574021624
D137H,0.8206846615542993
D137G,0.674385594332055
D137R,0.6698570431292223
D137I,0.6549697463432622
D137K,0.5422199074774373
D137F,0.4031449142083493
D137Y,0.29340173955689
D137M,0.28316571457022655
D137P,0.16357095008533198
D137C,0.1495377073161159
D137W,-0.06338175104792124
