mutant,fitness
V82T,0.9579688268025393
V82I,0.8536372948486171
V82L,0.8505403525039534
V82A,0.849071483625097
V82S,0.6650048512648189
V82M,0.6506159003922769
V82F,0.4179432754406526
V82G,0.4102187332871021
V82C,0.12153273678311574
V82Q,0.04695600180343233
V82N,-0.0045007482862678555
V82E,-0.09100532343251626
V82Y,-0.11363207793870139
V82D,-0.19061343692737653
V82R,-0.23589157166143615
V82K,-0.2641958163163546
V82H,-0.31821012623557404
V82W,-0.3268712878274728
V82P,-0.561142000941786
