mutant,fitness
P250Q,-0.2576609359639271
P250S,-0.32809947772700987
P250R,-0.44763787930523463
P250K,-0.4591884169291416
P250A,-0.5088567174101858
P250N,-0.6588159041247728
P250T,-0.7095392499591664
P250E,-0.7114079987588211
P250L,-0.7424306693077177
P250F,-0.7856232892592578
P250G,-0.8384356319751649
P250V,-0.8445848628678618
P250D,-0.8864888290428843
P250H,-0.9215270510195207
P250Y,-0.9582158555563024
P250M,-1.0450693408054763
P250I,-1.0707122839429928
P250W,-1.4902676070508671
P250C,-1.9662364100296956
