mutant,fitness
R187Q,0.5324574249662638
R187N,0.5037730215590586
R187H,0.38686066356405635
R187E,0.3151589316726844
R187D,0.2796197483951154
R187S,0.25821665823008205
R187G,0.23638773079073766
R187T,0.19681809371894735
R187K,0.16236360746382128
R187A,0.14484324634107415
R187L,-0.005124580682127594
R187V,-0.12370574034326601
R187Y,-0.1300876768644908
R187I,-0.17101937996965585
R187W,-0.17822338759848383
R187M,-0.3446927444923877
R187F,-0.36871916171215335
R187P,-0.5074180161135948
R187C,-0.5552212301222024
