mutant,fitness
L40M,0.2393691016632583
L40I,0.1221202346040945
L40F,0.05459334776743649
L40V,-0.05787087109950734
L40A,-0.09566762984174623
L40T,-0.22441469990797075
L40S,-0.5145107112133319
L40C,-0.5766792931021507
L40Y,-0.5802275691155463
L40W,-0.6559290729845261
L40Q,-0.8165072810484596
L40N,-0.9106820429128026
L40R,-0.9381353040538286
L40E,-0.963907578408388
L40D,-1.0164663995766237
L40G,-1.063457763975602
L40H,-1.1063697629912776
L40P,-1.1269918668879466
L40K,-1.1665611140547658
