mutant,fitness
F183L,1.1546523250495067
F183M,0.6072234439759427
F183Y,0.5332031168647966
F183I,0.4194168105024453
F183W,0.05967206484342178
F183V,-0.0642945263965963
F183N,-0.2432953731033971
F183A,-0.24692317197931618
F183H,-0.3007102647065379
F183S,-0.3946541928780311
F183T,-0.39539228353603206
F183Q,-0.4979577821009896
F183C,-0.6237617914763407
F183D,-0.7936408729204858
F183E,-0.88190162910912
F183R,-1.0152254123976627
F183G,-1.0715101416935369
F183P,-1.268568317205245
F183K,-1.3627800881436225
