mutant,fitness
R225K,1.0532705484301985
R225Q,0.7324233018844456
R225S,0.48494906148473915
R225T,0.4250901878891681
R225M,0.2458049223391309
R225A,0.1961911538454928
R225H,0.1056105420544391
R225E,0.08017411686869114
R225C,-0.030635346306183822
R225N,-0.1097992629658969
R225L,-0.2637503965832802
R225V,-0.28067190625064986
R225I,-0.3115116440944945
R225G,-0.5330183966858625
R225D,-0.5347893500835658
R225Y,-0.7231027667443664
R225F,-0.8335712654368255
R225W,-1.0666229096482085
R225P,-1.6842454618927793
