mutant,fitness
V246I,1.5222011413941137
V246F,1.2276657137453102
V246L,1.2080645790132214
V246M,1.1383685253188958
V246A,1.0692951966391724
V246Y,0.9868895092901631
V246R,0.7793989605284342
V246Q,0.7459539468434797
V246T,0.6986206071173373
V246W,0.5207301282030312
V246S,0.4437364610317965
V246K,0.4153542966876288
V246H,0.29353809840688033
V246E,0.2771618255538109
V246N,0.17150144269190004
V246G,0.07786425626856996
V246C,-0.0010854168749795945
V246D,-0.42254997585718407
V246P,-0.7584333263734115
