mutant,fitness
I260V,1.8698807120521175
I260T,1.1704370504637387
I260A,1.1463520778301273
I260P,1.0493467367345348
I260L,0.8514109734187569
I260S,0.3897170855531834
I260R,0.340339172188984
I260K,0.28352185462582435
I260E,0.2582223800658181
I260M,0.1883446844966891
I260N,0.16674871979055128
I260Q,0.16020030552296505
I260F,0.007198977223598205
I260G,-0.07762262322750149
I260D,-0.28462246910651956
I260C,-0.31478356859498297
I260Y,-0.39184634534106244
I260H,-0.5274674627139906
I260W,-0.6827673663474828
