mutant,fitness
T286V,0.7849366460325529
T286I,0.6436153213526048
T286S,0.5332593568567876
T286A,0.5037977335342799
T286L,0.4523401425697011
T286N,0.303135249134652
T286R,0.3022972811586721
T286M,0.20913172547454995
T286D,0.20798767306921323
T286F,0.13733528123966615
T286Y,0.11971045986500325
T286E,-0.01516220104937524
T286Q,-0.10367554509039079
T286H,-0.15699324979651108
T286K,-0.17886789588716956
T286G,-0.3201300122693663
T286W,-0.37514702630231844
T286C,-0.5736993310212001
T286P,-0.6673283097122737
