mutant,fitness
S219A,1.0667766645003098
S219L,0.9715506784931127
S219N,0.7701002147642817
S219G,0.7295514555351614
S219D,0.7174451391023677
S219E,0.6866450777337236
S219Q,0.6804710081389851
S219T,0.5378092664725218
S219M,0.4911284866456663
S219R,0.41068937269654676
S219Y,0.3827261147811505
S219H,0.2950701234363043
S219K,0.2856215873923941
S219F,0.08835372687251682
S219C,-0.046110968247238766
S219I,-0.07550202918635479
S219W,-0.11145269194446958
S219V,-0.32173837997313737
S219P,-0.6789968887464355
