mutant,fitness
G117A,0.6064848318249199
G117N,0.44712365494226103
G117S,0.40182008658574914
G117D,0.35293843668352315
G117T,0.1588836491751158
G117L,0.10879218357923456
G117Q,0.09701370029110351
G117R,0.0555182823493609
G117F,-0.10714483331815808
G117E,-0.1289309104289369
G117K,-0.20398064080982456
G117H,-0.22789198531072022
G117V,-0.34411714728813186
G117Y,-0.3931202294405589
G117I,-0.4719868609499551
G117M,-0.49450706940637
G117C,-0.5687887980780263
G117P,-0.597682095006061
G117W,-0.6584208363952845
