mutant,fitness
I93L,0.6229991854870284
I93V,0.40320773915160574
I93M,-0.06529225579627654
I93T,-0.3081249679108952
I93F,-0.4387769590784734
I93N,-0.6246053319131405
I93Q,-0.6385046735535526
I93S,-0.6707862357069925
I93A,-0.7518884218878978
I93E,-0.8504478037850537
I93C,-0.8703501820125876
I93D,-0.9090274483148143
I93R,-0.9191052050582085
I93Y,-0.9401440802889087
I93P,-0.9436854926626426
I93H,-0.9672457328353443
I93K,-0.9765628804282103
I93G,-1.0291873504378009
I93W,-1.3463918780407251
