mutant,fitness
G324A,0.12482179119890097
G324D,0.04687859133574018
G324E,0.027873259857415122
G324N,-0.0042950929910215985
G324R,-0.2162436089716716
G324S,-0.23258028715504703
G324Q,-0.37772651479070507
G324K,-0.509797057271242
G324T,-0.596458335920443
G324L,-0.7289342109263317
G324H,-0.7650324925407265
G324V,-0.7889670516585783
G324P,-0.8713309591100264
G324F,-0.9085791721704374
G324Y,-0.9468525093934652
G324C,-0.9801073016045875
G324W,-1.0996717236812927
G324I,-1.1024033717760582
G324M,-1.1358078171767059
