mutant,fitness
Y158F,1.0368895352038732
Y158L,0.5108446662011216
Y158V,0.4196151909175454
Y158I,0.3436448230558865
Y158W,0.12458062727397617
Y158M,-0.03172992908475936
Y158H,-0.07432220587002641
Y158A,-0.20471235713019442
Y158S,-0.282561095690234
Y158T,-0.3005068743315532
Y158N,-0.3552019096869408
Y158C,-0.38522810708007105
Y158D,-0.539317836434216
Y158Q,-0.5478235763158744
Y158R,-0.5621176209707973
Y158G,-0.6383525847473905
Y158E,-0.7729924681443735
Y158K,-0.7863789053562907
Y158P,-0.932962455905198
