mutant,fitness
G112A,-0.48736176542579623
G112S,-0.5248642972168123
G112D,-0.6060006779425695
G112N,-0.6539971376522129
G112E,-0.654426499660933
G112R,-0.7260153245583418
G112Q,-0.7829697079483331
G112T,-0.8053127616662695
G112L,-0.8084476352984427
G112H,-0.8440705435835527
G112V,-0.8495272712047988
G112F,-0.962352219037365
G112I,-1.0050835206165623
G112K,-1.0278364903431956
G112Y,-1.0281261726569502
G112C,-1.0469409234825529
G112P,-1.1315873202960978
G112M,-1.1450838470863962
G112W,-1.2271044433712288
