mutant,fitness
D266N,0.34341278891056304
D266E,0.10061256525414192
D266S,-0.31664089825258945
D266Q,-0.4697698153532306
D266T,-0.542720947866514
D266V,-0.5695564683937561
D266A,-0.6050367004517574
D266H,-0.6858818034011759
D266L,-0.7081269685206025
D266I,-0.7671728940957587
D266Y,-0.9005315604586691
D266M,-0.9881109731345964
D266F,-0.9922537472708923
D266K,-1.1350146862276023
D266R,-1.1480967728231846
D266G,-1.2220599292320393
D266C,-1.3721248757157094
D266W,-1.5774850949602155
D266P,-1.6928088296687713
