mutant,fitness
G210R,0.5540887890678272
G210K,0.40495590162647266
G210L,0.35358166261465884
G210Q,0.28268444443530655
G210H,0.15719998179448516
G210A,0.14631669882348006
G210S,0.13824123209838854
G210N,0.10100778485343324
G210F,-0.040376331382275504
G210M,-0.043878793543144695
G210E,-0.04722825088741315
G210T,-0.06468989655602203
G210D,-0.25061756662049156
G210Y,-0.26521771316928267
G210V,-0.5071934777643512
G210C,-0.5174815427587885
G210W,-0.606555652517514
G210I,-0.7202421267957819
G210P,-0.8489454880961695
