mutant,fitness
L201F,0.9514875591960119
L201I,0.8359842069424188
L201M,0.5984828419090046
L201V,0.5388122513072364
L201A,0.32944371223813385
L201Y,0.27329978592269544
L201T,-0.012562101237318962
L201C,-0.05422468590152357
L201S,-0.05784133803135612
L201W,-0.2974420875708109
L201G,-0.3832425933435416
L201N,-0.42635974711007985
L201Q,-0.4382587859655912
L201H,-0.561948604155994
L201E,-0.7647654029740053
L201D,-0.8349877271978984
L201R,-0.9618303284733556
L201P,-1.16635234494129
L201K,-1.2096625712773503
