mutant,fitness
I58V,1.2278324806366134
I58L,0.533949117550062
I58M,0.46667440695453727
I58A,0.3289681736574381
I58T,0.27850094903844497
I58Q,0.04805493114593774
I58S,0.010792395345982378
I58N,-0.024213103023217955
I58E,-0.11740979105868667
I58C,-0.12309135287445919
I58F,-0.2153564206663887
I58R,-0.23517479207641498
I58G,-0.26187637873169933
I58D,-0.35629079401520447
I58K,-0.38998202165034035
I58Y,-0.5019926008389818
I58H,-0.5345573479990966
I58W,-0.9143089434800972
I58P,-0.9412707532408582
