mutant,fitness
P24A,0.8209871299391118
P24S,0.6153325656636679
P24Q,0.4555058671666429
P24T,0.35412997884190045
P24R,0.324726080821113
P24D,0.3062783830690827
P24K,0.2986127783767992
P24E,0.27592109385684127
P24L,0.13557802548315526
P24H,0.1184269541968977
P24G,0.0037567233757896112
P24V,-0.004472151005642341
P24N,-0.03295335349886902
P24M,-0.16610071554515848
P24I,-0.26795736243241414
P24Y,-0.34935321245874096
P24F,-0.363480614101565
P24C,-0.39291022582931445
P24W,-0.5125186967609996
