mutant,fitness
P3A,0.8937453387285722
P3V,0.7986363832354854
P3L,0.7636850656486418
P3I,0.5870616428974342
P3T,0.500290474405248
P3S,0.47813371122554466
P3F,0.258403878432642
P3Q,0.19406155182513649
P3M,0.13541780843265036
P3C,0.13197652118628678
P3R,0.12186653683158125
P3G,-0.04673551723577421
P3N,-0.07294469839021263
P3K,-0.0811434215015717
P3E,-0.10764099763013846
P3H,-0.12071805334556086
P3Y,-0.13573759507222571
P3D,-0.15323378962492737
P3W,-0.2474577938685169
