mutant,fitness
P322A,-0.21480149479890553
P322L,-0.6622213327819049
P322V,-0.8475575162946554
P322S,-0.8691114300215553
P322T,-0.9427386200597131
P322R,-1.0341399224544285
P322Q,-1.0458794184427982
P322H,-1.0640102279689074
P322Y,-1.1623701711890604
P322G,-1.1877718036432157
P322I,-1.2435491204708637
P322F,-1.2576769275324637
P322K,-1.3075065116398
P322M,-1.317784439436295
P322N,-1.3263579872658076
P322D,-1.4611390423621984
P322E,-1.5148129623946782
P322W,-1.5603580101285295
P322C,-1.7881706397574146
