mutant,fitness
T195S,1.5350636770119377
T195A,1.5163683006547237
T195M,1.0450020984849655
T195V,0.9125642667069366
T195L,0.8547442622808011
T195I,0.7495309097382572
T195F,0.5755797150109689
T195C,0.4701618012578416
T195Q,0.43878961409382206
T195N,0.4351881937467639
T195Y,0.42650085564961876
T195G,0.40401810995757825
T195H,0.26225303361958
T195E,0.15622925129785362
T195D,-0.022300174366040565
T195W,-0.02807512505820957
T195P,-0.032032573688830834
T195R,-0.14920368466473166
T195K,-0.33837781787326815
