mutant,fitness
P292S,-0.49692328338796543
P292A,-0.7274610807571167
P292Q,-1.044216666194895
P292T,-1.1142918533934643
P292G,-1.141850824618377
P292N,-1.1947972000240186
P292D,-1.2349793632241872
P292E,-1.2485031930943316
P292L,-1.2900452383958554
P292K,-1.3001090026758029
P292R,-1.3241418306702033
P292V,-1.4677038984882043
P292H,-1.559945023128081
P292I,-1.7411659040694771
P292F,-1.8130546895751394
P292Y,-1.9198305599187269
P292M,-1.9302105828527731
P292W,-2.2919645922252436
P292C,-2.3627236081926855
