mutant,fitness
C276S,-0.8375105312023171
C276D,-1.0096333797117256
C276G,-1.0919013270678122
C276Q,-1.1008511437028048
C276A,-1.140352036144729
C276N,-1.1445675306637242
C276E,-1.2519673852980149
C276T,-1.2618955247781445
C276R,-1.3839491674509559
C276Y,-1.4315584809422353
C276H,-1.4757810912676042
C276K,-1.584351158971701
C276W,-1.5847088930449185
C276V,-1.6052305349109757
C276L,-1.6797408655658672
C276F,-1.7411258787529826
C276I,-1.8438157765205174
C276M,-1.8526818602130204
C276P,-2.287198352270004
