mutant,fitness
S124G,0.48458839302562257
S124A,0.3895894256263637
S124T,0.07178515990814871
S124C,0.004570280550408701
S124L,-0.1873547543414732
S124F,-0.19815680485002796
S124I,-0.25359916433106977
S124N,-0.27800325682494464
S124R,-0.30518423201067996
S124Q,-0.38701259301920155
S124V,-0.4200334007484592
S124Y,-0.5404425370309478
S124M,-0.5557214597864004
S124D,-0.5814561946979449
S124K,-0.5971240088995647
S124E,-0.5997364056229739
S124P,-0.6229286069291712
S124H,-0.6244859798082385
S124W,-0.7206075555969409
