mutant,fitness
A108G,0.9628937717480377
A108S,0.6063113976841306
A108T,0.4279019438514633
A108V,0.4172140183520096
A108P,0.14323818934978605
A108F,0.0679087784299543
A108C,0.05620215426043844
A108N,-0.02122098712752482
A108I,-0.06336139822390485
A108L,-0.06881786825825106
A108Q,-0.11257418830742497
A108E,-0.1472551986260203
A108D,-0.20582829414159615
A108R,-0.22397869315754534
A108Y,-0.23192134546447274
A108H,-0.29305662370459185
A108M,-0.3110291866037217
A108W,-0.31724224421732083
A108K,-0.4391744423977872
