mutant,fitness
P21A,0.50580935351025
P21S,0.4688651954297937
P21L,0.4297969811525941
P21Q,0.39889322420126705
P21R,0.39818144156852786
P21E,0.38431470216239016
P21T,0.17029134304803983
P21K,0.037733081810511604
P21V,0.012038623902768913
P21H,-0.008607705712308233
P21D,-0.0368423465541121
P21G,-0.0548439154265363
P21N,-0.12483785838658465
P21I,-0.18637234104830894
P21F,-0.2789172509700727
P21Y,-0.32890507833363014
P21C,-0.3892601160897816
P21M,-0.4592997781339405
P21W,-0.5069107070233104
