mutant,fitness
T100A,0.4885661894848192
T100V,0.4710332379431532
T100S,0.41751429000800855
T100M,0.25512411063651147
T100I,0.20437483759373562
T100L,0.13405410337156948
T100C,-0.01645415054390509
T100Q,-0.10624909650942482
T100D,-0.17631214314610164
T100N,-0.21780716558268087
T100E,-0.22864441901291643
T100R,-0.39985221929950915
T100G,-0.4353026229806677
T100F,-0.4425348450578571
T100H,-0.5340305165564646
T100K,-0.5826459645902311
T100P,-0.6449717202624597
T100Y,-0.7726458505423658
T100W,-1.054413908222711
