mutant,fitness
S273T,1.3934723062764367
S273N,1.1769811810047155
S273A,0.8836830365153672
S273D,0.7968218134143681
S273R,0.7751668128614388
S273Q,0.7591047579641779
S273K,0.6828208874080787
S273E,0.6342451835845764
S273G,0.5297361443798853
S273L,0.5079003370030928
S273H,0.429521702687643
S273F,0.3256748835741151
S273V,0.12434864317818561
S273Y,0.08621415517925249
S273M,0.03760082843386349
S273I,-0.05239381124725512
S273P,-0.49276361488407955
S273W,-0.5022977287522914
S273C,-0.6217567715039051
