mutant,fitness
V110I,0.9083523233526198
V110A,0.6207846836558024
V110T,0.5158271804692299
V110L,0.33764556430077003
V110P,0.19533535524284934
V110C,0.13486486513472068
V110N,0.09787572170422854
V110S,0.07698884262966905
V110Q,0.04718199259956263
V110E,0.03924106453410281
V110F,0.027063963662236123
V110M,0.026018185229972016
V110G,-0.0777288152546935
V110D,-0.1302439446736379
V110Y,-0.1561037079689085
V110R,-0.17693217074939854
V110H,-0.20810683743587072
V110K,-0.3587620683907342
V110W,-0.4983264841608132
