mutant,fitness
Q222E,0.9409418650924385
Q222K,0.7736058899872557
Q222R,0.7560878203709083
Q222A,0.612921491135775
Q222L,0.5554762108827737
Q222N,0.43454265899165667
Q222S,0.42446350753604345
Q222H,0.25876255117636393
Q222V,0.23161699973140726
Q222M,0.22932161509197357
Q222D,0.22809852220871454
Q222T,0.13105229685121042
Q222G,0.06489689676814037
Q222F,0.0013955329197284372
Q222I,-0.12224400537672803
Q222Y,-0.19074187583645866
Q222C,-0.29476296449111083
Q222W,-0.5229326871354985
Q222P,-1.319912275884143
