mutant,fitness
R152Q,1.2587432672503112
R152K,1.190337014292843
R152T,1.0087830070639212
R152A,0.998763270097397
R152L,0.9966546731439012
R152E,0.8944239536827203
R152S,0.7897688921754598
R152N,0.6512436406730091
R152V,0.6450247660073474
R152I,0.627476135855812
R152D,0.5616390840153453
R152H,0.5365184293077033
R152G,0.4972216556904898
R152M,0.49596818411358035
R152F,0.1703538320662148
R152Y,0.11160411625739204
R152P,0.08020535951078335
R152C,0.06553201005475694
R152W,-0.11964703248297853
