mutant,fitness
G64A,1.057990548658037
G64V,0.4301663954371784
G64S,0.40098521668505716
G64C,0.37759839073880364
G64T,0.08938172119476573
G64L,0.02496024395035812
G64M,-0.17445660372776703
G64I,-0.18650586558113225
G64F,-0.30386447757969376
G64E,-0.31872847233095636
G64R,-0.32304333362939924
G64N,-0.34464911012580296
G64Q,-0.36616773366948846
G64D,-0.3936603745597955
G64Y,-0.43037614571075933
G64H,-0.5246562628555422
G64K,-0.5520561724538197
G64W,-0.7358589202724491
G64P,-0.9972554519825717
