mutant,fitness
P253A,0.49004866498876426
P253S,0.023886595492915455
P253V,-0.2739598396990966
P253T,-0.42022875585833896
P253L,-0.4585044646805463
P253I,-0.518163091572053
P253F,-0.6009741113707363
P253M,-0.6751507080150371
P253R,-0.8601597225343819
P253Q,-0.8627361827332916
P253Y,-1.0111452933100844
P253G,-1.0130619242995276
P253N,-1.0810479222146303
P253K,-1.1399335654517395
P253C,-1.19381523793631
P253H,-1.2203840263463297
P253W,-1.2486002422641787
P253E,-1.2945281383664948
P253D,-1.6233805555206071
