mutant,fitness
P27A,0.9982058612617208
P27S,0.8949841874695222
P27R,0.890989298510772
P27D,0.8712636015003473
P27E,0.8345982048527818
P27K,0.7675617549836451
P27Q,0.7474081337952996
P27T,0.7217155546776192
P27N,0.7053380367202264
P27H,0.5831327538234801
P27L,0.5137673980226212
P27G,0.4356779444068032
P27V,0.4243584370588792
P27Y,0.22504403753728164
P27I,0.19837943953293205
P27F,0.1333210864197792
P27M,0.014122450253616851
P27C,-0.13192634372301285
P27W,-0.255817950114784
