mutant,fitness
S92T,0.10416566127556952
S92A,0.00801101573042498
S92G,-0.4523670594684057
S92N,-0.533888969504427
S92C,-0.5951929493275819
S92D,-0.7624652030668312
S92P,-0.7674685676336257
S92R,-0.8237612928010059
S92F,-1.0053975005256492
S92Y,-1.0070278586571244
S92Q,-1.023800824953688
S92H,-1.095792628347758
S92E,-1.098408804876222
S92L,-1.1395567021601039
S92K,-1.1572016531884155
S92W,-1.2246198363766312
S92M,-1.3786703453020865
S92V,-1.4083109365456565
S92I,-1.5236848200424058
