mutant,fitness
P6A,0.6309121425370169
P6S,0.6176800376989542
P6R,0.4480276063380596
P6Q,0.4124793149919116
P6T,0.35534329874330417
P6E,0.2612478629904359
P6D,0.25912992315218997
P6N,0.16919952675518313
P6K,0.15561305695861205
P6H,0.14098227399169055
P6G,0.13713084501180775
P6V,0.130182389438166
P6L,0.06807934030538168
P6I,-0.21688293275032525
P6F,-0.26513021682220983
P6Y,-0.3525459682615194
P6C,-0.359343443050104
P6M,-0.516018356080034
P6W,-0.684469633352341
