mutant,fitness
L113I,0.5418030252356936
L113M,0.4811696465663312
L113F,0.37623457157416734
L113V,0.27635702054239386
L113T,-0.23773977479501163
L113Y,-0.345088484027808
L113S,-0.5130381382741556
L113A,-0.5337607747193689
L113Q,-0.5579201499148412
L113R,-0.5861321817593262
L113C,-0.6294218543346074
L113N,-0.6393030268246243
L113W,-0.6591324547437758
L113H,-0.8732938913487003
L113E,-0.8800011886516337
L113K,-0.8969573025021974
L113G,-0.9258948499440761
L113P,-1.006854438219456
L113D,-1.0390465276556136
