mutant,fitness
F67M,1.572951138037451
F67L,1.464627446760169
F67V,1.2035326500885084
F67I,1.1624457253529403
F67T,0.8645884025086086
F67A,0.8425621016864712
F67S,0.5699989291269902
F67Y,0.4334362091778039
F67Q,0.377000612305454
F67W,0.2519233050737202
F67C,0.19220864508678528
F67N,0.16797629432711852
F67E,0.13091613452982992
F67D,0.11688056090601226
F67H,-0.006437749633061762
F67G,-0.031175192183243244
F67K,-0.12365977456911931
F67R,-0.18472167198114403
F67P,-0.4003658720471449
