mutant,fitness
E165Q,0.7258482929913695
E165K,0.4474124330539836
E165D,0.42736034085031394
E165A,0.3823918445836729
E165H,0.3258019388682017
E165N,0.2699558651688959
E165R,0.2292347645902216
E165L,-0.13397621069005913
E165V,-0.13876851076045016
E165S,-0.18364568294376213
E165G,-0.24892168310070564
E165Y,-0.2613071829071605
E165P,-0.2867277873877664
E165M,-0.3063552064066059
E165T,-0.3114493644564392
E165F,-0.479203202831773
E165I,-0.5823634424400923
E165W,-0.6357604772124146
E165C,-0.890590092767444
