mutant,fitness
R325K,1.144962508049022
R325Q,0.959223546511587
R325E,0.616619196413424
R325N,0.5770073305047965
R325H,0.5021652360986055
R325D,0.4919012518583511
R325P,0.4841902887367412
R325A,0.43488276075946186
R325L,0.36258215386616766
R325S,0.3576071809696617
R325Y,0.3249164417023465
R325T,0.31106247128152303
R325G,0.299563399634557
R325V,0.2809798219847758
R325F,0.12960059937771873
R325I,0.09551887288664684
R325C,0.05664704932297546
R325W,0.02157184641491172
R325M,0.0021947753939261516
