mutant,fitness
V287I,0.9061402706100501
V287A,0.5902340611977193
V287L,0.5420754824000868
V287M,0.36381728943532293
V287T,0.22595907967144013
V287F,-0.05762480898323801
V287S,-0.26806450923353026
V287C,-0.4664683161620159
V287Y,-0.4727768639817259
V287P,-0.6486471772219354
V287Q,-0.7575608444882346
V287W,-0.7629831550483996
V287G,-0.7721327953388548
V287E,-0.8774010908399692
V287H,-1.1663541316095223
V287N,-1.183827623530079
V287K,-1.2630890408859086
V287D,-1.3059614302521891
V287R,-1.3124978173687623
