mutant,fitness
F272L,0.7161925034029467
F272Y,0.5733110205724739
F272W,0.5250769686212049
F272I,0.4074971130171254
F272M,0.23591215246193498
F272V,0.19222173584580643
F272A,0.05850434694918552
F272S,-0.04348041670118387
F272T,-0.08686118763519829
F272D,-0.3220958881772463
F272N,-0.363135164969831
F272E,-0.39279955861709104
F272Q,-0.4053517388466751
F272H,-0.43841111232560936
F272R,-0.48589012168421114
F272P,-0.5685182643428026
F272G,-0.6139283626706357
F272C,-0.6141031560669499
F272K,-0.742637268786021
