mutant,fitness
D208N,1.6213280406436423
D208A,1.3022419672113987
D208S,1.00200928786083
D208G,0.9091767286306749
D208E,0.8862569257273114
D208Q,0.8645647227447627
D208K,0.7643792101691302
D208T,0.6207325645348475
D208H,0.6095253855501765
D208L,0.5145187713322699
D208R,0.514345302831411
D208M,0.4412855769136873
D208Y,0.4344842574914661
D208F,0.3447150089711496
D208V,0.2854868145522798
D208P,0.02451503828793289
D208C,-0.09665072151301671
D208W,-0.11273297485096506
D208I,-0.1266761068408253
