mutant,fitness
D228E,1.11029368962467
D228N,1.0935687568011532
D228A,1.0493675210624174
D228Q,1.0469360457475452
D228S,0.9874853171003197
D228K,0.9814261298074839
D228R,0.8579086921348347
D228T,0.8255759156882978
D228V,0.8140242123680219
D228P,0.7351869002052027
D228H,0.7041654731935394
D228L,0.5972207325183195
D228G,0.4756603304789006
D228I,0.31637412585321006
D228F,0.3054342734104242
D228Y,0.23206577033275597
D228M,0.12568955946110172
D228W,-0.14493009933016807
D228C,-0.19167246333867166
