mutant,fitness
R207K,1.3596330430589378
R207T,1.0585179705912298
R207L,0.9310688347475145
R207A,0.9152261331249487
R207Q,0.9095159618594512
R207V,0.866412231943744
R207S,0.8271249622420968
R207N,0.8102200081279552
R207H,0.7426052014128308
R207F,0.5973478387611444
R207E,0.5839043524753273
R207D,0.5449814675098494
R207I,0.458429089599035
R207Y,0.3867639381703373
R207G,0.3536697580556001
R207M,0.0994744125220583
R207C,-0.1730592610481524
R207W,-0.2252035379902319
R207P,-0.2715284380009356
