mutant,fitness
Q172E,0.6848684669153833
Q172N,0.5908420345934071
Q172K,0.5613385933738724
Q172R,0.5034971761342836
Q172L,0.40952678015873023
Q172M,0.39136130606756764
Q172T,0.3374434048542232
Q172A,0.16662153902749485
Q172S,0.1496659705624237
Q172V,0.14444483526033572
Q172H,0.12768407726755665
Q172D,0.009231112322795873
Q172I,-0.1606735586062829
Q172Y,-0.3831661666410848
Q172F,-0.45584128832217286
Q172G,-0.5428833253134282
Q172W,-0.6288402731534818
Q172C,-0.6469797934173886
Q172P,-1.7754153420111523
