mutant,fitness
L90K,0.941445485030938
L90R,0.9020414089292195
L90Q,0.6493431717142474
L90T,0.4940127362341016
L90E,0.38169862362548934
L90M,0.3668855279601769
L90A,0.2579054147813508
L90V,0.23294248215568134
L90S,0.18811353418863508
L90H,0.15413018715704324
L90F,0.14403804682492866
L90I,0.08077789210259981
L90N,0.051255084934975784
L90G,0.04296030287148507
L90Y,-0.01813779637933463
L90D,-0.22313714985919375
L90C,-0.28315409010030923
L90P,-0.4710278726704188
L90W,-0.6209444450448791
