mutant,fitness
S235K,1.4875867408855066
S235R,1.4837196222191842
S235A,1.4597867428812483
S235Q,1.409346114762171
S235T,1.3343014254786687
S235V,1.330205730141092
S235E,1.2849714275099187
S235L,1.160097110940082
S235G,1.0396116026257771
S235I,1.024293355058656
S235F,0.9909855429117179
S235H,0.9777395600066141
S235M,0.9281093765334129
S235N,0.8114032444200329
S235Y,0.742313847756308
S235D,0.49097999868759334
S235P,0.26207325002082366
S235W,0.15620133453621293
S235C,0.1217138304255756
