mutant,fitness
F181Y,0.19237557294959856
F181L,0.12603372918563366
F181M,-0.10022699617555891
F181V,-0.341263578973623
F181I,-0.5310469167609797
F181W,-0.6220950195352046
F181A,-0.6762889094248332
F181H,-0.7111483191755537
F181T,-0.8995648647011982
F181C,-0.9360401483093179
F181S,-0.9393324151517232
F181N,-1.190099945531419
F181Q,-1.1935989323989744
F181E,-1.4807656088784538
F181R,-1.54731315737141
F181D,-1.7273305052746473
F181G,-1.7425264786963308
F181K,-1.8614601740574495
F181P,-1.9137174951424627
