mutant,fitness
G111A,0.8264492868344481
G111S,0.5551859177084609
G111D,0.18743577447337698
G111T,0.18538242726597967
G111R,0.17847215961042118
G111N,0.13620493064453587
G111E,0.10913343173681778
G111L,0.1066510099790243
G111P,0.09679485355121492
G111Q,0.07270928549020042
G111K,-0.05695538565612964
G111V,-0.14531019064730608
G111F,-0.15308645123547532
G111C,-0.155963653557613
G111H,-0.16126414465092753
G111Y,-0.27371086529222
G111M,-0.329095901532538
G111I,-0.3706499154860927
G111W,-0.5008280098818194
