mutant,fitness
N200T,0.8138267648924875
N200D,0.6363476943981851
N200E,0.6247522179920402
N200S,0.5413839914392123
N200V,0.4896299741400835
N200Q,0.4890293235402794
N200A,0.4867538409188497
N200R,0.48250611722677095
N200L,0.4684034656340144
N200G,0.30891869726181503
N200I,0.30114254915192606
N200K,0.23452004211704713
N200H,0.23352038217026608
N200M,0.001814687062117043
N200F,-0.15779766950048954
N200C,-0.2631230167012046
N200Y,-0.2986183697501731
N200W,-0.8339525556769743
N200P,-1.1854154124836676
