mutant,fitness
N256T,-0.6427768114161507
N256S,-0.7991364344682494
N256Q,-1.1740620310974936
N256D,-1.2502699722499744
N256A,-1.2824795528050896
N256H,-1.3401682992549095
N256C,-1.4720646732693217
N256M,-1.5321516219609532
N256L,-1.568236923975298
N256V,-1.5793657314839917
N256K,-1.6429308817060566
N256E,-1.657971382461102
N256R,-1.6663953985833873
N256G,-1.6702970579160565
N256I,-1.7170676002604348
N256Y,-2.060062891819852
N256P,-2.1329024466652307
N256F,-2.195153192556585
N256W,-2.690399004235451
