mutant,fitness
F230Y,0.6177886863583855
F230W,0.48581770842059135
F230L,-0.05456158200932584
F230H,-0.5227562630694599
F230C,-0.532835785434959
F230V,-0.5610921618686767
F230I,-0.6032741808230053
F230M,-0.6626775201619766
F230S,-0.6641156320184549
F230T,-0.7767416052255913
F230A,-0.7919803602492834
F230R,-0.8075793330177017
F230N,-0.8649362742934288
F230G,-0.906709997321127
F230Q,-1.05283843429231
F230P,-1.135177129071466
F230K,-1.1664192148132904
F230D,-1.2639091656137056
F230E,-1.2791151248876198
