mutant,fitness
T53S,0.983252353953115
T53R,0.1737464103714776
T53A,0.062186070812954714
T53N,0.053002038793338924
T53K,-0.15484019807499655
T53Q,-0.2811421416761255
T53G,-0.28830949465879696
T53D,-0.3830629088610471
T53E,-0.39218992291441473
T53P,-0.48839267429764005
T53L,-0.5483670004177199
T53V,-0.5788662125514754
T53I,-0.5823552022517184
T53H,-0.5838119313405712
T53C,-0.6581331242808208
T53M,-0.6819844272261073
T53F,-1.0047064352322845
T53Y,-1.0191494661510998
T53W,-1.3723839325943048
