mutant,fitness
N69T,1.0687467390205874
N69S,1.0155589281980004
N69R,0.9479390132680379
N69Q,0.8829702004828041
N69P,0.82254194624756
N69A,0.7282070994785199
N69H,0.713023929530598
N69V,0.677943955666237
N69Y,0.6576545819992387
N69D,0.6212561403242871
N69E,0.5944854879930975
N69L,0.5257452319414576
N69K,0.5115470382055056
N69G,0.465167163083122
N69F,0.4483888333650594
N69W,0.3416203673733239
N69I,0.30619638352200707
N69M,0.19360713365516352
N69C,-0.016584829188985295
