mutant,fitness
D83N,0.9806580327958212
D83E,0.798464431535112
D83S,0.7065560520253202
D83A,0.37034212138547506
D83V,0.25253577863529364
D83T,0.22761890831267673
D83Q,0.12089990617987872
D83C,0.07300365592931748
D83G,0.03830571008624844
D83H,0.020037965205911196
D83K,-0.23982370593393815
D83L,-0.243599303896641
D83R,-0.26780155750560636
D83Y,-0.43137202525277374
D83M,-0.44193659989736267
D83I,-0.44352762410791574
D83F,-0.5657413569547736
D83P,-0.9223988904287588
D83W,-1.0157055048856483
