mutant,fitness
V313L,1.3841192497920165
V313M,1.236490177745176
V313I,1.2234504143128624
V313F,0.8593003761821121
V313A,0.7967447994378372
V313T,0.7614084933090098
V313S,0.5947725240061535
V313Q,0.384031496921299
V313Y,0.18887731123694532
V313N,0.10521854769218827
V313G,0.07201882893464667
V313C,0.026071731462054402
V313R,-0.12856549552755725
V313W,-0.18335756354275612
V313E,-0.2496869009388321
V313K,-0.2804534336897789
V313H,-0.3215758736220933
V313D,-0.3463629156608229
V313P,-0.8467960790658111
