mutant,fitness
V296D,2.3553418643269053
V296E,2.1813470543687186
V296G,2.029844377464495
V296S,1.7467066247503662
V296A,1.7295787441459933
V296Q,1.6606131665465154
V296P,1.611083215238886
V296N,1.5874169338599624
V296R,1.4708726656383218
V296T,1.3790176987366047
V296K,1.2954446172156577
V296L,1.1426256195040492
V296M,0.9056103905881848
V296I,0.8401473044207748
V296H,0.7787652961409882
V296W,0.7040698932110582
V296F,0.6553662330155517
V296Y,0.5935313957215166
V296C,0.5112109024369719
