mutant,fitness
Q247A,1.7837544465328274
Q247K,1.3387796288576286
Q247N,1.3276431323768876
Q247R,1.2116630252175775
Q247S,1.206258641908061
Q247G,1.0527941604067093
Q247E,1.0492886365537897
Q247D,0.9762161618860659
Q247T,0.9358618270694097
Q247L,0.7306973803144063
Q247M,0.48636769244575007
Q247H,0.39179622218311455
Q247V,0.23953739005730457
Q247I,0.010610588971821655
Q247F,-0.04747097162916378
Q247P,-0.1595172521404658
Q247Y,-0.19781499309638909
Q247C,-0.33032478331669396
Q247W,-0.5815022891819717
