mutant,fitness
A75V,1.2725928895371101
A75L,1.2041005368654925
A75I,0.9858765309052472
A75T,0.943931074805948
A75S,0.6366377149076798
A75F,0.6101676418618939
A75M,0.5147112484457947
A75G,0.4299643441836923
A75N,0.42328152022716387
A75D,0.17647028598149334
A75Q,0.12779475533789858
A75E,0.11269014957677093
A75C,0.07236781241270501
A75H,-0.03835440874194562
A75Y,-0.11964016397431915
A75P,-0.14706387607282445
A75W,-0.31481993561291427
A75R,-0.32905675210128504
A75K,-0.4595132499010952
