mutant,fitness
P198A,1.2012875202677766
P198L,1.1834674723386271
P198I,1.045587035499838
P198V,1.0209944956983361
P198F,0.8779712098521741
P198T,0.7631811865427279
P198M,0.7325533111207231
P198S,0.6160203532537021
P198Y,0.48017905189733673
P198G,0.4138419003011057
P198Q,0.1876745874371282
P198C,0.016082042004480122
P198W,-0.006128319284160855
P198H,-0.04038772363313692
P198N,-0.2071285086833462
P198E,-0.22820171387226362
P198R,-0.3509443620099396
P198D,-0.38144435595329323
P198K,-0.6517226543997148
