mutant,fitness
G258N,-0.3442917961646816
G258D,-0.6026210594157692
G258A,-0.7289117373214326
G258R,-0.9815525804615324
G258S,-1.0411383863907577
G258E,-1.133026509045496
G258K,-1.136522944156152
G258H,-1.2467436764304975
G258Q,-1.3992667515128256
G258V,-1.6430842787563122
G258L,-1.6531442779317216
G258T,-1.698867563497377
G258P,-1.7670054010399086
G258F,-1.9682036164458796
G258C,-1.9737467356617426
G258M,-2.055325714198776
G258W,-2.1228329504090047
G258Y,-2.1299394156743414
G258I,-2.222592140422183
