mutant,fitness
M278L,1.4021740385696893
M278A,1.1504478676324887
M278V,1.0574794805391532
M278T,0.9906925976820993
M278F,0.904980269549321
M278I,0.8052712621026014
M278Q,0.7581355169826416
M278S,0.7194437781486726
M278G,0.44534960292211684
M278R,0.4148913751364458
M278Y,0.31414510907026844
M278N,0.2824728214760904
M278E,0.2249357365054853
M278D,0.1810111509631968
M278C,0.04251771923481086
M278H,0.0014407758220658373
M278W,-0.015179583401057378
M278K,-0.09928755429238349
M278P,-0.3150216756825967
