mutant,fitness
M125L,1.6119991527134796
M125I,1.2534863612356675
M125V,1.1938099513404987
M125T,1.1364968229262322
M125F,1.0752010105278296
M125P,1.06770453649449
M125A,0.9721962173149175
M125S,0.8051165702379739
M125Q,0.6665087467203031
M125N,0.5191777401963208
M125H,0.5020054277665944
M125G,0.4567228163881102
M125Y,0.4185374270396981
M125C,0.32431555057721717
M125D,0.2874067155665545
M125E,0.27819243749897293
M125W,0.2630435629229567
M125R,-0.07074645272774427
M125K,-0.16259473069622365
