mutant,fitness
L306I,1.1640818656812664
L306V,0.8515088172381182
L306M,0.6809817660008786
L306A,0.5870943521388645
L306T,0.4051974887613742
L306N,0.2950203166989098
L306S,0.22863401302916297
L306F,0.027055693095137487
L306Q,0.003917352945308983
L306E,-0.09763661962294323
L306R,-0.3273275212925603
L306G,-0.4056795999266973
L306C,-0.5027218212178299
L306Y,-0.5307431472437838
L306H,-0.5635416803210839
L306D,-0.5884515366796101
L306K,-0.7254937811986439
L306W,-0.7465388751330406
L306P,-1.2997393705088471
