mutant,fitness
D68N,1.115451333314606
D68E,1.085710363397634
D68G,0.937043811535902
D68A,0.8685721414264524
D68S,0.825013716966405
D68Q,0.7022642119445015
D68T,0.5183848338842963
D68H,0.41025667877210625
D68V,0.19367491284569144
D68R,0.15476972408147363
D68K,0.08927222921741394
D68L,-0.011973560413690854
D68P,-0.10971894388097388
D68I,-0.21123524273908054
D68C,-0.26850822835315624
D68M,-0.3579292863425853
D68Y,-0.3842242507825162
D68F,-0.433928377605032
D68W,-0.6222824962426491
