mutant,fitness
D122N,0.41787922876597305
D122E,0.0849902507281598
D122H,-0.5172351048931191
D122S,-0.5615070768580914
D122A,-0.6584208180455637
D122Q,-0.6945097037877559
D122G,-0.7522185735750866
D122V,-0.842720242660647
D122P,-0.8476283206925364
D122Y,-0.8478004262874415
D122T,-0.8651670253862094
D122M,-0.8794658437102425
D122C,-0.9626103606870543
D122F,-0.976225664388901
D122L,-1.0212242703192145
D122I,-1.0551606765477004
D122R,-1.1163361236549711
D122W,-1.1865616063114095
D122K,-1.2031202759073967
