mutant,fitness
T118V,1.3421974472743012
T118L,1.2637410675374054
T118A,1.1782880850876505
T118S,1.0298127161192896
T118R,0.9845439264216187
T118N,0.8919853273569609
T118F,0.8764353546247727
T118K,0.7881877719111852
T118Q,0.7398489760932705
T118I,0.7266155849821955
T118H,0.6916890660219632
T118E,0.6450799933934548
T118M,0.6410541081777854
T118G,0.62059168456571
T118Y,0.47941789886136577
T118D,0.4748644641634313
T118P,0.38933054302638226
T118C,0.3007641771775478
T118W,0.23574823717459767
