mutant,fitness
P267T,0.3221375909711327
P267S,0.28434289096469156
P267L,0.27253616745663733
P267A,0.24085835010142484
P267E,0.08609775953690063
P267N,0.030736405852920062
P267V,-0.014039493782896428
P267Q,-0.03721912263099916
P267R,-0.052514058961182
P267D,-0.05814398994573189
P267K,-0.18957704373841042
P267H,-0.24518319963963026
P267I,-0.294854695168737
P267F,-0.29941789068671376
P267M,-0.40139916421499183
P267Y,-0.40481608209313086
P267G,-0.4423728342118642
P267W,-0.9226163197459032
P267C,-1.3007999260861531
