mutant,fitness
L14I,0.516753769738004
L14V,0.48894161520169477
L14M,0.13020369554305392
L14R,0.12259331875393749
L14A,0.05699063521218904
L14Q,-0.12049944406248037
L14F,-0.14807427153820202
L14K,-0.1499243381741551
L14P,-0.17909307840051586
L14C,-0.2280897426372578
L14T,-0.2564932090464326
L14S,-0.3247984250973115
L14E,-0.4148510030415915
L14Y,-0.45149947778384614
L14H,-0.5795740907436169
L14W,-0.585834041655052
L14N,-0.6433276614349116
L14G,-0.6656844693817556
L14D,-0.8756240029438525
