mutant,fitness
T295S,0.9851512909516476
T295A,0.2878553481867848
T295N,0.245943066154917
T295P,0.22509858223876206
T295K,0.11901123785408169
T295D,0.10927208327952019
T295Q,0.10738097091179705
T295L,0.08227857722691267
T295V,0.07534662973056888
T295E,0.07318486346470407
T295H,-0.029673658831123342
T295I,-0.037470637982541743
T295R,-0.045193807947804754
T295G,-0.24618076505876813
T295M,-0.2525332584327396
T295F,-0.6385616166507793
T295C,-0.6759608093862157
T295Y,-0.6914318834342186
T295W,-1.0525060813003697
