mutant,fitness
G155N,0.66096665606823
G155D,0.5368589013574465
G155A,0.494101166164149
G155E,0.2654327844856701
G155S,0.21598461582690823
G155R,0.060284024145414006
G155Q,0.0478912024767285
G155K,-0.06933803947417944
G155H,-0.15149845240229048
G155T,-0.15767646691723808
G155L,-0.26330187056522775
G155V,-0.3545134213214523
G155P,-0.3991154818405348
G155F,-0.49858809042363816
G155Y,-0.5206951209153552
G155M,-0.6105002851185861
G155C,-0.6270406846492715
G155I,-0.6656464245203056
G155W,-0.9123664171734758
