mutant,fitness
A193G,1.2477969641935913
A193L,0.7806828368289731
A193S,0.7343860798148801
A193V,0.7146544404631894
A193I,0.682431661312528
A193T,0.617568582405322
A193F,0.550080512595416
A193M,0.38641230578034647
A193Q,0.12061440696088058
A193N,0.08303899436721714
A193R,-0.03605531169381562
A193E,-0.11044998576810719
A193D,-0.12688647856457463
A193Y,-0.15571962911617684
A193H,-0.20027370169251146
A193C,-0.2609135726722255
A193W,-0.3200570252952723
A193K,-0.5404095582944834
A193P,-1.1132624486279143
