mutant,fitness
F220W,0.2964934285471785
F220Y,0.20861232201793856
F220I,-0.07390217681157185
F220L,-0.12050303688678916
F220V,-0.4464655465642259
F220M,-0.5393750733718328
F220A,-1.2621350085148777
F220H,-1.3067103572077599
F220T,-1.4700186334423444
F220S,-1.5025379489545903
F220C,-1.6114249335272453
F220R,-1.880317913436952
F220Q,-1.9646131982707584
F220N,-1.9892756386864194
F220G,-2.0624815867610913
F220E,-2.3019107334549505
F220K,-2.3734093466309387
F220D,-2.446517877300128
F220P,-2.4577259274978736
