mutant,fitness
K70Q,1.4545434390573302
K70T,1.4137381532332627
K70S,1.3640034975994613
K70N,1.3017944932830234
K70A,1.2214494032264211
K70G,1.1867151760180388
K70D,1.1769960156352877
K70R,1.119991466263821
K70P,1.100770904203848
K70E,1.079417288948235
K70L,1.0207035044206998
K70I,0.8280091765167716
K70F,0.8113544962071595
K70H,0.7997196715464688
K70V,0.7423912154533918
K70M,0.5235638193033376
K70Y,0.43821032505886504
K70W,0.0763081530561313
K70C,0.04351973273907133
