mutant,fitness
V51I,0.921673132807972
V51T,0.5694761925185428
V51A,0.23584532050274348
V51S,0.07154966341615904
V51L,0.025663655912518263
V51N,-0.003976255747144886
V51F,-0.14706600456231766
V51R,-0.241403705440525
V51E,-0.26837254422693674
V51M,-0.27122691545211297
V51Y,-0.2857456463216074
V51C,-0.2898239465409986
V51Q,-0.31915933296748344
V51K,-0.32718916640284657
V51D,-0.3821219473368992
V51H,-0.4705396794811246
V51G,-0.6509338367136085
V51W,-0.775970129187872
V51P,-0.8270587104046078
