mutant,fitness
T126S,0.8544452008398176
T126I,0.703386156928165
T126A,0.574995468577165
T126V,0.516022239676602
T126L,0.31065663142712896
T126C,0.16412052310743402
T126G,0.12338790216935275
T126F,0.06752987136764399
T126M,0.040264497913204716
T126N,0.02829104116294817
T126H,-0.22291122156955606
T126P,-0.23838488878531933
T126R,-0.3402567091727995
T126Y,-0.35376601775752514
T126D,-0.3901080421190144
T126E,-0.4304963439462989
T126Q,-0.44041378608135706
T126W,-0.46210226938070204
T126K,-0.537273998834253
