mutant,fitness
T88S,0.7069065949193345
T88N,0.2548870060489343
T88A,0.11705438243408567
T88E,-0.05993153341382812
T88Q,-0.06922226606406334
T88K,-0.10576835951757352
T88R,-0.10878639007824933
T88V,-0.13667288310257697
T88L,-0.23699190358361943
T88M,-0.2466493345248916
T88D,-0.2671399138177206
T88I,-0.2859125798583944
T88H,-0.31823155423265864
T88G,-0.3778438370374645
T88C,-0.40450866599095203
T88Y,-0.5469074799528918
T88F,-0.5635884453124184
T88P,-0.7477103175217421
T88W,-1.0925962294000806
