mutant,fitness
L298V,0.7047080084385586
L298I,0.40615108220957163
L298Q,0.2916324793454935
L298M,0.20960486679248533
L298E,0.20585173087957465
L298F,0.11095066735334307
L298T,0.04022308397279145
L298A,-0.08153250556495852
L298Y,-0.34920067335883265
L298S,-0.35603880514698294
L298N,-0.4354404234656817
L298D,-0.4669155219205099
L298G,-0.49895458289841194
L298W,-0.5317378660137075
L298C,-0.6299638372885532
L298R,-0.7243780003593218
L298H,-0.762004283822308
L298P,-1.0305055571427006
L298K,-1.0483521144412757
