mutant,fitness
T177N,0.8651389117537807
T177S,0.798491371404618
T177R,0.5270759250441948
T177A,0.421787227212436
T177Q,0.40667293254551085
T177H,0.39276912759583404
T177E,0.322659003729893
T177K,0.2945228057222121
T177L,0.09360340316456975
T177V,-0.03767706295519165
T177D,-0.07975350908881004
T177F,-0.08757493612201345
T177I,-0.10050049983262394
T177Y,-0.16669946138939892
T177M,-0.1985288802161482
T177G,-0.3649056874582184
T177W,-0.614341224432524
T177C,-0.7248660501414976
T177P,-1.6219915079015237
