mutant,fitness
F197L,1.3437840303014523
F197V,0.8453166765517228
F197I,0.771392455556235
F197A,0.5064464778886932
F197Y,0.4883625217077106
F197M,0.40489563660594347
F197W,0.2884546145855516
F197T,-0.0901944899656582
F197H,-0.20349845524522797
F197N,-0.23736797920467712
F197S,-0.2419062436007473
F197Q,-0.3301855862057488
F197G,-0.6137949776082892
F197C,-0.6158535840481196
F197R,-0.7475800243640065
F197E,-0.804156509139179
F197K,-0.9349021061020415
F197D,-0.9412043995831543
F197P,-1.452514117414667
