mutant,fitness
D148E,1.2457635289082607
D148A,1.1069212695256199
D148N,1.003385395962074
D148S,0.9129214730546071
D148Q,0.8882914049284103
D148T,0.850221670820225
D148G,0.7811798369766867
D148K,0.6348060785673919
D148R,0.5423004203690212
D148V,0.406916994576231
D148H,0.3015610130719958
D148L,0.29176618054619474
D148I,0.22810441836990902
D148Y,0.11708730700461012
D148F,0.02132307415561338
D148M,-0.12273625002927929
D148P,-0.34812201838635737
D148C,-0.35287237112233144
D148W,-0.3760553373636475
