mutant,fitness
E243D,1.6956477466263624
E243N,1.4208407710372049
E243G,1.1970738745621472
E243Q,1.1807320491566524
E243S,1.1318056783069173
E243A,1.096252857657785
E243T,0.8613494335800809
E243R,0.8235106393390696
E243K,0.7487887952456279
E243L,0.68535692804993
E243H,0.6209634068790744
E243P,0.4765798734248051
E243V,0.44989918730458933
E243M,0.3915880601118652
E243F,0.33401674572601553
E243I,0.2914076265609899
E243Y,0.16133600604766743
E243W,0.026118433610466063
E243C,-0.2477502407228109
