mutant,fitness
F188Y,1.4344453752979176
F188L,1.2487171940789075
F188H,0.828673099205924
F188I,0.5804498872324215
F188M,0.5414959837965326
F188Q,0.5265506512847714
F188R,0.3851191848214312
F188N,0.315039664526121
F188W,0.3137391197768087
F188V,0.267497118985613
F188A,0.24446391286012648
F188K,0.23049954483294832
F188C,0.13771264897748203
F188T,0.09367786782677201
F188S,-0.020445645824040515
F188G,-0.04681185989047121
F188E,-0.12350823166533159
F188D,-0.2987375285093272
F188P,-0.8223633406203694
