mutant,fitness
V257T,1.7899755617724873
V257N,1.4390652499813261
V257L,1.2198363584965757
V257I,1.1902420343491578
V257Q,1.143406313490995
V257D,1.080606892107118
V257A,1.0793431384882994
V257E,1.0788942313146268
V257S,0.9765279135003815
V257M,0.7496444985092456
V257R,0.7443352843801561
V257K,0.6682636137392667
V257H,0.6062836780504047
V257G,0.5867218780442462
V257F,0.16828114929136362
V257Y,0.14564303317305638
V257C,-0.07265314053699957
V257P,-0.24495902409556017
V257W,-0.41180050417416897
