mutant,fitness
N303D,1.073316672061753
N303E,0.8398337181637541
N303Q,0.8080487098128158
N303T,0.6813728209498562
N303K,0.6335963753635978
N303R,0.47834258364652804
N303S,0.4129203355711985
N303I,0.31567662753295334
N303A,0.3049628906632224
N303L,0.2622693282790427
N303Y,0.13153222734181813
N303V,0.08449544436598973
N303G,0.02936550624806042
N303H,0.005714477092444603
N303M,-0.14433312791874675
N303F,-0.25151058990512504
N303C,-0.5727578371478963
N303W,-0.5995505541522286
N303P,-1.3659453684397471
