mutant,fitness
A216T,1.2088200832663578
A216S,1.1514011639465493
A216D,1.1350827639191752
A216V,0.9095759473941333
A216N,0.7975175353448232
A216H,0.5977741879788278
A216E,0.5728335973453618
A216Q,0.49278827817729154
A216M,0.34794351048518996
A216I,0.34124452423681273
A216K,0.32813108247785794
A216G,0.30130420359497523
A216F,0.2123390651085834
A216R,0.20387848051987062
A216Y,0.17874981940659726
A216L,0.15003610826798536
A216C,0.10474726937446593
A216W,0.010058410118480868
A216P,-0.6194652025247942
