mutant,fitness
G101A,-0.34250001262572727
G101R,-0.4212178900787915
G101S,-0.48621216373214055
G101D,-0.4928894737826298
G101E,-0.5239884697666735
G101N,-0.5429364410227924
G101L,-0.6020358856701822
G101K,-0.6210483340954405
G101Q,-0.6343729332751601
G101P,-0.6712385404096184
G101H,-0.8534980652544302
G101T,-0.8744737351704575
G101V,-0.8790239495343313
G101C,-0.9093059979330461
G101Y,-1.0288018228151354
G101F,-1.0299797909827961
G101I,-1.1088536842844616
G101M,-1.1236350055395015
G101W,-1.1361905659281806
