mutant,fitness
A71G,0.9941084899721515
A71T,0.987535853180453
A71L,0.9379063254737108
A71V,0.8137254113032236
A71F,0.7870858932819708
A71S,0.7520700920218688
A71I,0.7163351361977751
A71N,0.5970096829518783
A71M,0.5280220769031995
A71Q,0.32468308320740896
A71R,0.30566933984240985
A71P,0.21591937946926865
A71Y,0.18164287413303565
A71D,0.1472759385592388
A71H,0.13889041838240318
A71E,0.08557652228627124
A71W,-0.06146295320506977
A71C,-0.12261812555253371
A71K,-0.23150104736545674
