mutant,fitness
N293S,0.8247650743230104
N293D,0.7925187056942488
N293A,0.552160940749451
N293K,0.5031474957386216
N293E,0.5012884963212252
N293T,0.46086995947155623
N293Q,0.3340180391697862
N293R,0.3259236581885598
N293H,0.29631828090891266
N293G,-0.22916735969362043
N293V,-0.3790912604865404
N293L,-0.41358437443960194
N293M,-0.5593382527615929
N293Y,-0.580665906012797
N293F,-0.63085875013019
N293I,-0.6372746703916901
N293C,-0.8469970410314245
N293W,-1.1080484276214122
N293P,-1.3483229637497562
