mutant,fitness
D307N,0.834144296513031
D307E,0.6802529636748098
D307A,0.5004026197692355
D307G,0.46182592816818685
D307Q,0.32211349142217116
D307S,0.2836486834169297
D307T,0.1474725674086347
D307K,0.1117462446216575
D307R,0.10786817470661797
D307H,0.041776206188263665
D307V,-0.27398464400473876
D307L,-0.3308204066464593
D307Y,-0.5654700655280956
D307F,-0.6305681029298726
D307I,-0.6879508361722918
D307P,-0.7185447671055992
D307M,-0.7654457137405539
D307W,-0.9883169592704739
D307C,-1.019577233622186
