mutant,fitness
F131Y,1.012418857175093
F131A,0.5558227143438499
F131H,0.4883710735603749
F131S,0.4208833879589329
F131V,0.28574250841443166
F131E,0.24157819984269832
F131Q,0.18143259588663246
F131L,0.17589878178500362
F131N,0.09280438987592952
F131W,0.06798959150209732
F131T,0.01165386403663761
F131I,-0.05165604163600798
F131D,-0.06518368264542354
F131C,-0.08715920422501224
F131G,-0.10628748039702289
F131R,-0.14723805599818707
F131M,-0.18380314879219742
F131K,-0.30514026534269656
F131P,-0.6762579597576138
