mutant,fitness
I285E,1.8761621778565525
I285Q,1.8551806484261602
I285D,1.6620759837767256
I285V,1.6465226433499134
I285N,1.6296979339418385
I285T,1.6184763510426263
I285K,1.4714244356549078
I285R,1.3840893253612094
I285S,1.2983430123859918
I285H,1.2163396659914891
I285G,1.114689309102165
I285L,1.067897666600266
I285A,0.9684903403371117
I285Y,0.8196547530896731
I285F,0.7884867029741637
I285M,0.5081768878218866
I285C,0.11366422307426383
I285W,0.06831959665281315
I285P,-0.34407167083707957
