mutant,fitness
D17N,0.6893303633336516
D17S,0.24824445253499025
D17G,0.18896329861882172
D17T,0.1683377445665098
D17E,0.12583097504362922
D17A,0.06296210977935524
D17H,-0.03234092227758145
D17V,-0.17909073016794433
D17C,-0.2974100567991968
D17Q,-0.39108606383129885
D17K,-0.4789594912321633
D17R,-0.5108107154823471
D17P,-0.5138667081654575
D17L,-0.5199231407242602
D17Y,-0.5800057459385056
D17I,-0.6080907813025114
D17F,-0.7154400947516625
D17W,-0.8176196092058843
D17M,-0.9545259033708933
