mutant,fitness
S150A,1.1397582961992534
S150T,0.5264207862187221
S150G,0.3178624554005601
S150C,0.21672729358173276
S150M,0.01010451972380063
S150F,-0.08217004366919814
S150N,-0.11859112799278607
S150V,-0.23215628320125808
S150Q,-0.30534246471445237
S150L,-0.31935767176315216
S150Y,-0.34459155744409137
S150I,-0.34549915075686793
S150H,-0.5030119542045792
S150P,-0.5038752045105439
S150D,-0.5148013957795942
S150R,-0.525562303820092
S150E,-0.5295051921484537
S150W,-0.6725225273818037
S150K,-0.6818733436971
