mutant,fitness
W22F,0.8671159643115958
W22Y,0.7574219198311081
W22H,0.3287265089437617
W22L,-0.23810596209611343
W22R,-0.40477632890605975
W22N,-0.4267880541451706
W22S,-0.4558162760074351
W22Q,-0.5156624274821892
W22C,-0.5290993540987463
W22A,-0.5656329411480143
W22G,-0.570062062430652
W22V,-0.5977069536601765
W22E,-0.6156799426177237
W22D,-0.6208564698508732
W22I,-0.6486717466244973
W22T,-0.7111127172572699
W22P,-0.7510084018066334
W22K,-0.8474447107556429
W22M,-0.8514079183973691
