mutant,fitness
P105A,0.7225084358672945
P105S,0.5774785768301735
P105D,0.5199710383221539
P105G,0.3858037403771726
P105Q,0.33126179309851134
P105N,0.2521079816711923
P105R,0.2472578618167301
P105L,0.24177222651362756
P105E,0.20827680864735276
P105K,0.20762411643274364
P105T,0.16531155552963778
P105H,-0.000337860238431853
P105V,-0.07414316008120038
P105I,-0.25513248989174786
P105F,-0.38456216141107713
P105M,-0.453802077548337
P105Y,-0.48877621367860746
P105C,-0.5080085423571877
P105W,-0.7697334304467218
