mutant,fitness
K96R,0.9973813594016667
K96A,0.8527580001208434
K96Q,0.8363013942632398
K96S,0.8001195206283183
K96T,0.7576033222133433
K96P,0.587336934495477
K96N,0.5787813318390743
K96H,0.4197392862140419
K96E,0.39150639623176775
K96V,0.2806990196762169
K96I,0.27949729485210273
K96D,0.25928272390014667
K96L,0.2016994326780927
K96M,0.18561116250253176
K96G,0.12738730778601423
K96Y,0.03297791319887111
K96F,-0.11534744384318488
K96W,-0.21302349241989715
K96C,-0.2415893173350009
