mutant,fitness
D103A,1.1941405123266173
D103N,1.1425014767917263
D103S,1.0308195905200863
D103L,1.0033602057390554
D103E,0.9702466062531088
D103P,0.8560982765611322
D103T,0.7741441627760719
D103R,0.7699698256746745
D103F,0.7098319833063422
D103K,0.6926008507190394
D103V,0.6916043031735
D103Q,0.6127931348063291
D103H,0.5418184365250135
D103M,0.5155404586648155
D103I,0.5074236186873058
D103Y,0.4659476524314059
D103G,0.4052502539325583
D103C,0.08674385298665813
D103W,-0.035126493433506586
