mutant,fitness
V203T,0.795917156895405
V203I,0.7112542075305454
V203S,0.24783825080306793
V203A,0.21699873279579868
V203R,0.1370200279146262
V203G,0.05343012644311079
V203L,0.05075850683678679
V203N,-0.018897513053930518
V203K,-0.2397730413020876
V203Q,-0.2679065144674525
V203C,-0.2988327300539077
V203M,-0.34206233847123696
V203F,-0.36018960752799367
V203D,-0.3805925943451475
V203H,-0.5021700942367124
V203E,-0.5116994440314968
V203Y,-0.5180300014006903
V203W,-0.7912073113281178
V203P,-0.881673132479924
