mutant,fitness
Y149F,1.583077967463248
Y149A,1.036416870349972
Y149L,1.0277857141391267
Y149S,0.8287661626022513
Y149V,0.7854442449352761
Y149H,0.7778205956535185
Y149T,0.766011737000601
Y149N,0.6803031539469507
Y149E,0.6602870408288845
Y149I,0.6530055785976182
Y149Q,0.6401507805047776
Y149D,0.5936151781461732
Y149M,0.5732537232890451
Y149C,0.5484285099331399
Y149K,0.34982544456825315
Y149R,0.34062880718658894
Y149W,0.3016239573778813
Y149G,0.17840950761087246
Y149P,-0.31484531542074023
