mutant,fitness
Q211L,0.9845955843049176
Q211K,0.9273493611215126
Q211R,0.9046856460169008
Q211E,0.7729864541784373
Q211H,0.7564948613197041
Q211A,0.7486353960882366
Q211N,0.7155186348403018
Q211S,0.637330375177154
Q211T,0.597357488933971
Q211V,0.5465494198094649
Q211M,0.534800065613908
Q211G,0.4479989870507729
Q211F,0.4327500513562178
Q211I,0.40052784401641106
Q211Y,0.3596668796019975
Q211C,0.25090548355539866
Q211D,0.15510194815047426
Q211W,-0.021251480741256226
Q211P,-0.8828824247837904
