mutant,fitness
Y45F,1.0775086767168185
Y45W,0.7230207362394176
Y45L,0.0841350700686081
Y45H,-0.08628975914074175
Y45I,-0.18192270554839174
Y45V,-0.18838831527286032
Y45R,-0.38384357194814483
Y45A,-0.41503998944681586
Y45M,-0.4224556160640825
Y45D,-0.4964457358577673
Y45N,-0.5740863265874127
Y45S,-0.5742721930446248
Y45Q,-0.5997497953059115
Y45C,-0.6222420719803877
Y45K,-0.6453391929137529
Y45G,-0.6713511671687743
Y45E,-0.725661614715861
Y45T,-0.8311504875767999
Y45P,-1.0914931699536217
