mutant,fitness
P294A,-0.04707475420982238
P294V,-0.20144249329521202
P294T,-0.33126740790935527
P294L,-0.48104025652213267
P294S,-0.5120378209840728
P294I,-0.640932738524705
P294G,-0.8835994100689346
P294Q,-0.9344471484175944
P294M,-0.9404403800675676
P294E,-1.081153284480488
P294F,-1.2020428255941984
P294Y,-1.2715102268993068
P294C,-1.319394810062972
P294N,-1.4116521422488468
P294H,-1.43726595403937
P294W,-1.4554924408943102
P294D,-1.4992267016120406
P294R,-1.5048213757734756
P294K,-1.6407846213524648
