mutant,fitness
N178D,0.24261083448181212
N178H,-0.6249572790233109
N178S,-0.7280952303044066
N178Q,-0.9040711293893873
N178E,-0.9882044923479447
N178T,-1.1732790737106433
N178K,-1.2628738078413038
N178R,-1.344372827787464
N178A,-1.409749227574884
N178I,-1.5930653032834448
N178C,-1.5972226404531382
N178V,-1.644953812510856
N178Y,-1.6515219512791177
N178G,-1.706643525409412
N178F,-1.7201487098328054
N178L,-1.740824843268018
N178M,-1.9234185163397977
N178W,-2.289627940423729
N178P,-2.7830075300094803
