mutant,fitness
P227A,-0.406326223187335
P227S,-0.5525764940921343
P227T,-0.6632276739886498
P227L,-0.7531352259443478
P227R,-0.8619897736268162
P227Q,-0.8720858223939736
P227V,-0.9077291558953732
P227K,-1.0455253879427593
P227I,-1.058734565096683
P227N,-1.1322252940333877
P227M,-1.1474260680573005
P227E,-1.2600941142052593
P227D,-1.2635900807547957
P227G,-1.2717856505328164
P227H,-1.3136413545291181
P227Y,-1.371889627695222
P227F,-1.4009514201361162
P227W,-1.5503270795529658
P227C,-1.5887934835451967
