mutant,fitness
A315S,1.379030528725867
A315N,1.2205811497759038
A315D,1.2083177780644263
A315G,1.2067082908765983
A315Q,1.1009228514240657
A315T,1.0687049990907114
A315E,1.0553368718642873
A315H,0.8279734595874217
A315K,0.7492807523988576
A315R,0.7352294809592738
A315F,0.7297427368465865
A315P,0.6960826416616638
A315V,0.4949531880353022
A315Y,0.45743428069085545
A315L,0.4272163112553219
A315W,0.31930909584681
A315C,0.2141190785382936
A315M,0.19774538196409075
A315I,-0.018444864358870577
