mutant,fitness
L86V,1.0105073314828732
L86P,1.0034651687887872
L86I,0.8297147353312219
L86M,0.4649043276950543
L86A,0.42610389374031216
L86Q,0.2685923513866748
L86T,0.21381379609555226
L86F,0.08325177254881254
L86N,0.0791635095435384
L86S,0.035970984175517806
L86H,-0.004635654781796922
L86E,-0.05349542188924837
L86G,-0.05469554697646285
L86D,-0.13894260559733498
L86Y,-0.24109082080279587
L86C,-0.26464133605737605
L86R,-0.40329370705010253
L86W,-0.4837783218174778
L86K,-0.4984249011813454
