mutant,fitness
E63D,1.086973304059181
E63Q,1.0062265595919988
E63N,0.817014894132311
E63A,0.7613066004732385
E63T,0.6536587973352092
E63K,0.618520971710181
E63S,0.5376980337862755
E63H,0.43337900844156246
E63R,0.4249823525441242
E63V,0.42112599975017123
E63L,0.38870264918816366
E63G,0.28132323850323027
E63I,0.1922796074121652
E63F,0.017867116158573615
E63Y,0.014837264822192775
E63M,-0.0425692871920296
E63C,-0.24736260789938735
E63W,-0.27357890573803584
E63P,-0.5728803200794221
