mutant,fitness
L37M,0.5351935235992461
L37V,0.18177260038743331
L37I,0.1686829994034389
L37F,4.278043838956691e-06
L37S,-0.3472228376832245
L37T,-0.4526132802207803
L37A,-0.47433899280479674
L37Y,-0.5830494229770782
L37Q,-0.6130447701711556
L37C,-0.6901628774421225
L37N,-0.7068133166292982
L37W,-0.7171279290931007
L37G,-0.7328803737722824
L37P,-0.8620854088277016
L37E,-0.869491146219502
L37R,-0.9122547603964142
L37D,-0.9134419696257362
L37H,-0.9159256674469197
L37K,-1.109286026781866
