mutant,fitness
S289A,1.244870908116431
S289G,1.1899431128250653
S289Q,1.0036343984562777
S289N,0.9804778124519696
S289T,0.92981022614816
S289D,0.9264598170564335
S289E,0.9235052324497245
S289R,0.8732418075733965
S289K,0.7925145512975915
S289H,0.25295808510235895
S289L,0.13935427636857153
S289M,0.04951956369404047
S289Y,0.02362893234067516
S289V,0.014189557324232077
S289F,-0.038558281389713414
S289P,-0.12481948807025134
S289I,-0.13126325964718658
S289W,-0.3836514825443905
S289C,-0.6825753467562179
