mutant,fitness
Y323F,0.9857078276343889
Y323W,0.6975327583349846
Y323L,-0.21679821074746156
Y323H,-0.5092227857497275
Y323D,-0.8677770408378152
Y323N,-0.8682786657777624
Y323M,-0.8928010854425602
Y323I,-0.8982054630408349
Y323V,-0.9042054527693539
Y323Q,-0.9301689013272125
Y323R,-0.9982761711038867
Y323A,-1.0113462682650352
Y323T,-1.034067342791489
Y323E,-1.1492348312787675
Y323S,-1.1909524700702414
Y323G,-1.1913396583727303
Y323C,-1.3591003513823305
Y323K,-1.390501716886126
Y323P,-1.8346696352915517
