mutant,fitness
E280Q,0.9889768788317058
E280D,0.9033484396335079
E280S,0.8769519943562769
E280T,0.8735817973596692
E280A,0.7730720955411146
E280N,0.7500954393712056
E280G,0.3551111295135411
E280K,0.3192131049398784
E280R,0.28419732000332576
E280H,0.22932280302893923
E280V,0.004630671440873202
E280Y,-0.05797751465161399
E280I,-0.29334259584055544
E280M,-0.3044978174835608
E280L,-0.346147694342847
E280F,-0.45708225839430655
E280P,-0.5067813643663734
E280W,-0.5288900161133824
E280C,-1.112398820020124
