mutant,fitness
N139D,0.8144798621350624
N139Q,0.24546403387777335
N139H,0.08652539384868427
N139S,0.020900873207282455
N139E,-0.015129293127280147
N139K,-0.02409737947765648
N139V,-0.20023994101223935
N139R,-0.23400158729000423
N139T,-0.2517490768500717
N139I,-0.2525179692203883
N139A,-0.3475939274440426
N139Y,-0.3660610171852581
N139L,-0.44318633602471735
N139F,-0.5385584351410245
N139M,-0.5952321093116155
N139C,-0.6055461680854372
N139G,-0.84467575513447
N139W,-0.9771958507808882
N139P,-0.9932793466156737
