mutant,fitness
R95G,1.484036341635481
R95A,1.2933799247336604
R95S,1.196430176145924
R95Q,1.1213868225151349
R95K,1.095017639061377
R95E,1.0435631107385481
R95D,0.9514866628696602
R95H,0.9424706576124999
R95N,0.8872081526676499
R95L,0.8729329763507174
R95T,0.8077946358603469
R95P,0.6833118522146048
R95M,0.5719614472347911
R95I,0.5549156248343907
R95V,0.5185534750588704
R95F,0.42515025751299834
R95Y,0.3921090351518802
R95C,0.3215146843354999
R95W,0.05151016112227367
