mutant,fitness
D29E,0.6823918851706537
D29Q,0.22535511416630338
D29A,-0.0003048219122022862
D29N,-0.06021361038033598
D29H,-0.1250896282401056
D29S,-0.3790594093100664
D29G,-0.403389478913895
D29Y,-0.4899041376516037
D29T,-0.6620278448410679
D29F,-0.6683678243901762
D29W,-0.7030635083972372
D29V,-0.8115764656347942
D29M,-0.8684220971369039
D29C,-0.8712021154936084
D29L,-0.8917180290544985
D29R,-0.9498475131691153
D29K,-1.059303745609438
D29P,-1.2016825393458248
D29I,-1.2310174301368484
