mutant,fitness
G44N,0.1844770900774211
G44S,-0.1092662914700439
G44D,-0.12427092029317048
G44A,-0.19239069363307104
G44E,-0.29362012979467367
G44Q,-0.3038146737173777
G44H,-0.36159076057603406
G44R,-0.469869789247679
G44K,-0.641255453302499
G44T,-0.7224869840243614
G44C,-0.7228336798171555
G44L,-0.7638079968089454
G44Y,-0.8481705494065959
G44V,-0.8528794185609323
G44F,-0.8944578702764271
G44I,-1.0953954159911574
G44W,-1.1288525478184368
G44P,-1.1688649846206254
G44M,-1.2241098641036803
