mutant,fitness
H80F,1.2942947798478883
H80L,1.0264405021879148
H80Y,0.7869599355768995
H80M,0.7719783343737948
H80T,0.6657228778027726
H80Q,0.6296772368185309
H80S,0.5687349687772684
H80A,0.5572799683210865
H80I,0.5448380996293201
H80N,0.5368682742038207
H80V,0.503963337056344
H80W,0.27824337493313156
H80G,0.22812133919990682
H80D,0.20512957295073359
H80C,0.1839731640992716
H80E,0.18272560432610874
H80R,0.0833643200347725
H80K,0.01756448060990559
H80P,-0.25565209362680064
