mutant,fitness
T39A,0.7310860594631309
T39S,0.4603462016333506
T39V,0.2957831657246334
T39C,-0.10190751605833477
T39I,-0.12264238315127854
T39M,-0.17067777072559656
T39L,-0.18495195525796151
T39N,-0.3754120918144721
T39G,-0.6160953134278181
T39F,-0.805861577066183
T39D,-0.8059247004543347
T39Q,-0.8622225658308346
T39E,-0.8730578255799553
T39R,-1.0074858685568346
T39Y,-1.0087813018766236
T39H,-1.0380702812216671
T39P,-1.0516694171323249
T39K,-1.0673142932912356
T39W,-1.280719985862511
