mutant,fitness
E144Q,1.7066603800991085
E144D,1.4909264327686835
E144N,1.44196663751502
E144K,1.2426474151750406
E144R,1.1339328406439628
E144S,1.116361272351919
E144G,1.0522219612695833
E144A,1.0475032045034158
E144T,0.9111823541903781
E144H,0.7624808632067067
E144L,0.6883260826949386
E144V,0.5498192480420188
E144M,0.4134042070283046
E144Y,0.32552211259465047
E144I,0.3160216528486781
E144F,0.25988482969620946
E144W,0.03324986698492906
E144C,0.02043976303550042
E144P,-0.07967285713752807
