mutant,fitness
A199V,1.189813418947879
A199I,1.1325562462588776
A199L,1.030080952686536
A199T,0.9519661702702691
A199S,0.9322699875507843
A199M,0.8301817692523702
A199F,0.7267501190358725
A199Y,0.7027858392121206
A199N,0.5357904942369139
A199G,0.4714696996344139
A199Q,0.34805545169077035
A199H,0.24844911694738558
A199R,0.24734884777943464
A199E,0.23031659225452303
A199C,0.2114689330435037
A199D,0.1292755249866196
A199P,0.0800808767186661
A199K,0.04501120978404927
A199W,0.030730590895264476
