mutant,fitness
G121A,0.5662141306774466
G121S,0.4191089553285168
G121D,0.19002010519194718
G121N,0.15499270344333793
G121H,0.09002558770218255
G121F,0.06148148416152166
G121C,0.041760110540738374
G121T,0.024110230111074576
G121E,0.010481168181707287
G121Q,-0.015540414736119834
G121L,-0.05903233810888528
G121V,-0.06934248301480894
G121R,-0.22242631142893338
G121Y,-0.25550881600983616
G121M,-0.2608654497534621
G121I,-0.2882930878714949
G121W,-0.3636711064957311
G121K,-0.5884480183503513
G121P,-0.6191925645824082
