mutant,fitness
A19D,1.0704849110253396
A19S,1.0312299668711224
A19Q,1.0101960356204436
A19N,0.9975084552501439
A19E,0.9906540036467331
A19K,0.9906125223816091
A19L,0.9200849782089309
A19T,0.91895093547081
A19R,0.9085159920602454
A19G,0.6551850113652221
A19V,0.6128555848782613
A19H,0.5989970908387342
A19F,0.45517694300145206
A19Y,0.34487207035385326
A19I,0.2649275189968392
A19M,0.24296258839330204
A19W,0.09883690483797963
A19C,0.01621754749319035
A19P,-0.009102529760052009
