mutant,fitness
D129N,0.09017796830651567
D129E,-0.0722135253834422
D129S,-0.5081893302390911
D129A,-0.6866697529707352
D129H,-0.7249100180898138
D129Q,-0.8080955205736413
D129G,-0.8356582350244967
D129T,-0.9497309367272525
D129Y,-1.0155443830351316
D129C,-1.0220369591821994
D129P,-1.109862942992187
D129R,-1.218484613710293
D129F,-1.295670015981348
D129V,-1.3021602757733248
D129L,-1.3550307037050537
D129M,-1.4716480601431208
D129K,-1.47274818467287
D129W,-1.5808251174678056
D129I,-1.598988112648814
