mutant,fitness
G133R,-0.07577659485818827
G133N,-0.13699991431939282
G133A,-0.16289854198837375
G133S,-0.1815194441456639
G133D,-0.2103948742261279
G133E,-0.30216010515091113
G133K,-0.3822971826564738
G133T,-0.41478789506856195
G133H,-0.44459458778730815
G133Q,-0.45240329247059335
G133L,-0.4689941971361819
G133F,-0.590993727837354
G133P,-0.6007564579031178
G133V,-0.6020372194984964
G133Y,-0.6364890592806443
G133C,-0.7901327646827605
G133W,-0.813845008297382
G133M,-0.8214338719832461
G133I,-0.8392008718196637
