mutant,fitness
S109T,1.6300591959310937
S109I,1.4435042075650597
S109L,1.3868396184653513
S109V,1.3542390932695152
S109N,1.2440877617540156
S109Q,1.216994480825731
S109K,1.1945513895651434
S109E,1.1309175560227884
S109R,1.0949038039998222
S109A,1.0926459027398818
S109P,0.9566870932021947
S109H,0.9385620325423705
S109D,0.8266947984954591
S109M,0.7222738789771033
S109G,0.65723990540661
S109F,0.5836390298537212
S109Y,0.39909735913981575
S109C,0.3854094520205906
S109W,-0.04703074818158644
