mutant,fitness
R31K,-0.0743506106682763
R31L,-0.2579272367997681
R31Q,-0.38241028322544246
R31V,-0.5565636849459539
R31G,-0.5940245098866588
R31S,-0.5965925281009797
R31H,-0.6446822683280977
R31A,-0.6463132657401218
R31T,-0.6771370125694041
R31I,-0.6983325415222867
R31M,-0.7495458092071302
R31C,-0.7746159342756722
R31N,-0.837420284368299
R31P,-0.8812408248231872
R31Y,-0.9167591465714295
R31F,-0.9331387158755504
R31D,-0.9503973821943471
R31W,-0.9551677213792122
R31E,-1.0150485643753477
