mutant,fitness
G128A,1.1290067600474543
G128S,1.022800038072549
G128N,0.9625883848399472
G128D,0.9540679234799514
G128L,0.9137533252838224
G128Q,0.8004016608527768
G128E,0.7728926213887118
G128R,0.6752143528200614
G128T,0.6415303444208366
G128V,0.5900611548154975
G128M,0.57614486328929
G128I,0.4101298217770749
G128F,0.397802029330284
G128K,0.3470604882005651
G128H,0.3428834400358894
G128P,0.31271932595757435
G128Y,0.2586801169308302
G128C,0.24898214288002707
G128W,0.1622990940953609
