mutant,fitness
T196A,1.4401651530780817
T196V,1.23105913109331
T196S,1.0814914583925272
T196L,0.7199381240168745
T196C,0.6291515000717497
T196G,0.5953451401558405
T196I,0.594289742983162
T196M,0.5460249208448263
T196D,0.13635829337429586
T196E,0.10275093904143408
T196N,0.09541572908133093
T196Q,0.09287821886811423
T196F,0.06831530804004778
T196Y,-0.08535510862790799
T196H,-0.32163555806578453
T196R,-0.3786261454623875
T196P,-0.39481192488386
T196W,-0.4850314951686865
T196K,-0.7440882027355206
