mutant,fitness
T304A,1.323499544279811
T304R,1.1573063711631209
T304Q,1.1214451801391514
T304L,1.0812008718390447
T304K,1.0655674245868436
T304E,1.0316139190430618
T304D,1.0291879796050654
T304V,0.9527004918793243
T304F,0.9427314456675682
T304I,0.9412264770050757
T304S,0.8708425045651417
T304N,0.805150828087595
T304M,0.8046815717798702
T304G,0.7192496209737822
T304Y,0.6218607759060257
T304H,0.43248141427959663
T304W,0.18985407123172443
T304C,-0.12628696398761952
T304P,-0.3788115609663755
