mutant,fitness
R237V,1.0901025464577592
R237T,1.016935683156285
R237I,1.0016108582242897
R237K,0.8547103551865701
R237S,0.7983167984940441
R237M,0.7959814028206734
R237L,0.7853289082358287
R237Q,0.7540147986497137
R237A,0.7526379793541378
R237G,0.7416525338060364
R237F,0.6212252111539474
R237Y,0.47215316322825135
R237N,0.4443283375142322
R237W,0.39925527566633234
R237H,0.3288212289316601
R237C,0.12113812524641088
R237D,0.0661195551247934
R237E,-0.05569293607618429
R237P,-0.40778004719697003
