mutant,fitness
E18A,1.6920842405069103
E18K,1.41588107698231
E18S,1.388281762418494
E18R,1.2933052618579282
E18D,1.2869319051785209
E18P,1.2086404229610874
E18G,1.1616001427095766
E18Q,1.1180326409974306
E18T,1.1094013130379201
E18V,1.0301255662184214
E18N,0.9420334104937731
E18H,0.898649858955219
E18L,0.7805870057116069
E18I,0.6470945823443583
E18M,0.40849223519310474
E18F,0.3728849476067028
E18Y,0.3355948910864964
E18C,0.2677080509464513
E18W,0.19759966559370362
