mutant,fitness
K281N,1.514948089126869
K281R,1.2348007370304828
K281Q,1.0769279245622343
K281D,1.0249930328743257
K281H,0.9343322659317818
K281T,0.8310277473888876
K281S,0.7919465232734482
K281E,0.7871653919610637
K281Y,0.45847534697285675
K281G,0.3970400220844679
K281A,0.3141463934012744
K281L,0.049460765197810785
K281F,0.03164236789274527
K281M,0.01671277619472722
K281V,-0.011566955995468392
K281W,-0.18148104723687775
K281I,-0.18749171781209317
K281P,-0.5382408952832896
K281C,-0.7634618616677675
