mutant,fitness
P234A,0.7741373503872594
P234N,0.7647296584297051
P234S,0.7619543330840006
P234G,0.5850598382776919
P234D,0.5307917204388789
P234R,0.38024243922175405
P234T,0.3654824420920299
P234E,0.35465412541251456
P234Q,0.27511748702520195
P234H,0.19295830200550818
P234V,0.18673000376623353
P234K,0.14996766384231353
P234L,0.061798044276267644
P234I,0.043739377114690836
P234C,-0.0973799041516766
P234F,-0.19125394353419917
P234Y,-0.22349650311092828
P234M,-0.30512050958375714
P234W,-0.44615131462666613
