mutant,fitness
T274N,1.2900567547953015
T274D,1.1573328405059615
T274S,1.1388053025691067
T274Q,1.0736957693459543
T274K,1.0537917431679482
T274A,0.7981505399996294
T274H,0.770911927605731
T274R,0.7405454943432532
T274E,0.7308434407641154
T274V,0.293440411215764
T274L,0.2887814541949365
T274G,0.20647654747189564
T274M,0.18486183257231945
T274I,0.027206323270694666
T274F,-0.022816105768490635
T274Y,-0.12858908243915207
T274C,-0.6799152485306934
T274P,-0.7280416384162631
T274W,-0.7922106643895934
