mutant,fitness
P35S,0.30246248947178334
P35A,0.11028286135688253
P35T,-0.3670411626983314
P35L,-0.47844678247877986
P35V,-0.5317004765384596
P35I,-0.7132736062387137
P35G,-0.7448713620101275
P35F,-0.8319794716368277
P35Q,-0.8332347896777768
P35C,-0.8946100388203801
P35R,-0.9105119138732779
P35M,-0.9477700121330533
P35E,-0.964073425257096
P35N,-0.9787200621749158
P35H,-1.0027357628189382
P35D,-1.0045931131236734
P35Y,-1.0294874114660217
P35W,-1.1353599395684162
P35K,-1.2288844943503652
