mutant,fitness
C317A,-1.1132668126841194
C317S,-1.2785418867846534
C317T,-1.4804574543928881
C317V,-1.7134749388149833
C317Y,-1.893533077386155
C317G,-1.9128902688654268
C317F,-1.9949236565362285
C317R,-2.0360292899193473
C317W,-2.0798251549280447
C317L,-2.1753081591962116
C317N,-2.17736158948148
C317I,-2.193023646547565
C317D,-2.1999624362507033
C317H,-2.2829484037998027
C317E,-2.296341513818521
C317Q,-2.316007589892947
C317M,-2.3179998798738923
C317K,-2.3575824226213102
C317P,-2.4924784690598756
