mutant,fitness
G32S,-0.35117103560850693
G32A,-0.39074440171656327
G32C,-0.7230679551289991
G32T,-0.8879114818080199
G32E,-1.043498562907417
G32D,-1.049302333610893
G32R,-1.1669296550243269
G32N,-1.2293894195035702
G32V,-1.2443437287313883
G32L,-1.314998308425193
G32Q,-1.4542652587412714
G32W,-1.4655044550607652
G32H,-1.5302080125622939
G32P,-1.5343351264266323
G32F,-1.5410431194908998
G32K,-1.542738369044929
G32I,-1.5903643795258007
G32M,-1.616751829408543
G32Y,-1.651034043014585
