mutant,fitness
K13R,1.2840538929160572
K13Q,0.607198229701062
K13A,0.5167902199884609
K13S,0.4563690558939535
K13T,0.4501279057745001
K13L,0.4211738028996975
K13N,0.4187047002654913
K13I,0.3988009945338814
K13E,0.3964091948315296
K13V,0.34469742997853403
K13H,0.3412474580075786
K13P,0.2786448551966755
K13M,0.2500720860103733
K13D,0.177112429223618
K13C,0.14070375155075227
K13G,0.0827874830523882
K13Y,0.060672427931386
K13F,0.023606346462398176
K13W,-0.2643532415959731
