mutant,fitness
Q145E,1.2373086129367639
Q145D,0.9716578664570772
Q145T,0.9631262269875399
Q145S,0.8652650911506539
Q145L,0.8452663998138954
Q145N,0.8451555682402219
Q145A,0.8219331428779819
Q145G,0.8058081259529225
Q145R,0.7252218781788019
Q145K,0.6816014718895061
Q145H,0.62556289143157
Q145V,0.5924586247691936
Q145M,0.4848633497802768
Q145I,0.28927572132014834
Q145Y,0.13946694879918972
Q145F,-0.0031620492187744986
Q145W,-0.020315532223752597
Q145P,-0.10882296303283857
Q145C,-0.20021941113469566
