mutant,fitness
H20N,0.49234758559415726
H20R,0.11803564694240451
H20Y,-0.11526912350119593
H20F,-0.2605483687195553
H20Q,-0.28892483508130173
H20K,-0.33515952331931764
H20S,-0.35764591765911125
H20T,-0.5024275337143067
H20D,-0.554180653658694
H20L,-0.556395646982194
H20A,-0.5718366378189668
H20G,-0.6934382883729953
H20W,-0.7190246669149887
H20P,-0.7467879147381284
H20E,-0.8161582343252769
H20C,-0.8456494899147144
H20V,-0.939444554675823
H20M,-0.9531201230612627
H20I,-0.9937019153119107
