mutant,fitness
A78G,1.0909185802735226
A78S,0.8719091566720949
A78L,0.686815620540217
A78F,0.5514927147191919
A78T,0.4847508419797849
A78M,0.463101625545424
A78Q,0.4112886126095018
A78V,0.3943406911727573
A78I,0.2833311803460302
A78E,0.2344092795950598
A78N,0.2216208891671962
A78Y,0.10450853458559974
A78C,-0.033056231029969074
A78P,-0.10071492889328851
A78D,-0.13278945018087107
A78W,-0.1794583684901546
A78H,-0.19237431347140266
A78R,-0.22707747034262857
A78K,-0.2862824104976717
