mutant,fitness
Y279F,0.5826518478170348
Y279H,0.3549132691552652
Y279L,0.2786911961783549
Y279A,-0.039086493245319875
Y279N,-0.1410374964500341
Y279V,-0.1440630582876306
Y279I,-0.1567366711104638
Y279M,-0.2198726971807997
Y279Q,-0.2845646829987604
Y279T,-0.29302816508464585
Y279S,-0.3276481547699725
Y279W,-0.3387908378248031
Y279E,-0.47930051156431763
Y279G,-0.5641301096646525
Y279R,-0.6305983798232544
Y279D,-0.648742626626611
Y279C,-0.689139003574827
Y279K,-0.8876012550824661
Y279P,-1.3020148685053266
