mutant,fitness
F202L,0.8011065891610856
F202M,0.43328936979399124
F202W,0.32406234910873744
F202Y,0.07121143063989732
F202I,-0.2361199541386431
F202V,-0.37460780561296436
F202A,-0.462494692007109
F202C,-0.7834643198723286
F202S,-0.9260375725971165
F202Q,-1.0096788802019834
F202T,-1.030249601484067
F202H,-1.0534576525011774
F202G,-1.2880206118560393
F202N,-1.3301465747751537
F202E,-1.3945652162426883
F202R,-1.4585817949946114
F202P,-1.4670826034073197
F202D,-1.5780728481930746
F202K,-1.8229812146577027
