mutant,fitness
R206S,0.19605701754374114
R206K,0.11000784515328368
R206T,0.0817077873408463
R206Q,0.0639874722696539
R206H,-0.031668036596188415
R206A,-0.14846555204722417
R206N,-0.19439212503539893
R206L,-0.21367658010147839
R206C,-0.34420939290576796
R206V,-0.46955023407567137
R206D,-0.5493501860865074
R206G,-0.5697361663881526
R206E,-0.5705139342592753
R206I,-0.658973113942585
R206Y,-0.8715732801013778
R206M,-0.9081669106988304
R206F,-0.9121058133481388
R206P,-0.9609491221854887
R206W,-1.0288584261472415
