mutant,fitness
T240E,1.550084405269069
T240Q,1.4660377815401824
T240D,1.464114240517812
T240A,1.3360837078667376
T240S,1.286726566350425
T240R,1.2053837572722395
T240N,1.1968585763821142
T240K,1.1669083723523261
T240V,1.1074750802064892
T240G,1.099165904176707
T240P,0.9404347493558329
T240I,0.8830812246277969
T240L,0.8601623570990472
T240H,0.8218918478227342
T240F,0.7433937097145782
T240Y,0.5974711154423213
T240M,0.551861016380218
T240W,0.2758521182553165
T240C,0.12312951317526176
