mutant,fitness
S269A,1.1077967561147397
S269G,0.5746412296494638
S269T,0.36353062087740173
S269D,0.19779207152293232
S269Q,0.09641759174437434
S269E,0.06806600484186118
S269L,-0.014785930828262822
S269N,-0.05728147295850655
S269M,-0.1343742736194926
S269R,-0.19741641688363837
S269C,-0.2282424295526264
S269F,-0.3059963143520653
S269V,-0.35143593921959093
S269Y,-0.42633328582898256
S269P,-0.4424713843193171
S269H,-0.4933765265703123
S269K,-0.5640244514199158
S269I,-0.5668245602919084
S269W,-0.64564113855924
