mutant,fitness
Q56E,1.0098867247794023
Q56D,0.5549358622703937
Q56A,0.31849768720086763
Q56N,0.21920227970595407
Q56T,0.07763558235173024
Q56S,0.014787416011724452
Q56M,-0.07956585777626557
Q56L,-0.13089353465163123
Q56G,-0.13751054599884677
Q56H,-0.1518926565635976
Q56R,-0.15426354442517526
Q56V,-0.16405334660533344
Q56K,-0.17785100980637236
Q56I,-0.37532242543019184
Q56C,-0.8397051223699219
Q56F,-0.869554485347654
Q56P,-0.8707219103638288
Q56Y,-0.8869006949983321
Q56W,-1.1133652332787685
