mutant,fitness
C34S,0.7363344717346527
C34A,0.5538645254158866
C34Y,0.3451378717355682
C34F,0.24852020156311794
C34T,0.2113261866227314
C34G,0.059966576477455735
C34W,0.0576585241458466
C34D,0.056521713441993415
C34V,0.013673065607299084
C34L,-0.015408201332887783
C34N,-0.02017770353981696
C34R,-0.12566994611047644
C34I,-0.17364477609302964
C34E,-0.3059693138810766
C34Q,-0.3088027194302857
C34H,-0.33918010618109407
C34P,-0.42883286881406746
C34M,-0.4347935005688123
C34K,-0.5927476292821356
