mutant,fitness
P236A,0.6174003252123941
P236S,0.5515469187771115
P236T,0.34940964608128255
P236Q,0.2827357637739145
P236E,0.2564989786015091
P236V,0.04567490714153291
P236R,0.03865863941347579
P236L,-0.008319217075170082
P236N,-0.07864372335507772
P236G,-0.08099434001061113
P236D,-0.14059462860731478
P236K,-0.16851394274927697
P236M,-0.3248047456852834
P236H,-0.3413377243296795
P236I,-0.402036973330667
P236F,-0.47989565546999247
P236Y,-0.5825324901380684
P236C,-0.6084298835131707
P236W,-0.9052726689787198
