mutant,fitness
G50A,-0.643417354108663
G50S,-0.7606467049103798
G50D,-0.8403490015188055
G50R,-0.9376778296703212
G50N,-0.9470034843025091
G50E,-1.040328302473874
G50C,-1.254776167949537
G50H,-1.2861271486504637
G50K,-1.301023553494371
G50Q,-1.3043205104409556
G50T,-1.3087500086613317
G50L,-1.309192153888988
G50V,-1.4340320246310383
G50F,-1.4672901903825482
G50Y,-1.5432712385449259
G50I,-1.5736955560221526
G50P,-1.6334360263620717
G50M,-1.700698904561666
G50W,-1.7199959093797073
