mutant,fitness
G205A,-0.3951806034966342
G205S,-0.5548029614645715
G205N,-0.7423105029258497
G205D,-0.7902251317737722
G205R,-0.8399994388684482
G205H,-0.9511970019931144
G205K,-1.0799858897947177
G205Q,-1.0930114729049325
G205P,-1.0964930113713711
G205E,-1.108683826912821
G205C,-1.1986371914215483
G205L,-1.2053079803934716
G205Y,-1.2632575598702838
G205V,-1.3042320893156134
G205T,-1.3074944923146061
G205W,-1.3206670846845459
G205F,-1.3297693470871619
G205I,-1.5849160265950122
G205M,-1.6221006473414685
