mutant,fitness
D229G,1.5701302154207544
D229N,1.1620805816477913
D229E,0.6654139597453745
D229Q,0.587257915017894
D229K,0.3294976507090016
D229S,0.3182865478135386
D229A,0.2502629185039397
D229H,0.15797076808510874
D229R,0.11805033602580421
D229T,0.05092116342284782
D229L,-0.13209304069077765
D229Y,-0.2157655186457089
D229V,-0.22168367458507898
D229F,-0.22707621799902655
D229M,-0.3666704924321948
D229I,-0.4441752837649402
D229C,-0.4661556316348076
D229W,-0.6629999414074383
D229P,-0.8823219331833426
