mutant,fitness
V147I,0.9345312948143659
V147A,0.8431292469413428
V147L,0.8032320365669798
V147K,0.7671355312609835
V147T,0.7598503136976505
V147R,0.7542164696264085
V147S,0.5196082128169247
V147Q,0.41238396513850706
V147M,0.2991538080065413
V147E,0.27130283227847135
V147F,0.2529066826991462
V147C,0.09288359368200264
V147Y,0.07538459248319769
V147N,0.05517042005803324
V147H,-0.045141174651337726
V147D,-0.1168815341445396
V147W,-0.12920196925160643
V147G,-0.25189020562724757
V147P,-0.9232362040029944
