mutant,fitness
P54A,0.3004244968513059
P54S,0.1689689521201771
P54T,0.0840056314537004
P54V,-0.13691378646390528
P54G,-0.1876767617001233
P54Q,-0.2016090243066307
P54C,-0.20639281127352113
P54R,-0.21486895611486947
P54L,-0.23449580255078492
P54N,-0.3879506375647218
P54I,-0.4681697619650153
P54F,-0.4713265266282278
P54D,-0.5044277519256535
P54K,-0.5140191165732307
P54E,-0.5152417274901958
P54M,-0.5424859571746697
P54Y,-0.5700230116317033
P54H,-0.6285403903125714
P54W,-0.9838702280078745
