mutant,fitness
D89N,1.2594799944704889
D89G,0.7473866083457604
D89E,0.5380504723604478
D89S,0.4205608205800412
D89Q,0.38465061251142263
D89T,0.16753739306473975
D89K,0.13946900123143752
D89R,0.09635859169140261
D89A,0.0651733067863155
D89P,0.04215090036242178
D89H,0.006590564503118859
D89L,-0.16139696099485581
D89V,-0.27192280554974957
D89M,-0.36501000272131245
D89I,-0.4786181777725248
D89F,-0.4797185083126042
D89Y,-0.5131738025221166
D89C,-0.529044447170059
D89W,-0.726844717781447
