mutant,fitness
G241D,0.5500288503744093
G241N,0.5268236333455283
G241E,0.2827346858540402
G241A,0.21437917473341012
G241Q,0.15593509865148508
G241S,0.11696648522132369
G241T,-0.016278918726202574
G241R,-0.0377450060414905
G241K,-0.08681686295217023
G241H,-0.14533649417121441
G241L,-0.1893674810997683
G241M,-0.40877717014885984
G241P,-0.4175673883111827
G241F,-0.4833099231527932
G241V,-0.4973607331427442
G241I,-0.6174817305525049
G241Y,-0.6892786166997367
G241C,-0.8765897289034976
G241W,-1.0908044976240063
