mutant,fitness
L25P,1.0860909481469614
L25A,0.971776498914825
L25V,0.7712998713888476
L25Q,0.7096994466800066
L25T,0.7059539315929371
L25I,0.5965674107950859
L25S,0.5571742361935231
L25M,0.5213367619269598
L25D,0.3128575119338116
L25G,0.23550727086588996
L25R,0.22558262863977666
L25E,0.13771052341212675
L25C,0.13571664166067188
L25N,0.12700262664635087
L25K,0.017367632654759352
L25F,-0.17645606545501225
L25H,-0.20581342918424675
L25Y,-0.23310702825663057
L25W,-0.31525104376023233
