mutant,fitness
H43N,-0.00777095121558985
H43Q,-0.02526780373277715
H43Y,-0.2810477513541164
H43R,-0.37184450591355844
H43S,-0.44721839014773385
H43L,-0.4654664352522496
H43F,-0.49597563031015557
H43D,-0.5143284047265719
H43E,-0.5228412576048869
H43A,-0.6512028250346187
H43C,-0.690474362090689
H43G,-0.707542887892762
H43T,-0.7272846520782108
H43K,-0.7608571528975274
H43M,-0.8109675327645398
H43W,-0.815150290793666
H43V,-0.8292976824340172
H43I,-0.9523627846420039
H43P,-1.2391720905701937
