mutant,fitness
A163G,0.623441240752092
A163S,0.25053132426819436
A163L,0.15113843844272182
A163V,0.08510371759292462
A163M,0.0014150160975146403
A163T,-0.06886367984921979
A163F,-0.07805826467958855
A163I,-0.13260019884976154
A163C,-0.30142758652092205
A163E,-0.31996296956055187
A163H,-0.3446103804551061
A163Q,-0.3711199923215495
A163N,-0.44218391755935005
A163Y,-0.5209097460919565
A163D,-0.5950251696132448
A163W,-0.6488013232575585
A163P,-0.71965513342296
A163R,-0.9997558402660718
A163K,-1.3121224162160603
