mutant,fitness
N135D,0.7424457141481733
N135S,0.7023241033935729
N135I,0.47971393720533206
N135H,0.4485284227609744
N135Q,0.4438529874670922
N135A,0.38046412891061254
N135G,0.35804153009243034
N135P,0.22918112684695796
N135V,0.22713391799871918
N135T,0.22498716193647464
N135L,0.15273275858111124
N135E,0.07070540806585213
N135R,-0.06770714039880521
N135Y,-0.09351102036716333
N135C,-0.15588805695832
N135K,-0.1562288112546755
N135F,-0.20209941706173618
N135M,-0.2570285365614702
N135W,-0.6037513282410814
