mutant,fitness
F74L,1.2000367401332173
F74V,1.089361560810398
F74I,0.9678062822323844
F74A,0.8303927764746519
F74Y,0.7972227675393821
F74T,0.771846132752479
F74S,0.7145102194843544
F74N,0.5932510051480301
F74G,0.5411225193362892
F74M,0.4663546162870253
F74Q,0.4644123412495662
F74R,0.4416138383471516
F74W,0.31993735550552016
F74E,0.08097395300408716
F74H,0.021549327501833027
F74K,0.006359313757859253
F74D,-0.03457625268843645
F74C,-0.15729326818243744
F74P,-0.16869217865593034
