mutant,fitness
G156N,-0.06896383603339853
G156S,-0.11600351662279251
G156D,-0.1345561696795149
G156R,-0.20287284884647042
G156A,-0.20848629826631135
G156E,-0.3861684892751391
G156K,-0.3897290951728909
G156Q,-0.4534677711295262
G156T,-0.49287053654481744
G156P,-0.5608988672894563
G156H,-0.596412092840864
G156V,-0.7793534589080988
G156C,-0.8076078600244058
G156L,-0.8676946359385234
G156Y,-0.9076129211701833
G156F,-0.9387469009564032
G156I,-1.0808854232034295
G156M,-1.1433820083497663
G156W,-1.268157841384617
