mutant,fitness
E8D,1.4824852968167959
E8N,1.4699850108731973
E8S,1.459317443829389
E8A,1.4448117134516747
E8K,1.3750547552172243
E8Q,1.35660146581528
E8R,1.3350105740009908
E8T,1.3126293565128608
E8G,1.0815275512374485
E8P,1.0619717979791212
E8V,0.9866654653441784
E8H,0.8853376051973907
E8L,0.8328571695270105
E8I,0.561356482967962
E8M,0.5119069327086961
E8F,0.4464754777625231
E8Y,0.3869038199588178
E8C,0.3638401273819477
E8W,0.15394099699496144
