mutant,fitness
L7A,0.6472415036584398
L7S,0.49488345091231056
L7F,0.4875924818978339
L7M,0.480407367339373
L7P,0.4491146161430474
L7Q,0.4321033017159215
L7I,0.42978742885564886
L7R,0.35931490561594037
L7V,0.32659673540396755
L7E,0.1838381978831874
L7N,0.14667809376331292
L7T,0.12476322569039404
L7K,0.09037249654474618
L7Y,-0.04454932722064478
L7D,-0.1357514975264575
L7W,-0.15360685354680714
L7C,-0.21115604238935987
L7H,-0.21944747736483688
L7G,-0.374684403954335
