mutant,fitness
T76A,0.8056247376837841
T76S,0.5815374488076086
T76V,0.5528459962119424
T76C,0.21842049154100016
T76G,-0.06453166153140573
T76I,-0.09170574937914036
T76N,-0.2209316386161556
T76M,-0.3024515809848566
T76L,-0.4045366824057071
T76E,-0.42646979385544315
T76D,-0.5062246092880719
T76Q,-0.5462012093517472
T76F,-0.5941331155949061
T76P,-0.6736379573806746
T76R,-0.7342418219396984
T76Y,-0.8008628436701972
T76H,-0.865833315472637
T76K,-0.8675591511464815
T76W,-1.070917231350461
