mutant,fitness
R232K,0.3348668277816815
R232S,0.3056386524712006
R232N,0.17397620352226945
R232T,0.11447408539909576
R232C,0.055359495096351796
R232A,0.050226240099386366
R232G,0.025959183442745115
R232Q,-0.11224495903037454
R232H,-0.1889632886646278
R232P,-0.2656217334612622
R232L,-0.33786086291262735
R232V,-0.36978737972087616
R232I,-0.4798325413785957
R232D,-0.49433682228311765
R232E,-0.6015895863243543
R232M,-0.6756852666507339
R232F,-0.8402805413121777
R232Y,-0.8521997911592547
R232W,-0.9751519235064017
