mutant,fitness
S238N,1.238349804044005
S238A,1.2244837660668806
S238G,1.1889430242599865
S238T,1.1724995961239957
S238D,0.8912531608898882
S238E,0.6460956237259965
S238V,0.5798561770553139
S238L,0.5775939265065018
S238Q,0.5344981135797162
S238R,0.5231825997538488
S238F,0.4920361455421505
S238K,0.45821632290636594
S238H,0.43082495371690943
S238P,0.30346332812372157
S238Y,0.2945273391530548
S238M,0.235225657665862
S238I,0.2242555532097672
S238C,0.224194225368943
S238W,-0.0690760562310711
