mutant,fitness
P275F,0.5390438715202359
P275A,0.4031286515816328
P275L,0.3938966569768758
P275S,0.377856055065573
P275T,0.34650929614707254
P275Q,0.3414996422183046
P275V,0.3397901622206571
P275I,0.293006366055117
P275G,0.26760743321312397
P275Y,0.20689043997050588
P275R,0.16672302137653022
P275E,0.09946957312688959
P275K,0.03985807472482872
P275N,0.02640528423945121
P275D,-0.06227362504877321
P275M,-0.13536812323748265
P275H,-0.2491220082938298
P275W,-0.3929651410803218
P275C,-0.7932772158726533
