mutant,fitness
P4S,0.28228313692635854
P4A,0.24087838770543915
P4T,0.14381934248031364
P4R,0.0971320885013959
P4L,-0.07062704364504752
P4K,-0.08726965883285528
P4V,-0.11307192074542743
P4Q,-0.13684032536684765
P4C,-0.25596821262084574
P4N,-0.30490079993835506
P4D,-0.3203008989412172
P4I,-0.362502440286662
P4E,-0.40430465408381266
P4G,-0.44528563758847717
P4H,-0.5185436565674953
P4M,-0.7366316174532691
P4Y,-0.7390452111746911
P4F,-0.77147274205159
P4W,-1.0242503282014352
