mutant,fitness
T141A,0.9343625217637949
T141S,0.8245973016144774
T141E,0.8131770400132676
T141D,0.6866742468677679
T141K,0.6295182814267533
T141N,0.5966655504924963
T141Q,0.5808811301294345
T141G,0.4206105853941769
T141V,0.41436716460257916
T141R,0.4107249551293543
T141I,0.40660269915199054
T141P,0.34363895039887304
T141L,0.3206265944994214
T141H,0.1516632452424547
T141F,0.021134989911199276
T141M,0.01640955167180845
T141Y,-0.10899408333694194
T141C,-0.38115798844804083
T141W,-0.398597722714865
