mutant,fitness
V184T,1.7939807214772934
V184S,1.4835333344788322
V184D,1.3287265304157176
V184N,1.3124723101874172
V184G,1.237215071247143
V184E,1.2116387072948172
V184A,1.1834518050597957
V184R,1.1427084399392498
V184K,1.0839954599721109
V184I,1.0573568775772337
V184Q,0.9719006032350286
V184L,0.8955919919259548
V184M,0.75314868831566
V184P,0.6201665607247477
V184H,0.5961820150594866
V184F,0.4940371421575943
V184Y,0.23269540085696888
V184C,0.18210340323807636
V184W,-0.28005365310147395
