mutant,fitness
T97S,1.09242803184859
T97A,0.2650857831807232
T97D,0.11428614796806007
T97N,0.0862978832933893
T97P,-0.12337516602629686
T97R,-0.1405580725732986
T97E,-0.15018973759926518
T97V,-0.16087548900053172
T97H,-0.19030329417004682
T97Q,-0.29008615553123585
T97L,-0.2968002002130489
T97G,-0.38130780779994955
T97C,-0.38946932662025985
T97I,-0.3994142847664295
T97K,-0.4444530351865345
T97F,-0.5912545524390451
T97M,-0.5996488321762119
T97Y,-0.6797477597101113
T97W,-0.9603677624851079
