mutant,fitness
S11G,1.231348957738575
S11T,1.1656584731318418
S11A,1.0785781291846561
S11R,0.8114804559717095
S11K,0.7276592627861433
S11N,0.6760915994834484
S11D,0.6026196800061456
S11E,0.5740945149775869
S11L,0.5380446089857285
S11Q,0.5234455599917657
S11V,0.30126753091332287
S11H,0.2766446924698247
S11F,0.20070612513472602
S11C,0.195131794793935
S11Y,0.11928115813281084
S11M,0.022662611255240328
S11P,0.013225478921530337
S11I,-0.01042000182407432
S11W,-0.1750791168551343
