mutant,fitness
T264V,1.1714523603715143
T264E,0.8127132054704737
T264Q,0.8070727869147757
T264A,0.6513238572765482
T264I,0.585472030228328
T264K,0.5006319345708539
T264S,0.4203043968674681
T264M,0.3288858896015503
T264R,0.26283076703186
T264L,0.18521594063812571
T264N,-0.07460735619088721
T264D,-0.20488041159049614
T264H,-0.33087840209278124
T264F,-0.36125635683142576
T264C,-0.6216509513188524
T264G,-0.6676893177031121
T264Y,-0.7216273380523756
T264W,-0.9084067865248763
T264P,-1.2655166778018936
