mutant,fitness
F143Y,0.362378782213014
F143W,0.32747004190386503
F143L,0.1316169473530528
F143V,-0.2656831949648411
F143M,-0.3613145373075727
F143A,-0.4369228897698458
F143I,-0.4532190144907132
F143S,-0.4555843652307387
F143T,-0.7505082823749607
F143H,-0.8018742718803994
F143C,-0.8445145207571136
F143G,-0.9990436600841629
F143N,-1.0800916837169439
F143Q,-1.1340159746203393
F143R,-1.2216338360794317
F143D,-1.2606557545470747
F143E,-1.3481910256304857
F143K,-1.4457305220564944
F143P,-1.6126779412782222
