mutant,fitness
A123S,0.7813435528967735
A123G,0.5639619530783342
A123T,0.48907073801736306
A123V,0.37769968334987236
A123C,0.1322071948733381
A123F,-0.0158131430060984
A123L,-0.020491001675043787
A123I,-0.1455083025785288
A123M,-0.25836156426799317
A123N,-0.27084654948721787
A123D,-0.4220891976219949
A123Q,-0.4714898267708144
A123R,-0.5868461924167551
A123Y,-0.5968585611131444
A123E,-0.6898197485887598
A123H,-0.6996683895852616
A123P,-0.7014116635565845
A123W,-0.8822893696934532
A123K,-0.8953808767414446
