mutant,fitness
F65L,1.0176282827349514
F65Y,0.9100432007368091
F65V,0.33441410196600563
F65I,0.23511854726998885
F65M,0.18895780184392333
F65W,0.18451627962236652
F65A,-0.10576667227554915
F65T,-0.18459140625618978
F65S,-0.2170875534513489
F65H,-0.28632096551870245
F65N,-0.38013903421793604
F65C,-0.38567380359482983
F65Q,-0.46276301807332026
F65G,-0.4682583390416898
F65P,-0.5117708639084387
F65R,-0.6831701939191828
F65E,-0.694295199103623
F65D,-0.7023851298284938
F65K,-0.7359003792082222
