mutant,fitness
A41S,0.5681813418112176
A41T,-0.18734304376046318
A41V,-0.4219914933148458
A41C,-0.43386057822028434
A41G,-0.692535333378918
A41I,-0.9137371492875486
A41L,-0.9636856109460629
A41R,-1.0554181859918488
A41M,-1.112682765876594
A41E,-1.1434911682543245
A41D,-1.1606819732196074
A41Q,-1.1889152128120783
A41P,-1.2260449987594852
A41F,-1.260867630561465
A41N,-1.2859783692625064
A41K,-1.314838918709778
A41Y,-1.4525016484938147
A41H,-1.5135973932644364
A41W,-1.6577101651593074
