mutant,fitness
N16A,1.0797134200252523
N16D,0.9674623752006508
N16S,0.814275852729012
N16H,0.747283244276067
N16E,0.5443686819905316
N16T,0.5311839821277793
N16G,0.5186445592150215
N16V,0.4809149266125846
N16Q,0.43547939356376464
N16R,0.43247909481722774
N16P,0.41087511824472367
N16Y,0.3949812559840175
N16F,0.32567266538778056
N16K,0.243100209551107
N16L,0.22268207430413914
N16C,0.2036480707120838
N16I,0.02267166834144836
N16M,-0.11549171012450862
N16W,-0.17404954507613501
