mutant,fitness
A55Q,1.1070926020892644
A55S,1.0937825069315927
A55T,1.0850507099847229
A55E,1.056491204065206
A55G,0.9319741215996853
A55V,0.8295810135703696
A55N,0.8038057945479135
A55D,0.7227416033564202
A55R,0.6372505922503766
A55K,0.6290482296351497
A55L,0.5004488313635066
A55M,0.2764103657810909
A55H,0.27549018086814625
A55I,0.2686770426363419
A55Y,0.23394626072615696
A55F,0.21644943967095354
A55P,0.08777969556121362
A55C,0.05478579630950063
A55W,-0.06371576996686908
