mutant,fitness
M214L,1.2280086325574175
M214I,1.0955884509148666
M214V,0.8559513964501022
M214T,0.45308742471729935
M214F,0.4236850421944193
M214Q,0.2792731406899847
M214A,0.24834077720885334
M214C,0.19697487911629818
M214R,0.18606618669579378
M214K,0.13805345063586386
M214P,0.07191153866056627
M214Y,0.02743740261622011
M214E,0.005296453236667012
M214N,-0.0019852471502175006
M214S,-0.03608521064114983
M214W,-0.19386704360956772
M214D,-0.2343881800847751
M214H,-0.36826416843197407
M214G,-0.3860351863285975
