mutant,fitness
P107A,0.4067544523309865
P107L,0.2664920926798029
P107S,0.2283711883226944
P107T,0.21375966688786294
P107G,0.15681794560792622
P107V,0.09533197431521515
P107K,-0.01983082201270364
P107R,-0.021247259752710357
P107I,-0.04230443981699897
P107E,-0.11585325446666853
P107N,-0.14987131596858427
P107Q,-0.15847153681782286
P107F,-0.16700202033966202
P107M,-0.1834427550039614
P107D,-0.19583605577029867
P107H,-0.3040041762764008
P107Y,-0.34312474314199254
P107C,-0.5497990871503652
P107W,-0.6439403026831523
