mutant,fitness
T161S,0.8961827919418063
T161A,0.8032262201772806
T161K,0.6665887024834082
T161D,0.6075722947688303
T161N,0.5678558361996044
T161E,0.5067084924532868
T161Q,0.4189965964584598
T161R,0.40477449518171
T161V,0.18748725031141802
T161H,0.1483532410983783
T161I,0.09455797359314921
T161L,0.06664826313755912
T161G,0.03960574211658793
T161P,0.030342660348654096
T161M,-0.16013122389583428
T161F,-0.22388777832679932
T161Y,-0.2907719509786083
T161W,-0.5882132266529297
T161C,-0.6634648287299212
