mutant,fitness
Q62M,0.8742636703755953
Q62E,0.5181167688269896
Q62K,0.511952043865752
Q62R,0.47738464014193993
Q62T,0.33951990984274916
Q62I,0.3303471236730533
Q62L,0.30573233119489723
Q62G,0.2774132732228259
Q62V,0.23153992010500585
Q62A,0.19234687401673314
Q62N,0.17758509124730093
Q62S,0.15934382578544015
Q62H,-0.0007052850943333952
Q62D,-0.13912442640590783
Q62F,-0.2582550789157355
Q62Y,-0.36703848409300244
Q62C,-0.38714285593634556
Q62W,-0.5289083259042296
Q62P,-0.6630199031719158
