mutant,fitness
G154A,-0.11052004076308299
G154S,-0.1882502587127492
G154N,-0.19628569921839972
G154D,-0.40826723611822985
G154E,-0.5137125773862128
G154R,-0.5149959870484427
G154H,-0.5684943775360826
G154P,-0.574292650204765
G154Q,-0.5762215911139597
G154T,-0.651332073063468
G154K,-0.7051735980142035
G154V,-0.7847388758151821
G154L,-0.8301573148700612
G154C,-0.8612679633874538
G154Y,-0.8975158992044217
G154F,-1.0398986854197276
G154I,-1.049172645299387
G154M,-1.1537445005241955
G154W,-1.3475347956924453
