mutant,fitness
V283A,1.2568940652135612
V283L,0.685682640932674
V283I,0.614076124689376
V283T,0.5098531851523745
V283M,0.4557615978860379
V283F,0.3763345817266159
V283S,0.3617940603255835
V283G,0.3103320712483287
V283Y,0.010917784132983971
V283C,0.00400637374189497
V283N,-0.13729174515641818
V283W,-0.22627080465410226
V283Q,-0.31228315856674926
V283E,-0.38339371711251746
V283D,-0.6933618225840301
V283H,-0.6991890741940503
V283R,-0.8113373325225759
V283P,-0.8612639688882657
V283K,-0.8789729573160145
