mutant,fitness
P102A,0.8245594717259594
P102S,0.7807646664489213
P102T,0.6392455052518559
P102R,0.6314887679484508
P102E,0.5970421103767118
P102Q,0.5805293749514289
P102L,0.5404110995438405
P102V,0.5035878379008678
P102D,0.4824396693722418
P102K,0.46608682562634207
P102N,0.46594084983630846
P102H,0.30404336906771967
P102I,0.2695355438755723
P102G,0.2350430395173247
P102F,0.07445828954723413
P102M,0.06682849557280124
P102Y,-0.10164816175638743
P102C,-0.29500762889727844
P102W,-0.3144374521563087
