mutant,fitness
D213S,0.9373997236005942
D213N,0.8789692178084056
D213P,0.8150678992445684
D213T,0.762175268347731
D213G,0.32541961173481915
D213E,0.2778023124057075
D213A,0.11417218467963264
D213R,0.10145247049007255
D213H,-0.1641478942093895
D213Q,-0.21805293585008173
D213K,-0.30030996136315175
D213Y,-0.492094428039254
D213C,-0.5643987248305022
D213L,-0.701403312052126
D213V,-0.7065465007809104
D213F,-0.8421408467741984
D213I,-0.941327779270443
D213M,-0.9588197186213134
D213W,-1.093838349333498
