mutant,fitness
K300T,1.5245369763313787
K300D,1.514942828297483
K300Q,1.4838259642008966
K300N,1.448966789231666
K300E,1.4111135454636927
K300A,1.3359642317177354
K300S,1.301117471740496
K300R,1.2995765515016156
K300V,0.8793042021581199
K300G,0.7396917058759356
K300I,0.6985791669769332
K300H,0.6920457728111825
K300L,0.6438677658253686
K300M,0.4754999848768225
K300F,0.18406170081093604
K300Y,0.12939483233737076
K300W,-0.11712779209023053
K300C,-0.15372609681198832
K300P,-0.3200482779979503
