mutant,fitness
N59T,1.3331700555843895
N59Q,1.2549148601762576
N59A,1.252980389281174
N59S,1.2393383859685374
N59K,1.2344098683510656
N59R,1.1705007491503412
N59E,1.0339960645572805
N59D,1.0264842602466846
N59G,0.8625771686595628
N59H,0.835822130727361
N59L,0.7667388824454249
N59V,0.5221705303973231
N59I,0.5077453801823293
N59Y,0.33881152020533967
N59M,0.29468391266625904
N59F,0.26429974998806305
N59W,0.16579370081506117
N59C,0.15025725105136994
N59P,0.14401893213102768
