mutant,fitness
N159D,0.7416916209934945
N159S,0.22363448835488942
N159T,0.1840336108912184
N159G,-0.01743913119258514
N159A,-0.44799192962856565
N159Q,-0.5015613133894468
N159E,-0.5038535564894162
N159H,-0.5247684831261199
N159K,-0.6422718531102771
N159R,-0.6617284296259578
N159C,-0.7262941570381656
N159P,-0.8486760342029334
N159Y,-0.9107893332368562
N159L,-0.9156767592193085
N159I,-0.9960523355100193
N159F,-1.034818949450842
N159V,-1.1024997690480565
N159M,-1.1188473514419184
N159W,-1.2509993076624126
