mutant,fitness
F153Y,1.1676931384871594
F153H,0.7670337856572236
F153L,0.5568342136311304
F153V,0.41849925044530556
F153N,0.32308698154330545
F153S,0.3116276750513975
F153A,0.2117505843974748
F153R,0.18325815440811388
F153T,0.14095064813430494
F153W,0.10140001689492183
F153I,0.0766784686369188
F153K,0.07438278024134569
F153Q,0.06607296452416725
F153E,-0.02465271148227155
F153D,-0.12391429951927316
F153M,-0.16300007733492855
F153G,-0.18069253007744843
F153C,-0.2219807506259569
F153P,-0.4440271099991394
