mutant,fitness
F310Y,1.278507953505411
F310W,0.6542027878884338
F310H,0.3537178862809106
F310A,-0.02324498370935746
F310N,-0.1308046138907945
F310S,-0.21983483159821154
F310L,-0.2523936519775654
F310M,-0.2817247212925038
F310Q,-0.34405909555523306
F310V,-0.4391755857636156
F310T,-0.4409923607842878
F310R,-0.4743557577239125
F310D,-0.5146820434253145
F310K,-0.5659241561612689
F310I,-0.5701535731541004
F310G,-0.6062252198965828
F310E,-0.6406852050487366
F310C,-0.8575371691939178
F310P,-1.6753459449027097
