mutant,fitness
R299K,1.3477733661626559
R299V,0.9949604451974163
R299L,0.977470948404323
R299Q,0.8489606279463788
R299E,0.741539572627418
R299I,0.6584416942942086
R299T,0.5437544350459337
R299A,0.3983423976800818
R299S,0.2068504537012041
R299M,0.20318060183294434
R299N,0.10393725000111816
R299Y,0.05749966702054751
R299F,0.043740160997716854
R299G,-0.01425954443644141
R299H,-0.11920874916009115
R299W,-0.13219626417161523
R299D,-0.136120158081283
R299C,-0.28709132359111794
R299P,-0.7424997434692557
