mutant,fitness
I87V,1.445169633552529
I87L,1.267396857511842
I87A,0.5432557742585508
I87F,0.433743208387287
I87T,0.40326397658414204
I87M,0.3413486457643042
I87E,0.08362693489680359
I87Y,0.08232965638151579
I87S,-0.009557384561044019
I87C,-0.011644688870463688
I87N,-0.12098971385364793
I87W,-0.17529813330131525
I87Q,-0.17831540039380536
I87D,-0.1869235269008241
I87R,-0.2496947828887994
I87G,-0.2673239070940237
I87K,-0.2690736427042774
I87H,-0.37610474999771304
I87P,-0.44642106566127837
