mutant,fitness
K23R,1.4766114488094388
K23Q,1.4441637867049306
K23L,1.2255686114265267
K23E,1.1873634410894818
K23V,1.1552827437746336
K23I,1.1406080358997406
K23M,1.1310255520672157
K23T,1.0333988791741624
K23A,0.9936494162502516
K23S,0.8862804013932677
K23N,0.8548211849277864
K23H,0.8047697003099233
K23D,0.47387336364281324
K23G,0.45438596432519646
K23F,0.42135219071145613
K23Y,0.410577298446438
K23C,0.3784150489294762
K23W,0.10392992424369905
K23P,0.09749230726142555
