mutant,fitness
G84A,-0.5658593434656652
G84S,-0.7820561873209498
G84D,-0.9012888363953859
G84E,-1.062526533984513
G84N,-1.1295098144657438
G84R,-1.1496503068398483
G84C,-1.252732255173766
G84P,-1.2996276872442405
G84V,-1.3199831405513442
G84T,-1.3526123709039104
G84H,-1.3568814958437505
G84K,-1.4085771337260784
G84Q,-1.4299445463859648
G84L,-1.435092061712548
G84F,-1.539404729689581
G84I,-1.645376655060753
G84M,-1.7736864651366435
G84Y,-1.8229655374162723
G84W,-1.8924400080145012
