mutant,fitness
D185S,1.4916820260237023
D185N,1.3678236664398817
D185G,1.2994021648628231
D185A,1.2092776186024188
D185T,0.9149648934186461
D185Q,0.8161679280688163
D185P,0.7742242327390885
D185E,0.6208339235592376
D185F,0.5987816653541977
D185R,0.5746260382616212
D185L,0.4723822570722934
D185H,0.45649395614401117
D185M,0.3520486865652718
D185Y,0.3221202700602295
D185K,0.24685270209280774
D185V,0.19977253712743182
D185W,0.19914028585019988
D185I,0.08623215207805562
D185C,-0.12158803234598803
