mutant,fitness
N305S,0.9546216669717307
N305A,0.9037718804138943
N305T,0.6623779968869254
N305Y,0.5915918122717257
N305E,0.5203745225512263
N305Q,0.4957716873379478
N305D,0.48288137582525203
N305H,0.43725977598261295
N305V,0.2970508365474254
N305G,0.2957926393154063
N305L,0.19439636013064182
N305C,0.18937490351276756
N305M,0.10303883363617912
N305F,0.1027448622107878
N305R,-0.00945074732608897
N305I,-0.019760640394671278
N305K,-0.15726149134368927
N305P,-0.39344004728897564
N305W,-0.5552452116510963
