mutant,fitness
A233S,1.0862284893824137
A233R,1.0211063310186397
A233T,0.9026317500887456
A233Q,0.8510933002603518
A233P,0.8495918593470952
A233H,0.5945268239126658
A233V,0.5241286900619717
A233K,0.5020799512967671
A233N,0.46887463634549115
A233I,0.29335576503219074
A233L,0.26159967199179485
A233G,0.24120457151587602
A233M,0.21570700010427485
A233C,0.19515358419204445
A233D,0.15960997149703665
A233E,0.13825108229448688
A233Y,-0.08598652592484915
A233F,-0.11797127332978713
A233W,-0.39667036972801484
