mutant,fitness
P104A,0.514747075441913
P104S,0.23749551351215617
P104L,0.12352190834159568
P104T,0.06786562071829004
P104G,0.00027289868356222824
P104D,-0.19278938478322483
P104E,-0.21542844216880686
P104Q,-0.2781655216481276
P104V,-0.29025677856770915
P104N,-0.31996386109285113
P104F,-0.3347782752356356
P104C,-0.3905564850565662
P104R,-0.43993272193718597
P104I,-0.5278262399860211
P104H,-0.531965528222186
P104Y,-0.6394032516664936
P104K,-0.6587470532774158
P104M,-0.6791579071156383
P104W,-0.8956339789443127
