mutant,fitness
A52S,0.36918861563972366
A52G,0.20202362468126364
A52V,0.14433499211708495
A52T,0.08641704575910686
A52D,-0.03238604149161714
A52E,-0.07025633971152132
A52C,-0.168085381045844
A52L,-0.2014992312058933
A52N,-0.22363599515071836
A52P,-0.26177181454897613
A52Q,-0.30446105235580984
A52M,-0.37349791286334544
A52I,-0.40065559675176354
A52R,-0.558031749514573
A52K,-0.6576606401470455
A52F,-0.8077067362312522
A52H,-0.8578146172933518
A52Y,-0.9243486157052132
A52W,-1.3840150172159031
