mutant,fitness
G164A,1.2454171550321276
G164S,0.9183839395428516
G164T,0.31471986850606715
G164Q,0.1771288973289723
G164R,0.11728435126329892
G164E,0.10113236067368142
G164N,-0.0016942277417092838
G164K,-0.09162993635041766
G164D,-0.23074286306768027
G164H,-0.2338817037404871
G164C,-0.30638691591629086
G164V,-0.4990740592708648
G164L,-0.5434144062854185
G164M,-0.5434365980695223
G164Y,-0.6212298391256253
G164P,-0.688706552288517
G164F,-0.7240177508596524
G164I,-0.8834780794707314
G164W,-1.0273929738768321
