mutant,fitness
Q319K,0.7687730803276922
Q319R,0.7226421411099024
Q319E,0.6430029736149024
Q319P,0.40803420706733046
Q319A,0.39641912466347495
Q319N,-0.011970653813699286
Q319H,-0.035725555231544345
Q319T,-0.07578658657315235
Q319S,-0.08872243908617078
Q319D,-0.1898006863146937
Q319V,-0.2670943946857176
Q319M,-0.30810552610090747
Q319L,-0.3346856152614297
Q319G,-0.40419164429606663
Q319I,-0.5436706494268371
Q319C,-0.9402594150329049
Q319Y,-1.0630079932720808
Q319F,-1.2138706270827586
Q319W,-1.3478819352288125
