mutant,fitness
L160F,0.9009059103459347
L160M,0.8425476180278325
L160Y,0.75578352353823
L160A,0.724421686960508
L160I,0.7192112315347085
L160V,0.6809725691440588
L160Q,0.4630126749717123
L160T,0.4351717382272732
L160S,0.3784983787785203
L160W,0.36828097189785436
L160H,0.3386928561089125
L160R,0.21266905831298172
L160K,0.18509551707506502
L160N,0.16209948105655214
L160E,0.1433239911901052
L160P,0.06487333931081288
L160G,0.05915895415932433
L160D,-0.014878879228272662
L160C,-0.294098434360128
