mutant,fitness
V162T,1.0548078682234292
V162A,0.9490234300828012
V162S,0.6196043986367077
V162I,0.21366887026033737
V162N,0.16207465073849991
V162L,0.15988420049875468
V162M,0.1287992580465111
V162C,0.04112728585244968
V162E,-0.004849159173843362
V162Q,-0.01614890785599002
V162D,-0.0281037611405755
V162G,-0.09319480761013646
V162H,-0.27038245373296305
V162F,-0.4365151240485007
V162R,-0.44020190448399343
V162K,-0.5323177258636275
V162Y,-0.692610100248618
V162P,-0.7124705764661291
V162W,-0.9111413383954001
