mutant,fitness
Q252K,1.2594363452146573
Q252L,1.222238861006944
Q252A,1.202801055686417
Q252R,1.097544489819799
Q252S,1.0553913530002834
Q252E,0.9738094467278191
Q252T,0.8931956989214128
Q252V,0.8360328856648958
Q252N,0.6745750364296268
Q252P,0.6700441103028164
Q252M,0.6253431899837587
Q252F,0.5585001922643602
Q252H,0.48306894722028126
Q252D,0.3264875527183394
Q252G,0.2970881553334914
Q252I,0.2753658730413308
Q252Y,0.2544441971159231
Q252W,-0.10531268496604075
Q252C,-0.20779927305677875
