mutant,fitness
Q311S,1.3654858233726606
Q311A,1.2434166204159218
Q311E,1.172250843051121
Q311K,1.1710437094373
Q311D,1.1286589906183897
Q311R,1.0526942072830008
Q311N,1.0114350815684865
Q311T,0.9856178654945222
Q311G,0.9515764291260489
Q311L,0.6463374857519952
Q311H,0.4506109087480753
Q311P,0.33913912506808463
Q311V,0.26354624095572543
Q311Y,0.14240799880880906
Q311I,0.07566379898584846
Q311M,0.06159788162111142
Q311F,-0.2128318993070731
Q311C,-0.40700863429467743
Q311W,-0.45198197919515204
