mutant,fitness
A248K,1.0983740928774233
A248R,1.0497115700944057
A248Q,0.9561492886831532
A248S,0.7824854291296313
A248T,0.7302397349382304
A248N,0.7109589407267236
A248L,0.6745345783741552
A248E,0.5641142144394515
A248M,0.423052804780257
A248D,0.33589797556193735
A248G,0.2334835158761257
A248H,0.21556092327050833
A248V,0.18400543927671692
A248I,0.13598851296356432
A248Y,-0.0920212289881111
A248F,-0.34949901307240916
A248C,-0.6010694600730735
A248W,-0.6787917133969107
A248P,-0.7232766594318716
