mutant,fitness
P106A,1.3992372810257518
P106S,1.071124923325042
P106K,0.9633777724439831
P106R,0.9522077132699023
P106G,0.9235273495701465
P106L,0.8557654393462304
P106T,0.8350622347252813
P106Q,0.8294920938521784
P106D,0.7909483188140725
P106E,0.7696379304372081
P106N,0.7062567931230352
P106V,0.5893063876705691
P106H,0.5306984173637939
P106I,0.32268182486771557
P106F,0.24120800108293644
P106M,0.23340151150962546
P106Y,0.07504344368942892
P106C,-0.06101497092896463
P106W,-0.15648013958073728
