mutant,fitness
L277V,0.7208536025530454
L277A,0.6835345774436123
L277K,0.611085672160681
L277Q,0.5973792492377172
L277I,0.5655329656902743
L277T,0.4855676361401543
L277R,0.4777515043560023
L277S,0.3666909153547866
L277E,0.2579229790355144
L277G,0.25015005826873327
L277M,0.21959470859662483
L277D,0.16069955502267022
L277F,0.15762410099306726
L277N,0.06039195406693365
L277Y,-0.050135064062047874
L277H,-0.258148045876332
L277P,-0.26120218796067857
L277W,-0.42223701183531714
L277C,-1.1607522134543906
