mutant,fitness
M226F,1.3393322618648247
M226L,0.9739227930843163
M226Y,0.7391953113646985
M226W,0.37184058541695353
M226I,0.35907711718403823
M226V,0.30079087666642523
M226A,0.05018282849575795
M226T,-0.23180599322786055
M226N,-0.32815962616876193
M226S,-0.3350155662345595
M226H,-0.469371964785025
M226Q,-0.5226872289898674
M226P,-0.6086488838159081
M226C,-0.6491886643846961
M226R,-0.6808472326494401
M226K,-0.8347047225463641
M226D,-0.9364683906892259
M226E,-0.9650254051917401
M226G,-1.009424248398809
