mutant,fitness
R255K,1.1064622945185683
R255A,0.9612182583625763
R255H,0.9347777946546147
R255S,0.9272940016576947
R255G,0.9036502451061662
R255Y,0.7230818382494553
R255F,0.5784336390741887
R255N,0.5091067105890668
R255T,0.476247629427727
R255Q,0.47367838004203777
R255M,0.3469018506922876
R255V,0.2232617438366315
R255E,0.2075867780080153
R255L,0.01893993194359095
R255W,-0.051173501490567486
R255C,-0.07072583847758036
R255I,-0.2513878925014045
R255D,-0.41840077715854185
R255P,-1.112379970104047
