mutant,fitness
N261D,0.5674848229945719
N261G,0.31751798245762997
N261S,-0.2190680088007031
N261K,-0.2847358140615962
N261Q,-0.32188185242652345
N261H,-0.36905429396026185
N261R,-0.45133058997978015
N261E,-0.4575005607533209
N261A,-0.5151966369643249
N261L,-0.9182266374817123
N261T,-1.0329551445117005
N261Y,-1.038097532814313
N261M,-1.209752994975909
N261F,-1.259573864644619
N261P,-1.3476791944420092
N261C,-1.3654967291856752
N261W,-1.392769311874265
N261V,-1.6128842518075928
N261I,-1.861375966132127
