mutant,fitness
G28D,0.5987490358962289
G28S,0.5967147413574114
G28N,0.5359597489038002
G28A,0.5238684670779797
G28E,0.45529590609172677
G28T,0.4405732147787865
G28R,0.27487671592548113
G28H,0.17698568774901077
G28Q,0.14853710045731391
G28K,0.1348063484063088
G28L,0.06780509732274251
G28F,-0.1821518641638765
G28V,-0.18719149355294173
G28C,-0.2052108449130295
G28Y,-0.22077687921993247
G28I,-0.3820845161054798
G28W,-0.39690983797685103
G28M,-0.4309109589028257
G28P,-0.45793365735633235
