mutant,fitness
L107M,0.2695043970860414
L107V,-0.07101083014275299
L107I,-0.0950858497717182
L107F,-0.3334095592728735
L107C,-0.5137741838411134
L107A,-0.5167026948092545
L107S,-0.7131684716603679
L107T,-0.745612747081544
L107Q,-0.8428399148972339
L107G,-0.8539946822285984
L107H,-0.8544226587265261
L107Y,-1.013418103717758
L107R,-1.1117792899197863
L107N,-1.1305296208432758
L107E,-1.1452139577679339
L107W,-1.1778681205331487
L107D,-1.194288114766102
L107K,-1.4128245116240554
L107P,-1.6119101821861348
