mutant,fitness
F88Y,0.8351476320482742
F88L,0.4590605074673672
F88W,0.35336828429774125
F88I,-0.015278288552144637
F88H,-0.020326412418071996
F88M,-0.027361556485953648
F88V,-0.2165550954367446
F88A,-0.4685348130963049
F88C,-0.6504531988041917
F88R,-0.6981394550084883
F88Q,-0.9521942422083477
F88S,-0.9628705069416941
F88T,-1.0157615900919499
F88N,-1.0548644554966453
F88K,-1.1709610251973364
F88E,-1.2333061928126297
F88D,-1.3568809054345432
F88G,-1.5278247304975798
F88P,-1.8646657513805769
