mutant,fitness
Q208E,1.5497175931371545
Q208K,1.5413544839663134
Q208T,1.417599630599238
Q208S,1.3844083118010473
Q208A,1.2989215859915668
Q208R,1.1793447024060457
Q208H,0.9823703155357149
Q208N,0.9091155890299478
Q208G,0.7940425742151389
Q208D,0.707505068876066
Q208V,0.6961568774096519
Q208L,0.5836471753666983
Q208Y,0.4714607167592839
Q208P,0.37039220082675234
Q208M,0.36534649359233007
Q208F,0.2898166187752495
Q208I,0.23984653615287638
Q208C,0.15068189250518083
Q208W,0.03420597115179014
