mutant,fitness
T37P,1.653675705085599
T37K,1.5967531391802796
T37A,1.5738721034453578
T37S,1.5583618763724976
T37Q,1.5205952430173761
T37G,1.514408401563036
T37N,1.5114453606883924
T37E,1.5002302556700404
T37D,1.4541931340680792
T37R,1.365762982691797
T37H,1.2929550539237746
T37L,1.1918248797475313
T37V,1.1720736600002097
T37I,1.0565231033478582
T37M,1.0122917379452325
T37Y,0.7909065690646409
T37F,0.7794237673426296
T37C,0.7325176379430367
T37W,0.5449737195765432
