mutant,fitness
R95K,1.0003219471526426
R95H,0.8455462511135041
R95Q,0.7155664290481838
R95L,0.6865294975031145
R95A,0.43453603958849274
R95M,0.4145792139486704
R95N,0.39213284899581285
R95P,0.33852064326826037
R95S,0.2846870591326833
R95C,0.2748229927756527
R95T,0.25347314758317163
R95E,0.2039819015025216
R95F,0.14438257060698925
R95Y,0.12917973734185823
R95W,0.11192566325726394
R95D,0.04660980261670908
R95V,0.0021544977518940245
R95I,-0.0076135355203537924
R95G,-0.07744915919364284
