mutant,fitness
G265D,0.4530806131043518
G265N,0.4243910501602054
G265E,0.2723263096740852
G265K,0.19216871879678243
G265S,0.15134365546228734
G265R,0.0799992285381822
G265H,0.0035798952911090254
G265Q,0.0019381365058577238
G265A,-0.12265707189266095
G265T,-0.2849196590022046
G265C,-0.7829272875830591
G265Y,-0.8361789933723716
G265V,-0.9193370149340746
G265P,-1.0032197138669177
G265M,-1.01814139945774
G265L,-1.0890648157610914
G265F,-1.1274487816118213
G265W,-1.237800625014008
G265I,-1.3321465784674156
