mutant,fitness
L299M,1.1422065010505105
L299Q,0.976824080677951
L299E,0.8362058070717002
L299I,0.6870819788674584
L299V,0.6328139825074893
L299T,0.5823429181424233
L299K,0.5230617834065002
L299R,0.4748230050554719
L299N,0.3410467033177389
L299D,0.309554966800488
L299S,0.2967133351639696
L299A,0.2826594896884587
L299H,0.2678635319938328
L299C,0.2365868327928511
L299F,0.1930235139443804
L299Y,-0.13480712408679377
L299G,-0.34399714068036524
L299W,-0.3491726406167749
L299P,-1.2825410899859913
