mutant,fitness
V23I,1.2545513595638116
V23L,0.8967722414939472
V23T,0.8934300787480239
V23A,0.8291357780905286
V23D,0.7849878454893296
V23N,0.7098722369332722
V23M,0.6842511970717353
V23C,0.648506258802456
V23S,0.6066841933237943
V23E,0.5624315113103067
V23H,0.49504070587874754
V23F,0.45181398732329586
V23Q,0.4488211895768264
V23K,0.43280566609211363
V23Y,0.3515672551308686
V23R,0.3470823679198426
V23G,0.20909882431298593
V23W,0.10261185381558843
V23P,-0.11330500902958313
