mutant,fitness
S283A,0.42394638031771953
S283T,0.17147471021787258
S283C,-0.20781134784904665
S283G,-0.4408652230390834
S283N,-0.5867084122181099
S283R,-0.7142762260061406
S283L,-0.7270348855028974
S283D,-0.792881031132736
S283Q,-0.8572287970476926
S283H,-0.9054875122275103
S283F,-0.9272049503251267
S283P,-0.9357448089360794
S283K,-0.9396554282504418
S283E,-0.9702317371923974
S283Y,-1.0092708389788463
S283M,-1.0281475909056996
S283W,-1.1758950698654282
S283V,-1.1879354465376624
S283I,-1.288901274899307
