mutant,fitness
S114T,0.691219048412445
S114A,0.66086482788177
S114C,0.659300290982157
S114N,0.3368102488396104
S114G,0.2983128168932247
S114R,0.25731934693956116
S114L,0.2373510109523037
S114D,0.21651103599144156
S114K,0.1057776019552294
S114Q,0.10357411103262415
S114E,0.10063142577092388
S114F,0.0105360561263792
S114H,0.004004848591590782
S114V,-0.011206431828117647
S114M,-0.03334789222232104
S114I,-0.07631606998124063
S114Y,-0.09481354585088375
S114P,-0.2001604591839053
S114W,-0.37523240328707186
