mutant,fitness
A103S,0.35659679554006146
A103C,0.32068971659693324
A103G,0.3194045217947563
A103T,0.0515211235486564
A103M,-0.14387698110157798
A103V,-0.2830529670926125
A103L,-0.4134499766646388
A103I,-0.6066366863636741
A103N,-0.8865951725688492
A103Q,-0.9488033244952288
A103R,-0.9773160856357563
A103E,-1.0344899812912836
A103F,-1.0796155973286663
A103H,-1.1783592727431853
A103D,-1.1799592870270037
A103Y,-1.1870160684457998
A103W,-1.3327872397070077
A103K,-1.3377821609753193
A103P,-1.4410222265091615
