mutant,fitness
A9S,1.2023342014548823
A9T,1.1573691552493792
A9V,1.1425541881660468
A9P,0.9777837327966128
A9Q,0.9643173555593985
A9N,0.8891314592805045
A9L,0.8752067179478281
A9I,0.8416060164711305
A9R,0.8315595200424879
A9E,0.8059417217157638
A9G,0.803558724214581
A9D,0.7794361102430933
A9H,0.7574678789426568
A9C,0.7497771103052097
A9K,0.7356355226316978
A9F,0.7298286425757358
A9M,0.7236944969849564
A9Y,0.6655701822669985
A9W,0.3593392406407023
