mutant,fitness
F68L,0.3631867109905528
F68Y,0.32644545714103956
F68H,0.1836248239559709
F68M,-0.18158574361075108
F68W,-0.2737328629444938
F68V,-0.28242572403823146
F68I,-0.3281162309935449
F68A,-0.3303640300620505
F68S,-0.3461208307666195
F68T,-0.42438088408899327
F68C,-0.43402775543087835
F68N,-0.6294670188016691
F68Q,-0.7255159107719075
F68R,-0.9679435679681381
F68E,-1.0497859799558882
F68K,-1.0672954867956577
F68D,-1.0679873291535888
F68G,-1.0755194499443057
F68P,-1.598190129388443
