mutant,fitness
R135K,1.1859285802853345
R135Q,0.728871611611859
R135A,0.6946213412144204
R135H,0.544051541049282
R135L,0.4579228913163663
R135S,0.45445772957942376
R135N,0.43121329482669857
R135E,0.26444895848814465
R135C,0.24155764476286373
R135T,0.22409430863440888
R135M,0.08333494875688627
R135I,0.04962386776978173
R135V,0.014454549516977569
R135G,-0.025877869592678272
R135D,-0.10924051065692009
R135Y,-0.5078803114365942
R135F,-0.5767431248053769
R135W,-0.6292115813761621
R135P,-1.3051884268810992
