mutant,fitness
F189Y,0.5090547206930782
F189W,0.4976683187691745
F189M,0.13003586087913493
F189A,0.09366426455789446
F189L,0.05672662490416533
F189C,-0.07737545158221608
F189V,-0.08964922930612514
F189S,-0.16574691948528636
F189H,-0.2351231092290303
F189T,-0.2963362293454736
F189I,-0.3324822124922385
F189N,-0.45499221260593226
F189Q,-0.5981308743285043
F189R,-0.6056598540112501
F189K,-0.7587756802403098
F189E,-0.9553241985421181
F189G,-0.986076096850036
F189D,-1.022801690718821
F189P,-1.2624959722944002
