mutant,fitness
E293D,1.2100147285063931
E293A,0.8519601542151636
E293Q,0.7292673402867826
E293K,0.65260044510749
E293T,0.5425398326591397
E293V,0.4924284527776844
E293S,0.47700321332796947
E293N,0.31984656600692296
E293L,0.3152868742266247
E293R,0.23672687728075836
E293H,0.14655160360274666
E293M,0.011040493550200606
E293I,0.0002935455780827545
E293G,-0.06432695584103187
E293Y,-0.4141943845795206
E293C,-0.5107083564933623
E293F,-0.5560070972553037
E293W,-0.6726150412059734
E293P,-0.9322513801348903
