mutant,fitness
M262A,0.8117281253290939
M262C,0.6831871524807571
M262L,0.6677784489635781
M262T,0.5666063965915518
M262S,0.4355828213419252
M262V,0.3844683692329275
M262E,0.3610674752827133
M262Q,0.3320326186740333
M262I,0.24413603033414844
M262K,0.05840607751047192
M262F,-0.017661798005994447
M262N,-0.10340906949915969
M262R,-0.12150319100389825
M262H,-0.14710132522317834
M262G,-0.37145689625082773
M262Y,-0.3788465034227603
M262D,-0.4254072382339415
M262W,-0.589822054460138
M262P,-0.8632387952781827
