mutant,fitness
M155L,0.9388760127986358
M155I,0.468722216991978
M155V,0.27221091896696914
M155Q,0.2615710571031352
M155A,0.25376137399552057
M155T,0.14279135668157042
M155C,0.05820095030679279
M155S,0.0537756304916423
M155F,-0.10230994570457862
M155K,-0.27276059303028716
M155W,-0.2869851432690109
M155N,-0.2984494304484875
M155R,-0.3216954514657332
M155E,-0.3573312689141902
M155H,-0.37682462253325594
M155G,-0.4038802476103999
M155Y,-0.4090697716107648
M155D,-0.75310385761242
M155P,-0.9810991337546116
