mutant,fitness
R134K,0.46273621578642804
R134H,-0.2852630492319626
R134Q,-0.35910851471407823
R134A,-0.5623570388191843
R134C,-0.6735910063838955
R134S,-0.6786288600741048
R134N,-0.7620372856820634
R134E,-0.8224622536852608
R134L,-0.8236642576726132
R134G,-0.9136030548138183
R134W,-0.9486732670910025
R134Y,-0.9504389730370542
R134M,-1.0524285017682447
R134T,-1.057366602412309
R134D,-1.0836523012741546
R134F,-1.2043814344790205
R134I,-1.3369365125349848
R134V,-1.372565127596392
R134P,-1.7710174101202107
