mutant,fitness
K290N,1.822489709647614
K290D,1.6672527686327205
K290S,1.3706439652630058
K290R,1.1897915054720607
K290E,1.116651142031467
K290Q,1.090318152828492
K290V,1.087604341740626
K290A,1.0272343802960269
K290T,0.950437198786223
K290C,0.9201886217145383
K290H,0.8613049292707841
K290L,0.8315883268522506
K290I,0.745781647410804
K290P,0.5557806895222928
K290M,0.5309403450409245
K290G,0.4611814780959323
K290Y,0.1877379063316919
K290F,0.0315299685668925
K290W,-0.15088084455223838
