mutant,fitness
D51E,1.086651844441688
D51A,1.055480718370657
D51N,0.8915430451746894
D51S,0.8633744312747811
D51G,0.8281372009237347
D51Q,0.7351230865053454
D51H,0.6777472818986174
D51T,0.6187818494950894
D51L,0.5422767251865349
D51V,0.5206980428442999
D51K,0.5119587763231477
D51Y,0.4673678987358633
D51F,0.40654784169333336
D51R,0.3315395185072494
D51M,0.30893220095661006
D51I,0.30382249417341894
D51C,0.303023883166605
D51W,0.062440111434281576
D51P,0.05286890937805486
