mutant,fitness
F158Y,1.1085710456567752
F158W,1.0394461180008434
F158L,0.8748453703407527
F158V,0.8485013531388663
F158M,0.7676056686974295
F158S,0.6953567155053118
F158D,0.6645790811539801
F158H,0.6161678401792137
F158T,0.6005915724176922
F158E,0.5978893878041367
F158C,0.5801012388058463
F158A,0.5546561209154565
F158I,0.4602306259380026
F158Q,0.4174760088853519
F158N,0.22592969628369997
F158R,0.06738454745137726
F158K,-0.06447708846464509
F158G,-0.10067226331063833
F158P,-0.2832373077372954
