mutant,fitness
R274K,1.2593898790166194
R274Q,1.248616047931201
R274N,0.483766725388457
R274L,0.4691725176961458
R274T,0.3792838419334293
R274E,0.3431216516215097
R274M,0.33985723671998674
R274H,0.3318662022194815
R274S,0.30111322697670795
R274A,0.2627542338826069
R274C,0.1722964727603051
R274V,0.1444130644794367
R274I,0.1330798002417856
R274G,-0.13941824025483698
R274D,-0.16982977396024534
R274W,-0.34047746167429144
R274Y,-0.35098926889662124
R274F,-0.5527996080350628
R274P,-1.031734058017726
