mutant,fitness
D260E,1.6796782010735263
D260Q,1.2429177293948577
D260H,1.031096429305768
D260A,0.8259464368666263
D260N,0.8001879470060422
D260K,0.5882429351012146
D260S,0.5731400402571296
D260G,0.5290837058249338
D260R,0.49823522676235993
D260Y,0.33919297778881113
D260P,0.2554967658006143
D260V,0.18286324736940196
D260T,0.1645718867074858
D260C,0.13206936294123398
D260W,0.07422811626873776
D260M,0.03349803894131862
D260F,-0.04985068092332673
D260L,-0.26681054328827275
D260I,-0.27295227867415667
