mutant,fitness
V26A,1.134085648789565
V26L,1.1258994355346086
V26I,1.1229011371608328
V26T,0.9922784463095564
V26M,0.8783706319525054
V26R,0.8232372549198623
V26S,0.7871398852913987
V26E,0.7765851429750884
V26N,0.7108365662205228
V26K,0.7020512290011228
V26Q,0.6978999585752261
V26H,0.6915101436669054
V26F,0.6730533641582578
V26G,0.6725610725777039
V26D,0.6469038836999151
V26C,0.48430397265435965
V26Y,0.44774809061853704
V26W,0.33207609073666094
V26P,0.135433547039519
