mutant,fitness
Y207F,0.11207116597406422
Y207H,-0.28058751170412477
Y207W,-0.5618451086527829
Y207N,-0.714813734706286
Y207C,-0.7387445262227681
Y207S,-0.7909824547749598
Y207A,-0.9706502606668513
Y207L,-1.080630320313587
Y207Q,-1.1702216739656288
Y207T,-1.2106901106952341
Y207R,-1.2156130511180225
Y207D,-1.2280990013606425
Y207G,-1.2374501080237517
Y207M,-1.306810754742133
Y207V,-1.3189007365083456
Y207E,-1.3646338604597954
Y207K,-1.4274626557182322
Y207I,-1.576648645633292
Y207P,-1.9802686446475901
