mutant,fitness
H73R,0.08999054460031519
H73Q,0.08623349266200589
H73N,0.017658652048389706
H73Y,-0.014628973526412764
H73L,-0.2369363834746961
H73F,-0.44986576902353265
H73S,-0.5183600275178697
H73W,-0.520434834972566
H73K,-0.6002041855772708
H73A,-0.6039711598992794
H73E,-0.6041089109604127
H73D,-0.6307749523533304
H73C,-0.7803714713598728
H73M,-0.7974402803791225
H73I,-0.8265634315964525
H73T,-0.8832420845232598
H73V,-1.060025102301089
H73G,-1.0930354319187277
H73P,-1.2694572188469477
