mutant,fitness
L156A,0.6220108025168114
L156M,0.5251549729969808
L156F,0.5244890285406191
L156Y,0.48420740977024174
L156V,0.47860602039210476
L156I,0.41366780483294496
L156H,0.27159601678044637
L156S,0.2659787331694662
L156C,0.2646507971675413
L156T,0.15785724803206297
L156Q,0.04022485685275551
L156N,-0.029917891035754318
L156W,-0.07953127212996755
L156R,-0.1382950814921281
L156G,-0.1823162124481681
L156E,-0.42237143700658797
L156K,-0.4274804533948724
L156D,-0.6016917376142688
L156P,-0.6869674679150416
