mutant,fitness
L16M,0.8855913648238243
L16I,0.7430654243198004
L16V,0.6959870134597047
L16F,0.6386244532803045
L16A,0.454768281142363
L16Q,0.3761574558674944
L16T,0.3204396344137226
L16S,0.26402589171147917
L16H,0.25356586168517703
L16C,0.24186766572387433
L16R,0.2231879188393659
L16N,0.1971438073040497
L16K,0.17500225946277986
L16Y,0.1370834611055694
L16E,-0.00020692545994435707
L16W,-0.106548016772265
L16G,-0.27048600387965577
L16D,-0.29084882560946046
L16P,-0.517514951771672
