mutant,fitness
V100I,1.4203603943804193
V100L,0.5801164144941505
V100M,0.39802010520658504
V100A,0.12346370872848252
V100T,-0.0162499267799144
V100F,-0.19361043911032716
V100C,-0.2617606019988701
V100P,-0.30690439125004365
V100S,-0.7011396466648185
V100W,-0.8767328541756424
V100Y,-0.9788812325848395
V100G,-1.0033163640761256
V100R,-1.0177673661974702
V100Q,-1.07996584681502
V100K,-1.1787125816078365
V100N,-1.1961864249236216
V100E,-1.2743075471775285
V100H,-1.3492102641157593
V100D,-1.4951482999571808
