mutant,fitness
P186H,0.9511759000420208
P186A,0.8218941017033995
P186S,0.8006864134175263
P186Y,0.6262923794611628
P186N,0.5741712692305245
P186R,0.4668009753258256
P186T,0.44017191496205893
P186F,0.41926065293127635
P186Q,0.3968405202580182
P186K,0.2902780436862279
P186G,0.28416382003949325
P186V,0.2480197757520234
P186W,0.1453449510669076
P186D,0.1442159370622145
P186C,0.08538453901252721
P186L,0.03776501128857457
P186E,-0.0685029670307508
P186I,-0.14721604129391094
P186M,-0.3465130861172712
