mutant,fitness
Y282F,0.5381938444137945
Y282W,0.039684643496922994
Y282C,-0.24866898295241313
Y282H,-0.2690486626461215
Y282L,-0.33459015378671497
Y282S,-0.43014018079551103
Y282N,-0.5096964857924662
Y282D,-0.5630299778627716
Y282R,-0.6104154841343217
Y282M,-0.6146963351214287
Y282A,-0.7062333100017183
Y282K,-0.7733722221375001
Y282Q,-0.7815903167404952
Y282E,-0.7943947709301529
Y282G,-0.8289851470354335
Y282V,-0.8351834739379389
Y282I,-0.8598306629294928
Y282T,-0.8831213470799365
Y282P,-1.4871151508765426
