mutant,fitness
D115N,0.32794355701152955
D115E,0.19347819711517017
D115H,-0.050397054418859
D115G,-0.19804707681835784
D115A,-0.23259107062109202
D115Q,-0.27079348012583426
D115S,-0.2815310414570589
D115V,-0.3860808720100055
D115R,-0.4201556366136673
D115Y,-0.4235487341311384
D115L,-0.4248831952707535
D115K,-0.4272102866034751
D115T,-0.5183313876166029
D115I,-0.5969434818393512
D115C,-0.6087778750615982
D115P,-0.6493847879588405
D115F,-0.7096855532046034
D115M,-0.7588079837562369
D115W,-0.8983619668368225
