mutant,fitness
I123M,0.8970597237147833
I123V,0.8393104687537338
I123L,0.8085834722507592
I123T,0.42111294002570665
I123A,0.2265864481035364
I123S,0.10719644585133907
I123F,0.013900256402982696
I123K,-0.15832509310549253
I123R,-0.21277655804035578
I123Y,-0.2770317157638702
I123C,-0.2980750163530075
I123W,-0.38826348992246906
I123Q,-0.4097833151696251
I123N,-0.46959072766436344
I123E,-0.5462653126539012
I123H,-0.5671809705431571
I123G,-0.8301881516583022
I123D,-0.8750528344656634
I123P,-0.9293381160538267
