mutant,fitness
M1A,0.6425796940418554
M1S,0.597739252562794
M1V,0.5085202780202838
M1G,0.5046116095206076
M1T,0.4591444729001567
M1E,0.43739204241578766
M1P,0.4356221128754154
M1L,0.4260590656721367
M1R,0.37952537871439673
M1D,0.36447803450854277
M1Q,0.347794048990415
M1K,0.3284221070432492
M1N,0.324527122548781
M1I,0.28350575258805577
M1F,0.24404893349992837
M1H,0.164561222423897
M1C,0.14807005361630793
M1Y,0.100599206413996
M1W,-0.02442301275692571
