mutant,fitness
V145T,1.340577281024217
V145A,0.7944496245303978
V145I,0.5208079037570504
V145C,0.5065375083617362
V145S,0.21527537793477133
V145M,0.026793691209176324
V145L,-0.16862573621457055
V145F,-0.5956537335592214
V145G,-0.7434939671486389
V145N,-0.883371958860009
V145E,-0.932029985535605
V145Q,-0.9867736123711093
V145Y,-1.043914267713514
V145D,-1.0764950593829694
V145P,-1.1022483777857677
V145W,-1.1415721190839354
V145R,-1.1608324264984589
V145H,-1.1717093162934638
V145K,-1.1726269732988694
