mutant,fitness
G13A,0.9386842662755532
G13S,0.5514225536108944
G13V,0.5437668620228508
G13R,0.4888412567437415
G13L,0.48768542431952855
G13P,0.4247461721130115
G13E,0.4239802145239929
G13I,0.4154627745949554
G13Q,0.3371603340341037
G13D,0.3336294289003885
G13T,0.3221717026292444
G13N,0.3063655397692527
G13K,0.29443216447738263
G13F,0.2553598702037281
G13H,0.22315059856736458
G13M,0.21986877575624741
G13Y,0.09168050622761935
G13C,0.021990836520891316
G13W,-0.0073930586034335055
