mutant,fitness
L270M,0.6100511568197147
L270R,0.3927091606270185
L270F,0.21235337292930778
L270I,0.20773547029838146
L270V,0.17752188132306643
L270K,0.1588219224927337
L270Q,0.0911530250768458
L270Y,-0.023677328875985337
L270H,-0.1031698728574949
L270A,-0.24449096566471742
L270W,-0.29254049455152553
L270E,-0.3179847604849897
L270T,-0.34216315229052596
L270C,-0.41901304012892526
L270N,-0.5104823906291225
L270S,-0.5192679933404565
L270G,-0.7214591433019772
L270D,-0.7702441195329939
L270P,-1.129297058340104
