mutant,fitness
G152A,-0.6783775406723405
G152S,-0.744051624430514
G152D,-1.3043397035824302
G152N,-1.578728498500678
G152E,-1.5806675755470407
G152C,-1.6125777172010038
G152R,-1.6415446908587485
G152H,-1.8070463014137048
G152Y,-1.8331013764508655
G152T,-1.8623909880503673
G152P,-1.8649694477436263
G152W,-1.8867931091121941
G152Q,-1.9220802862782824
G152F,-2.0702748271225326
G152V,-2.0801095887799423
G152K,-2.0809817159144854
G152M,-2.1675473421671594
G152L,-2.228314829279549
G152I,-2.3640051563318503
