mutant,fitness
V169I,0.6736940487999021
V169L,0.2887390389810754
V169T,0.2569451314019966
V169A,0.135201336746141
V169C,0.00450759545235524
V169M,-0.13502193175648722
V169S,-0.19368644514512934
V169G,-0.2997174782505285
V169N,-0.46965305601728713
V169E,-0.5171027621816082
V169D,-0.5189593468732323
V169F,-0.5635107130210991
V169R,-0.7028436152602944
V169Q,-0.7091087167005401
V169H,-0.8059208984835161
V169Y,-0.8502251169472068
V169K,-0.882312490426278
V169P,-0.9524342892466504
V169W,-1.0401060435887324
