mutant,fitness
T92S,1.4796636184749175
T92D,1.4786051046681479
T92E,1.373947451491512
T92A,1.371692943728521
T92N,1.1940079055385548
T92K,1.1222468456886343
T92L,1.0688238074974439
T92Q,1.0028831217515983
T92G,0.950020991381866
T92R,0.875979691215329
T92V,0.8333361290792569
T92H,0.8303787895418979
T92I,0.7076577000568818
T92F,0.6467073678360549
T92Y,0.6293864103765834
T92M,0.5811693172802764
T92W,0.430017450281769
T92C,0.40022430646718193
T92P,-0.2137782280515736
