mutant,fitness
L281M,0.06519801803261785
L281V,-0.19580489121507233
L281I,-0.21072911748336376
L281R,-0.6310738671139551
L281Q,-0.6459178291797933
L281F,-0.65192593806418
L281C,-0.741559801637584
L281A,-0.7715374748818966
L281H,-0.8977407527474766
L281S,-0.9206961588038473
L281T,-0.9549019375586515
L281K,-0.9898963712367501
L281E,-1.0503470930494505
L281Y,-1.059979043589954
L281N,-1.1061303854799465
L281G,-1.201762421498386
L281P,-1.252575609828475
L281W,-1.27867857290135
L281D,-1.370555371495019
