mutant,fitness
P251A,0.6274281968837248
P251S,0.45932544784962676
P251G,-0.10138371312996743
P251T,-0.13172234155776177
P251C,-0.28474845523976355
P251V,-0.4633510724814471
P251R,-0.4916610539175936
P251Q,-0.518902155903266
P251L,-0.5741099922663758
P251H,-0.7542989440956768
P251E,-0.8297901068429061
P251M,-0.8316229772127545
P251N,-0.8841730064042582
P251K,-0.9072509502462553
P251D,-0.9662799544190966
P251I,-1.0112842541173572
P251Y,-1.203665640692614
P251F,-1.2550457131338555
P251W,-1.3529813439288811
