mutant,fitness
P91A,0.8970350042625116
P91S,0.8820322829454299
P91K,0.841226587139186
P91E,0.7744592216066298
P91T,0.702235883234565
P91R,0.6687007527003961
P91D,0.5875901787296948
P91Q,0.5383479983539455
P91N,0.38242586798767114
P91H,0.37104802120440145
P91L,0.2924600301654754
P91G,0.2793622816276057
P91V,0.25436715682861133
P91I,-0.01203741823565957
P91M,-0.03355532022205315
P91F,-0.08458054736797443
P91Y,-0.14116538557008235
P91C,-0.15321844251812317
P91W,-0.3188104143663346
