mutant,fitness
K66R,1.3160526940129644
K66Q,0.8386026540878969
K66L,0.7172527312695723
K66H,0.6949683159700611
K66A,0.6292726080514299
K66Y,0.6196330795473826
K66E,0.6060193816716148
K66N,0.4740939604570453
K66I,0.4409053118859113
K66S,0.44040129778409365
K66V,0.42306053602406907
K66M,0.41056112304418324
K66T,0.40263223485839117
K66F,0.37846543359820306
K66C,0.22764341148523276
K66D,0.14811548882610576
K66W,0.010986768145821946
K66G,-0.016393234898708448
K66P,-0.47140098408777187
