mutant,fitness
E287D,1.3978342757572781
E287V,1.0940426131822432
E287A,0.9867596328929896
E287T,0.9017762247734287
E287Q,0.8991666697009763
E287N,0.8721035387470003
E287S,0.845296634648221
E287K,0.8324084732561364
E287I,0.8280598825535372
E287H,0.6311674579949305
E287L,0.6302646735793835
E287G,0.5959841343086698
E287R,0.580216528259866
E287Y,0.4053696519249284
E287F,0.33686583669124864
E287M,0.3136190185222618
E287C,0.3012265846308275
E287W,0.050431121547071245
E287P,-0.16556552880126818
