mutant,fitness
E181D,1.408174905052411
E181S,1.0061114315934545
E181K,0.9672911234941416
E181Q,0.951099756953697
E181A,0.9244755935027524
E181N,0.8833537889871397
E181H,0.7414869991153851
E181R,0.7326666586691739
E181G,0.6947889159762527
E181T,0.6911408385732987
E181P,0.6683832757975587
E181L,0.1147793686215365
E181V,0.08508701664119418
E181Y,0.05180756575906221
E181M,-0.06679749533863089
E181I,-0.1714831662383598
E181C,-0.23848998966903004
E181F,-0.28393897385943273
E181W,-0.29180632574818444
