mutant,fitness
T77S,0.4714035649333498
T77C,-0.16287160466427433
T77A,-0.45234871810054866
T77R,-0.47770390921892525
T77N,-0.5481253907404353
T77K,-0.6450050590373092
T77V,-0.6459212032570282
T77I,-0.6461080391468148
T77M,-0.7129450713334324
T77L,-0.7314270211514201
T77Q,-0.9058675058808063
T77G,-0.9216520372328321
T77D,-0.93168548449763
T77H,-1.0245871276811498
T77E,-1.102094543357496
T77Y,-1.1867791971700878
T77F,-1.2539877082328281
T77W,-1.4441468981711094
T77P,-1.597309050518653
