mutant,fitness
D223N,-0.25488056619566685
D223E,-0.323796439823706
D223A,-0.48649334995555293
D223G,-0.6208873086721767
D223H,-0.7269379364747283
D223S,-0.745311380407886
D223C,-0.9219301753674722
D223Q,-0.9504860603603256
D223P,-1.1815838809114796
D223T,-1.2172785144771363
D223Y,-1.3082705395290404
D223V,-1.484157610193361
D223K,-1.6026323135830376
D223M,-1.6102758643686501
D223R,-1.620223796053844
D223W,-1.7802699489677138
D223L,-1.8012777319519047
D223F,-1.8247746341148954
D223I,-1.9465603665259814
