mutant,fitness
V175I,0.5904900166398199
V175L,0.1816757464641718
V175T,-0.019105790011989147
V175M,-0.0404111129982101
V175A,-0.07984659274641334
V175C,-0.16734356271613265
V175S,-0.8113950155387264
V175F,-0.9721613296080165
V175Q,-1.1555612449886197
V175N,-1.1938110411280458
V175Y,-1.2243504522273287
V175E,-1.2282994765044724
V175R,-1.2309685296776214
V175G,-1.2820478020598773
V175P,-1.3544178835788172
V175K,-1.368512837741569
V175H,-1.4424124858800988
V175D,-1.4824467759578321
V175W,-1.5402295402911896
