mutant,fitness
I111V,1.407235696080071
I111M,0.974745527478592
I111L,0.9682498934787429
I111T,0.8969058843396736
I111E,0.4813659272238203
I111Q,0.48067230106527437
I111D,0.4764274714410868
I111N,0.3932517755118083
I111R,0.3717442355126497
I111F,0.3434570502378297
I111K,0.3210178059720842
I111S,0.23494836444614073
I111C,0.23195785776370004
I111H,0.21591960276153987
I111A,0.18111439574585184
I111Y,0.11947827267491395
I111G,-0.21732296120800884
I111W,-0.27435384159807846
I111P,-0.6389635820553083
