mutant,fitness
T235S,0.9449300799343929
T235K,0.6870769793528312
T235R,0.6510132693898688
T235L,0.5573841530079675
T235N,0.5231097529107155
T235A,0.4656104040347512
T235V,0.4307342677610692
T235I,0.34809874763152293
T235C,0.22809639061723358
T235M,0.19459652187275817
T235Q,0.10649065772868013
T235H,0.02927831198148731
T235D,-0.08293510546040961
T235E,-0.25454605710497236
T235Y,-0.2688335044169644
T235G,-0.3967683016817793
T235F,-0.40918080483064145
T235P,-0.6446143370390449
T235W,-0.7183730531651681
