mutant,fitness
P237S,-0.33851531591716383
P237A,-0.38624291789429854
P237N,-0.4722860329791872
P237Q,-0.578150601441472
P237R,-0.6013423276477249
P237D,-0.6129027825350144
P237C,-0.7001805298979114
P237T,-0.7220553878681316
P237L,-0.7666824197501415
P237H,-0.8090894110186875
P237E,-0.8118601662631972
P237K,-0.855024722698916
P237V,-1.0407480534650086
P237G,-1.0427443364761988
P237I,-1.1927657938374772
P237M,-1.2504911813014767
P237Y,-1.4525395825846663
P237F,-1.4845583143029204
P237W,-1.6107386911782966
