mutant,fitness
I213M,1.2498292264889423
I213L,1.2401430168970902
I213V,1.0785457825125035
I213F,0.2691160636379737
I213T,-0.1611784983563839
I213A,-0.31238975758975607
I213Y,-0.32144864840530213
I213R,-0.5218765639695643
I213W,-0.5256174336506854
I213K,-0.5532561229665143
I213C,-0.5578038453219629
I213S,-0.5625423040705924
I213Q,-0.5987939007956077
I213H,-0.7834891282302482
I213N,-0.824115464590957
I213E,-0.8758916654169588
I213P,-0.9840130232066224
I213G,-1.0332483169978044
I213D,-1.1906827828138415
