mutant,fitness
L151M,0.4507047530354125
L151I,0.2857959628126512
L151V,0.1490963724728136
L151F,-0.2722821928399263
L151C,-0.3836450926390428
L151T,-0.4713618463816891
L151A,-0.5546562353395224
L151Q,-0.7052496287234544
L151S,-0.7696330223544863
L151Y,-1.1117486052491732
L151N,-1.2078789694008352
L151W,-1.2183347724807376
L151H,-1.2612702513497351
L151R,-1.3694406237275132
L151E,-1.4150848371346179
L151K,-1.4358275789092232
L151P,-1.5506835315560894
L151G,-1.6388399544383565
L151D,-1.6528509535618907
