mutant,fitness
H253Q,0.08980839493451415
H253Y,-0.044020013940428135
H253N,-0.10450390271211213
H253F,-0.3266137415839375
H253L,-0.34401597147381113
H253S,-0.40084420616948635
H253E,-0.49843723777980964
H253T,-0.5642244222988257
H253R,-0.6221152192539219
H253D,-0.6246541286085806
H253C,-0.6681542109020492
H253W,-0.6739384231152561
H253V,-0.6766891014266656
H253I,-0.6875047208252263
H253M,-0.7228316681787582
H253A,-0.7325370132970602
H253K,-0.8778833202029612
H253G,-1.0372794641593477
H253P,-1.3373626515992776
