mutant,fitness
M98L,1.1476061190058042
M98F,0.33635397197212386
M98I,0.11396733348448986
M98V,0.03633081616336087
M98W,0.035745611350269685
M98C,0.025335811509291192
M98Y,0.012013234404091105
M98A,-0.10379103069045315
M98T,-0.11061248413020425
M98Q,-0.19247631100589635
M98R,-0.28599817420352125
M98S,-0.31516797139538166
M98K,-0.38924644357770893
M98H,-0.46456182679278274
M98G,-0.7197974492737971
M98E,-0.8245353713922339
M98N,-1.0024642787160927
M98D,-1.2060713456399668
M98P,-1.4995180586142156
