mutant,fitness
L127M,0.6005683601496259
L127F,0.4472345605244701
L127I,0.41017908565651245
L127V,0.3560338523851477
L127Y,-0.189863361349491
L127A,-0.42653637010144885
L127C,-0.5256817935472826
L127T,-0.7457718091312244
L127S,-0.780842835907078
L127W,-0.7937743800301202
L127Q,-1.0194466556217088
L127H,-1.031141399721924
L127R,-1.1470568715603393
L127E,-1.3438304502495664
L127N,-1.3706959659893327
L127K,-1.4471309517862578
L127G,-1.5155000788226232
L127P,-1.5680418220758736
L127D,-1.7966468630787453
