mutant,fitness
V78L,0.7326014213277416
V78I,0.6602074943179495
V78M,0.6165286107486498
V78F,0.34465743990026837
V78Y,0.3239516753563118
V78A,-0.04992852821463535
V78C,-0.0933216651178863
V78T,-0.10647051723063625
V78W,-0.23031397001359005
V78H,-0.24478662769100995
V78R,-0.39123104223361294
V78Q,-0.5583884569337951
V78E,-0.6142691696100582
V78S,-0.6173811591819391
V78K,-0.6703267128464958
V78N,-0.934287553529438
V78P,-1.030647041177417
V78D,-1.1275680034724478
V78G,-1.1672589867246659
