mutant,fitness
K309R,1.3195074304330032
K309Q,0.9107781790461543
K309H,0.7063415286308735
K309N,0.6750167017336772
K309T,0.6130366689325342
K309S,0.5319684061233679
K309E,0.3950051800611784
K309A,0.36722043449491626
K309G,0.35167947517801246
K309P,0.3264977395355527
K309D,0.1956255096863413
K309M,-0.18885605783666423
K309L,-0.3721799632259827
K309C,-0.38110774234373956
K309V,-0.41994005637532705
K309Y,-0.5672565909711984
K309W,-0.6406498915939428
K309I,-0.6696038812965481
K309F,-0.8546266192214638
