mutant,fitness
L144V,0.5133258272002328
L144I,0.2700139076572564
L144M,0.18766372889718863
L144C,-0.04785600980148294
L144A,-0.09878546584015568
L144F,-0.13938130023236422
L144T,-0.672653662802983
L144S,-0.9740232000045267
L144Q,-1.0769083526272412
L144N,-1.134609970707927
L144G,-1.1536904800088925
L144Y,-1.2417887112675663
L144R,-1.2659348998116935
L144W,-1.3031053604272982
L144H,-1.3175076349705621
L144P,-1.4237780752563411
L144K,-1.4325004036224889
L144E,-1.45903873882618
L144D,-1.6921022676273199
