mutant,fitness
V288I,1.2193395490045125
V288L,1.1415486245850084
V288E,1.0968441047169484
V288T,1.033579959791477
V288M,1.0033425255469386
V288A,1.0008318887002026
V288K,0.9412376162644526
V288R,0.8807016441815609
V288Q,0.8151221045564858
V288P,0.7512076687552958
V288S,0.6173824750345572
V288D,0.5037408118247761
V288H,0.4739710450013911
V288C,0.44836652508839037
V288F,0.3313434645392481
V288Y,0.32975635617012855
V288N,0.2872268883459208
V288G,0.1827368033660666
V288W,0.014357419301265162
