mutant,fitness
A240G,1.238225331624439
A240S,0.6418781555182185
A240C,0.1169977168938443
A240T,-0.39281581175755514
A240V,-0.6656495090679316
A240M,-0.7794132735407364
A240D,-0.9022442260207315
A240E,-0.9471254040973506
A240P,-1.0337418505422935
A240Q,-1.0584353763272665
A240F,-1.0986778510088213
A240Y,-1.1408474249086624
A240N,-1.1768641293993833
A240L,-1.1803750216830158
A240R,-1.1922341285169407
A240H,-1.265931857090886
A240I,-1.3837973606080518
A240W,-1.4223578039444964
A240K,-1.453176834927567
