mutant,fitness
K75R,1.23956539986104
K75N,0.9957529100465848
K75H,0.7662684565922082
K75Q,0.7584162525163163
K75L,0.6700640076580688
K75S,0.5093263346786617
K75M,0.5063204890415774
K75T,0.5034149008169064
K75Y,0.3115786788326813
K75A,0.29809824620399505
K75E,0.2971133235199118
K75C,0.2936644961209197
K75F,0.2212406491979368
K75G,0.18441328196524337
K75I,-0.014703183104426198
K75V,-0.054654762914094795
K75W,-0.0892590112677631
K75D,-0.10211194732703757
K75P,-1.169470447660768
