mutant,fitness
A191N,1.0986803093574729
A191S,1.0733326582911813
A191D,1.014840469858798
A191L,0.9783220380724609
A191Q,0.9265299834823278
A191K,0.9257408842401551
A191E,0.9145861340519685
A191G,0.8818155365980536
A191T,0.8352601888333105
A191R,0.8124225807410912
A191H,0.7479215476425378
A191M,0.5568899589819203
A191V,0.5083721838012294
A191Y,0.38746779739664317
A191F,0.3775867862447929
A191C,0.18721690466133845
A191I,0.09781709189625862
A191P,-0.026258861569526337
A191W,-0.16880832589053046
