mutant,fitness
P307S,-0.3445002319224666
P307G,-0.4445236780075541
P307T,-0.5139901502362905
P307A,-0.5585275889079953
P307Q,-0.6510149121109648
P307H,-0.6905220781120586
P307E,-0.7413843449156979
P307L,-0.7521972758011555
P307K,-0.7705577319774148
P307N,-0.7826045616486941
P307D,-0.8461867362363564
P307R,-0.9242021675845191
P307V,-1.0396241800349042
P307M,-1.3012697390343668
P307C,-1.335810769406417
P307I,-1.3541419617268171
P307Y,-1.4434809356351312
P307F,-1.5133229749597132
P307W,-1.627308217050851
