mutant,fitness
L236M,0.5427562879301173
L236I,0.36921552139497343
L236V,-0.04397699514775816
L236F,-0.23608591444416835
L236C,-0.6798901719746886
L236A,-0.7820852689655691
L236W,-1.0707556983419158
L236T,-1.1198472368248389
L236Q,-1.1263602601746172
L236S,-1.221582717897692
L236Y,-1.2584739712747592
L236R,-1.351822929671822
L236H,-1.4130544771621991
L236K,-1.4771953546963075
L236P,-1.493068967900108
L236N,-1.5369624594715594
L236E,-1.63262433499662
L236G,-1.725622493046732
L236D,-1.7761484082280345
