mutant,fitness
E17D,1.21730730066843
E17K,1.0908464440506749
E17Q,1.0639356699285272
E17A,1.0238137795469895
E17N,0.9529165610808207
E17S,0.9059253225991314
E17R,0.8548868100107481
E17H,0.798450735775767
E17G,0.791792277793898
E17T,0.7578455874013454
E17V,0.5727892052390638
E17L,0.5500254503670761
E17M,0.4532013683201981
E17C,0.30942807197279537
E17I,0.24272351294211236
E17Y,0.2086940661806371
E17F,0.16387690816595957
E17W,0.010135391472071653
E17P,-0.2580120944780882
