mutant,fitness
A130S,0.5867586432096055
A130G,0.036510835686016666
A130C,-0.1974274978227839
A130T,-0.4359500379158962
A130M,-1.017315042280417
A130R,-1.1460365731849977
A130V,-1.1495546314786012
A130P,-1.3184725834897
A130E,-1.3297104722815503
A130L,-1.3685218149342222
A130Q,-1.3709522062240729
A130N,-1.4572740575199263
A130F,-1.4900778211165528
A130D,-1.5031478715373527
A130H,-1.5234137069476559
A130K,-1.534864356541651
A130Y,-1.6441059954318145
A130I,-1.7596166272955103
A130W,-1.8402604430003717
