mutant,fitness
R56K,0.6873175277071253
R56Q,0.0941147875219368
R56E,0.023117324890415847
R56A,0.018277707673963084
R56S,-0.014554349820904089
R56L,-0.0795128130548366
R56H,-0.08355173740564614
R56Y,-0.17505781426732936
R56D,-0.18749565306377924
R56T,-0.2374159561690895
R56N,-0.23876938530221226
R56W,-0.2820891431617614
R56F,-0.3718385808348743
R56V,-0.3718856605843434
R56G,-0.3819410455579457
R56I,-0.39200795287441137
R56M,-0.42867411331950744
R56C,-0.4639676233988946
R56P,-0.698615296261764
