mutant,fitness
I302V,0.6644823603804726
I302M,0.16613417857142795
I302L,0.1477358018621147
I302T,-0.41513165587976164
I302A,-0.5202479426820641
I302C,-0.567936419143101
I302F,-0.59464998542788
I302S,-1.1267923993403735
I302Y,-1.2353709447711316
I302Q,-1.2464839325126613
I302R,-1.2549831832576965
I302W,-1.3139087102971465
I302N,-1.3491930605685885
I302E,-1.3793773648704017
I302K,-1.3911814789161245
I302H,-1.6365349778149625
I302G,-1.7007136493209656
I302D,-1.9184802131531875
I302P,-2.1343140726640364
