mutant,fitness
K50R,1.0021615652710927
K50A,0.88109606677592
K50E,0.7497821849987634
K50T,0.7361770721439975
K50S,0.7265315373716348
K50L,0.6457674682072779
K50Q,0.6447355184534325
K50N,0.5379664488536186
K50V,0.52577455201176
K50M,0.509170255327628
K50I,0.5042761065761914
K50D,0.4509972858509189
K50H,0.321053017091514
K50G,0.31815482201503364
K50F,0.2356099318934753
K50Y,0.1425942871415085
K50C,0.05950678224195019
K50P,-0.07562642390872004
K50W,-0.10658709213769069
