mutant,fitness
L110M,0.6477919885784398
L110F,0.5973514098325579
L110I,0.5443709560411444
L110V,0.5049188034944843
L110Y,0.3911694057328635
L110C,0.02198875548963125
L110T,-0.07463869094268752
L110A,-0.0903505509942849
L110Q,-0.17513612123294164
L110W,-0.18331758864404651
L110H,-0.18611302686013348
L110S,-0.19848479116262607
L110E,-0.20112791057435492
L110R,-0.20534520924041338
L110K,-0.31234749300231185
L110N,-0.3850192567648226
L110D,-0.4520797356673776
L110G,-0.8202291267701964
L110P,-0.9545112604048406
