mutant,fitness
K138R,0.9602500563544794
K138Q,0.8702627272429302
K138H,0.4247608118210166
K138E,0.4089271575227102
K138N,0.32222943178033253
K138M,0.21302471822340163
K138A,0.12059065048534938
K138L,0.09065623570312537
K138C,-0.06610406611967914
K138S,-0.230688734822049
K138Y,-0.3217574297372722
K138G,-0.3297802436075674
K138T,-0.5491753543049025
K138D,-0.6127039164524544
K138F,-0.7292453594294555
K138P,-0.795865479765236
K138W,-0.8029160273466405
K138V,-0.947294318740091
K138I,-1.0926928852387314
