mutant,fitness
L29I,1.1093912888790838
L29V,1.0870803771247433
L29M,1.014651780610144
L29A,0.9651560848127165
L29F,0.9235482216754495
L29Y,0.7322676683566651
L29H,0.7149024053943535
L29Q,0.7017570249957825
L29R,0.6701426895077124
L29T,0.6260545305597642
L29S,0.5838647727331967
L29K,0.5569949672231191
L29C,0.5329860824293259
L29E,0.5211050500027635
L29W,0.4217702766726559
L29N,0.35356703696208164
L29G,0.3448493142399772
L29D,0.2855509079468489
L29P,-0.04072721918677463
