mutant,fitness
I104M,1.0015090867823302
I104V,0.9535965168849271
I104L,0.7421656944229438
I104C,0.49983227085015336
I104A,0.4259910629948284
I104T,0.2226907698032896
I104S,-0.12919232177158668
I104F,-0.27658693975948934
I104G,-0.6971250728161995
I104N,-0.735667060934103
I104Y,-0.7695345409057407
I104Q,-0.7883472843062246
I104R,-0.8972098421681836
I104K,-0.9404783605255398
I104E,-0.9745431788574064
I104H,-1.0270345955664295
I104W,-1.045631636443726
I104D,-1.2216161217302983
I104P,-1.465000759447471
