mutant,fitness
Q72L,0.690368651733678
Q72M,0.614989280939469
Q72H,0.457326607890659
Q72K,0.4292761670918696
Q72R,0.31010512428579107
Q72N,0.22051147956078465
Q72A,0.16906432897635143
Q72S,0.1334457315220553
Q72T,0.10185253673744954
Q72E,0.037033147966803334
Q72V,-0.051687234421437245
Q72I,-0.08223217567485315
Q72C,-0.08871710458486176
Q72Y,-0.4113774579494383
Q72F,-0.4286078116707851
Q72D,-0.6377545699909521
Q72W,-0.6418749944740405
Q72G,-0.8379199368613683
Q72P,-1.2096198394224524
