mutant,fitness
K153R,-0.05334828261424028
K153M,-0.7060276817270073
K153Q,-0.845887628444263
K153N,-0.86985837290672
K153E,-0.9087583728774897
K153I,-0.9261222354526539
K153S,-1.039833204412881
K153T,-1.131680985650568
K153L,-1.1587777934226886
K153A,-1.1960403645662772
K153H,-1.241274661439034
K153V,-1.2537393384388054
K153G,-1.3488608081294726
K153C,-1.4480732830678167
K153D,-1.4529913850459877
K153Y,-1.523522181200354
K153F,-1.6922757175070067
K153W,-1.753192273821182
K153P,-1.9054599623265152
