mutant,fitness
D232E,0.9651417258081874
D232N,0.8102232881763949
D232H,0.47887531253503146
D232S,0.34525604377394314
D232Q,0.32333431966647924
D232G,0.3054230447881029
D232A,0.22509414721011617
D232T,0.19509076212817153
D232K,0.1456772836876014
D232R,-0.005668110492171183
D232Y,-0.30869910338850637
D232P,-0.4861036053954248
D232L,-0.490245351444363
D232V,-0.5244925861463626
D232C,-0.5825828648582982
D232I,-0.884445242212974
D232M,-0.899260956262684
D232F,-0.93228989495483
D232W,-0.9982040537236536
