mutant,fitness
G160D,1.2942553161881982
G160E,1.110505938151117
G160N,0.867656210316937
G160S,0.6597644578430446
G160Q,0.5873384707769832
G160T,0.5586846481303275
G160A,0.5390198078675108
G160R,0.38870945575343585
G160H,0.37409152387081673
G160L,0.3272108611105398
G160K,0.32200369835988596
G160C,0.2760141673313827
G160Y,0.2034734757461205
G160F,0.15993815896830932
G160V,0.1391702279064117
G160M,0.03854735617469496
G160I,0.021425623353918843
G160P,0.0023149950209066517
G160W,-0.02369700917281073
