mutant,fitness
S248A,0.05993124571067482
S248T,-0.2366767571114619
S248C,-0.2784880925698461
S248N,-0.36530336384189477
S248G,-0.5349165096550305
S248R,-0.5898263623533844
S248F,-0.6965729299714363
S248K,-0.7310068946118047
S248L,-0.7397314910572903
S248H,-0.7479342654141223
S248Q,-0.7749580030177889
S248D,-0.9358141470930259
S248M,-0.970055981833289
S248Y,-0.981272263330063
S248E,-1.005051684020823
S248P,-1.0713402609509841
S248I,-1.223321031738389
S248W,-1.240227226103579
S248V,-1.2535859658396957
