mutant,fitness
K295R,1.0251415906266101
K295Q,0.36696305680390817
K295M,0.2830576297682027
K295E,0.26322491162936884
K295T,0.09086129471697957
K295L,0.04762910505441559
K295A,-0.06384741554380279
K295V,-0.2338869160039434
K295I,-0.27055004728797644
K295H,-0.4118378407058182
K295Y,-0.4919172308353075
K295S,-0.5487060140657294
K295W,-0.5832367932527577
K295N,-0.6839397322114678
K295C,-0.7273549413113056
K295G,-0.8150137713190315
K295F,-0.8240995586065514
K295D,-1.2661411526236837
K295P,-1.790673898845063
