mutant,fitness
I311L,0.9802659220072241
I311V,0.9551099948301822
I311M,0.38987945833106585
I311F,-0.11542463766779587
I311C,-0.28631623609069046
I311T,-0.35541562895962137
I311A,-0.5918894181435718
I311H,-0.6245520179689144
I311Q,-0.6995437192379719
I311R,-0.70600198205216
I311W,-0.732089704160958
I311S,-0.761571918822501
I311Y,-0.8301458874575671
I311N,-0.8325445890908031
I311K,-0.8387537081836671
I311G,-0.9967043610731282
I311E,-1.2008017562091764
I311D,-1.3982651791295524
I311P,-1.4328256143347853
