mutant,fitness
N215K,0.9725095702382217
N215Q,0.7757876694432224
N215S,0.7483430603266303
N215R,0.6895814828642856
N215E,0.6115126521335891
N215D,0.5259492725434126
N215A,0.5258227149227354
N215H,0.4887775857531494
N215T,0.22793481399938578
N215G,-0.05428394176401577
N215C,-0.45117221753162196
N215M,-0.5275158455227005
N215Y,-0.6633028564615416
N215L,-0.7955919089660669
N215V,-0.9272175321648132
N215F,-0.9901931206163492
N215I,-1.051078239005487
N215W,-1.113604352005547
N215P,-1.2009256005158242
