mutant,fitness
D150E,-0.22691777947304315
D150N,-0.28911048521721094
D150G,-0.3645740168887716
D150S,-0.7008878009221857
D150H,-0.7050826462758566
D150A,-0.706431017664013
D150C,-0.9190625229193952
D150Q,-1.001962162695209
D150V,-1.005666573504099
D150Y,-1.090689668933067
D150T,-1.1810078264637787
D150R,-1.280859237519595
D150K,-1.2848278947732477
D150L,-1.3783130904960488
D150F,-1.4171684951337982
D150I,-1.4382416896933439
D150P,-1.4692665080339133
D150M,-1.5045509358805855
D150W,-1.6870405038314977
