mutant,fitness
V291I,1.0897499881882806
V291L,0.7656026911489313
V291A,0.6783734377071823
V291T,0.6506178262191482
V291M,0.5539074192896882
V291E,0.30469223347042196
V291F,0.2764685192452848
V291Y,0.20880348635443233
V291K,0.13991748985194788
V291S,0.028192736689639702
V291W,0.008272349245180291
V291P,0.005905103803929501
V291R,-0.015297394539873777
V291Q,-0.028093587952706424
V291C,-0.12940289233830918
V291H,-0.20707335411733094
V291D,-0.4037929728219971
V291G,-0.502075056320646
V291N,-0.6370157918420415
