mutant,fitness
P116S,-0.022527243588320006
P116A,-0.0373114469406603
P116L,-0.2090989593528798
P116E,-0.22516276142323477
P116D,-0.27964378843903237
P116K,-0.2896073876060188
P116T,-0.32940406217057755
P116N,-0.3757633122623207
P116R,-0.3885303939508493
P116Q,-0.40707706675939037
P116V,-0.416947989885902
P116G,-0.4366563931499643
P116H,-0.6051784524191091
P116I,-0.6375038840548435
P116C,-0.6773052213329798
P116M,-0.7376026290318831
P116F,-0.8798241299137246
P116Y,-0.9426622750200364
P116W,-1.0554425224192046
