mutant,fitness
A132S,0.6599977815957617
A132G,0.1958873639230542
A132T,0.09337152685410778
A132Q,-0.07129834840247228
A132E,-0.07432390105817839
A132R,-0.08004010962946476
A132C,-0.11510865193621664
A132M,-0.1493631231625503
A132K,-0.15557060122570368
A132H,-0.19988843631182435
A132L,-0.23463596114234134
A132N,-0.2683504024595973
A132D,-0.34054713922827856
A132V,-0.46732250119602614
A132F,-0.6939449247373227
A132Y,-0.7327332994479596
A132W,-0.9189911332303901
A132I,-0.9409109558951643
A132P,-1.167588190317008
