mutant,fitness
W101F,0.3837676961714553
W101Y,0.17077520244487002
W101L,0.03454419487107805
W101M,-0.03133284765606478
W101I,-0.32594969270639973
W101V,-0.5952276402584746
W101R,-0.6774036171048614
W101C,-0.6984103900988669
W101Q,-0.8890104848768943
W101H,-0.8986932770817484
W101E,-0.9256982814478362
W101S,-0.9799212960191048
W101A,-1.0117269146897494
W101K,-1.089438460363274
W101N,-1.1172044685231532
W101T,-1.1449639829670495
W101D,-1.1488939500666642
W101P,-1.2969944957299853
W101G,-1.3051481253413713
