mutant,fitness
G31S,1.2352900650440664
G31A,1.2066148107673689
G31D,1.201270807320496
G31E,1.0882408568080986
G31N,1.0462875600943755
G31T,1.0176486958779436
G31Q,0.998871864200833
G31R,0.9372862583291919
G31K,0.8980764214223018
G31H,0.8365534343010084
G31L,0.6739034890627611
G31M,0.5778403424138936
G31V,0.5366106363511106
G31Y,0.44376841691544455
G31C,0.4433709867402228
G31I,0.3916003685204454
G31P,0.37393693157164076
G31F,0.3402199248717632
G31W,0.19107621610988104
