mutant,fitness
A33S,1.2272107503880396
A33Q,1.191790752765364
A33K,1.1854533724455671
A33E,1.1853098426936461
A33R,1.1840921876072623
A33T,1.0886856724773601
A33D,1.0557816898578416
A33L,1.042297069231482
A33V,0.9826808613099911
A33N,0.9572712788665183
A33M,0.952855350602584
A33I,0.8541360796768325
A33H,0.8525704984904503
A33G,0.8293600890186366
A33C,0.7925064293901967
A33F,0.6898828947868081
A33Y,0.6688380915859802
A33P,0.4378208867098816
A33W,0.38054874064572697
