mutant,fitness
M217L,1.3009460642302428
M217I,1.137992141974606
M217V,1.0785175865037395
M217T,0.8883823116716181
M217Q,0.7129532397176316
M217K,0.556159398109977
M217A,0.4695613509390034
M217R,0.4428343842138707
M217H,0.41756583198798103
M217N,0.41287254958934716
M217E,0.3649621783673666
M217F,0.34328499617843766
M217S,0.32679039617195815
M217Y,0.2884828163088822
M217C,0.28450257634695714
M217D,0.1753882141766314
M217W,-0.013589500754575927
M217P,-0.2927620976569332
M217G,-0.532138225651937
