mutant,fitness
F305Y,1.169939358023053
F305W,0.17350326571347974
F305H,-0.15973435941084863
F305L,-0.3542078176670064
F305V,-0.3970222380936956
F305C,-0.4495228352341173
F305M,-0.4704686122710828
F305I,-0.4724651798637376
F305A,-0.6789467252898398
F305S,-0.6856132431057724
F305N,-0.9263867023714604
F305T,-1.1267227396390673
F305R,-1.130733176063258
F305Q,-1.1938277870487766
F305D,-1.3158956628037592
F305K,-1.3567907833999362
F305E,-1.3715649745274208
F305G,-1.3898865186745604
F305P,-1.7167964367279387
