mutant,fitness
V199I,1.2493889644771308
V199L,0.9575293995131403
V199T,0.9081945139296888
V199K,0.6442239445902067
V199R,0.5084741122429991
V199A,0.495860064758881
V199Q,0.45599822035901494
V199M,0.4397425718222946
V199E,0.35905232917150026
V199H,0.07518957704118222
V199D,0.0644878917029699
V199S,0.058398502797417706
V199C,0.020416173964725004
V199N,-0.020841712746298535
V199F,-0.12215484426546012
V199G,-0.2794948024023394
V199Y,-0.3675740596812398
V199W,-0.6976708700096587
V199P,-0.8641038309496489
