mutant,fitness
D159E,1.4309876434919377
D159P,0.7224779531870056
D159K,0.6243676407218968
D159S,0.6192181673104313
D159Q,0.5950814138552148
D159A,0.5509260150475656
D159G,0.5487805944288064
D159N,0.54801357127752
D159H,0.5202814863671522
D159T,0.48002799326320783
D159R,0.3371196759298726
D159V,0.0397329665406716
D159L,-0.038541284592093994
D159Y,-0.13505004882287952
D159C,-0.16302073973508713
D159M,-0.25621601130205707
D159I,-0.29329232241990066
D159F,-0.39975613139454347
D159W,-0.4115468415822827
