mutant,fitness
L269M,0.9740292082033307
L269I,0.6485354540482404
L269V,0.5307520204232118
L269Q,0.4153794152515744
L269T,0.4131656919455594
L269A,0.3947111716174637
L269R,0.321494065093211
L269K,0.3106485676855675
L269H,0.25573518009048024
L269S,0.2428166512373422
L269Y,0.2215475726371645
L269N,0.15692301602949554
L269F,0.14808608659804243
L269C,-0.04877938098969839
L269D,-0.1420019395616788
L269W,-0.21571668666508226
L269E,-0.3383295851412278
L269G,-0.5956200588824175
L269P,-1.0629531559096348
