mutant,fitness
M243I,0.6147147978565531
M243V,0.2679477531528476
M243C,0.24087523383836318
M243A,0.2242308073168234
M243L,0.11718853046489319
M243T,-0.05891060119825296
M243S,-0.35239112390212873
M243Q,-0.4058188325383584
M243E,-0.7288253621912872
M243K,-0.819155956153673
M243F,-0.8364059890736536
M243N,-0.8524736216145758
M243G,-0.8549312779306264
M243R,-0.9036237204504269
M243P,-1.0118768265340228
M243Y,-1.1446176658513099
M243H,-1.1564728991066926
M243W,-1.1717760068648753
M243D,-1.1806620003401858
