mutant,fitness
E105Q,0.6467069759544934
E105D,0.6404679702126299
E105L,0.5915645962248344
E105V,0.5615070038576688
E105M,0.3157126688482699
E105N,0.25868035378372667
E105C,0.25747116399440495
E105A,0.25336850866343524
E105T,0.24420043480034725
E105I,0.1346671116420705
E105S,0.10412400567921723
E105K,0.09350827304381773
E105H,0.040507409781504515
E105R,-0.12861901973023668
E105G,-0.19559539398956366
E105Y,-0.33854460592438285
E105F,-0.4192548984626585
E105W,-0.6193706072580885
E105P,-1.5024525236433037
