mutant,fitness
I133L,1.031523364705864
I133M,1.0197420640527488
I133V,0.6081230364330046
I133A,0.2618663334169654
I133T,0.2134498240387924
I133C,0.041312729005597015
I133S,-0.13113026620346332
I133F,-0.30691402359540404
I133Q,-0.6147325051110719
I133Y,-0.7319846113016404
I133R,-0.8087095873466165
I133N,-0.8380561748276216
I133E,-0.8790822753880126
I133K,-0.9001091626653658
I133G,-0.9688989770332892
I133H,-1.001548205890612
I133W,-1.0039998635552811
I133D,-1.2423640214327518
I133P,-1.4022931152867506
