mutant,fitness
A272S,0.7230696183454054
A272E,0.13390126240471037
A272T,0.11955976557822542
A272D,0.10698415120336216
A272W,-0.005239596961609347
A272C,-0.02548235153803413
A272Q,-0.04549832604730836
A272G,-0.09780276877333025
A272N,-0.10963162942736301
A272H,-0.13708074658176933
A272Y,-0.22584512547187716
A272V,-0.23760432657199676
A272K,-0.31334288451880155
A272M,-0.3293654955951021
A272F,-0.33101060891460565
A272R,-0.45310691350070575
A272L,-0.46184505815704313
A272I,-0.6613919433758966
A272P,-0.9626511271636773
