mutant,fitness
Y204H,1.3527138510048022
Y204F,1.3023864669313379
Y204N,1.0765322646819073
Y204L,1.0006852888855586
Y204C,0.7388612884085719
Y204T,0.7336978104044508
Y204M,0.6690084853736133
Y204D,0.6685512464525967
Y204Q,0.6094633698816616
Y204S,0.5505417442783365
Y204E,0.5000699278629214
Y204W,0.477611990681743
Y204A,0.38917250016500543
Y204R,0.23847257709329117
Y204K,0.2041974021710869
Y204V,0.16484047864736004
Y204G,0.0625539829741035
Y204I,0.03985211288819107
Y204P,-0.5769238572873534
