mutant,fitness
S53A,1.6636427561499074
S53E,1.6007100159740257
S53T,1.4469797988363213
S53D,1.411012526051501
S53Q,1.313339647108341
S53K,1.266172292216377
S53N,1.2413505087338763
S53R,1.1249691499272734
S53L,1.0782349890070124
S53V,1.0258756201043582
S53G,1.003240445926294
S53I,0.941705441507648
S53H,0.9403774983070332
S53M,0.8109198758723102
S53Y,0.6325223906717146
S53C,0.5949948358914998
S53F,0.5356799859305064
S53W,0.4866596943030708
S53P,0.13299508054995232
