mutant,fitness
Y258F,-0.003234528958387703
Y258H,-0.3910799865659945
Y258W,-0.3996463831803376
Y258C,-0.5066981683136649
Y258N,-0.7382903025176748
Y258S,-0.8268205175889083
Y258D,-0.8686669582242512
Y258L,-0.9933453222737424
Y258R,-1.0777994864366092
Y258G,-1.1159204353564722
Y258Q,-1.1170107268458032
Y258A,-1.1515194955550538
Y258E,-1.1845920859965866
Y258M,-1.2058319323727065
Y258K,-1.2977100400982475
Y258V,-1.3510213216235534
Y258T,-1.4172264986109506
Y258I,-1.4443500768680442
Y258P,-1.930081465477795
