mutant,fitness
F157L,0.5403195161538548
F157Y,0.5185103531730633
F157M,0.219833842164321
F157W,0.057308825476684394
F157V,0.02849315799632468
F157H,0.017538826881326568
F157I,-0.018439188103326398
F157A,-0.16899357723799868
F157C,-0.24913548225438292
F157S,-0.3549215419346261
F157T,-0.44269219117882813
F157D,-0.5452744668212774
F157E,-0.5543573915033122
F157Q,-0.5615297436848925
F157N,-0.5696640513066042
F157G,-1.0492353980539395
F157K,-1.0571042611505015
F157R,-1.1471037671065907
F157P,-1.2490159497462408
