mutant,fitness
C211V,0.47977998274095296
C211S,0.4359882802730045
C211T,0.33168959843919255
C211I,0.30658387343321214
C211A,0.23233758924529058
C211M,-0.2171218099260743
C211R,-0.3239800404902012
C211K,-0.3622910014015248
C211G,-0.42883018259471783
C211L,-0.4685469721445673
C211H,-0.6300784128140241
C211Y,-0.6423333381487558
C211Q,-0.6424988498379647
C211E,-0.6706934032202494
C211N,-0.6710615129735307
C211F,-0.828525386878763
C211D,-0.8389576620445114
C211W,-1.044537509383189
C211P,-1.426407718725402
