mutant,fitness
A74S,0.9651414894203605
A74R,0.8383612560596462
A74K,0.8232772964759356
A74T,0.8081124193098482
A74E,0.7422970832239397
A74Q,0.6525434383335762
A74L,0.39374031940496546
A74V,0.32103713071890827
A74M,0.28160649684065414
A74H,0.25188075158556444
A74G,0.15651699700288238
A74I,0.1247345547824068
A74C,0.10800007317169322
A74N,0.009937078427858709
A74D,0.007123344630374284
A74Y,-0.15988270664863694
A74F,-0.24574747872222352
A74P,-0.6782643463890619
A74W,-0.707120990692159
