mutant,fitness
F46L,0.9675771112544359
F46Y,0.8387036677727071
F46W,0.6771247385342678
F46I,0.598710893595171
F46A,0.5555874613160221
F46V,0.552932316358686
F46S,0.5055323427502993
F46P,0.486639022230127
F46M,0.4390497125199152
F46T,0.3796965072889227
F46H,0.3646844897154129
F46G,0.277805864014323
F46N,0.23568761862554777
F46R,0.22821011557456006
F46K,0.1682384311274441
F46Q,0.1303049513397414
F46C,0.12453415761841216
F46E,0.031042696249301505
F46D,0.025770364726629455
