mutant,fitness
D180S,0.7663782988736476
D180N,0.6212552732184391
D180E,0.4975078137967725
D180H,0.43837558713260344
D180A,0.2234335733630749
D180T,0.05601266615369276
D180Q,-0.02214484973749803
D180G,-0.09913550544252919
D180C,-0.15631954104331455
D180P,-0.22086777330799837
D180V,-0.4320593439418209
D180R,-0.4365692338287739
D180L,-0.5408501554191165
D180K,-0.7237212712753436
D180Y,-0.7658117999708745
D180M,-0.8973467751766866
D180I,-0.9471199235781945
D180F,-0.9974747250410685
D180W,-1.0159973106034712
