mutant,fitness
I6T,1.7136466944278927
I6D,1.6649299830548014
I6S,1.597785945152205
I6L,1.5918392471272833
I6V,1.5843016898232882
I6E,1.576099182334863
I6N,1.5738696580838014
I6A,1.5629570943498992
I6K,1.529931588384403
I6R,1.5293952198544836
I6H,1.4989290349854498
I6F,1.472189976630791
I6Q,1.449283217603973
I6Y,1.4177930421898473
I6M,1.3402969211877065
I6P,1.2887486885429404
I6W,1.2130543292291311
I6G,1.182803295820388
I6C,1.0914029127059546
