mutant,fitness
G205S,-1.0000235313514987
G205A,-1.0131761484919817
G205N,-1.350408154421716
G205R,-1.3645344642344033
G205C,-1.5738089569088722
G205K,-1.6077526384267173
G205D,-1.6361517880849095
G205Q,-1.7213508887627575
G205E,-1.7531261262934021
G205H,-1.8428397538498928
G205T,-1.846191105020958
G205L,-2.088122289639636
G205V,-2.1096179187913595
G205M,-2.1576466684910045
G205W,-2.1863742581289567
G205F,-2.208852037264962
G205Y,-2.2248394808489125
G205P,-2.360784001957453
G205I,-2.498370903481554
