mutant,fitness
C177A,0.49250647482250565
C177S,0.18635918299965656
C177L,0.08601962587271579
C177T,0.08598170458251825
C177V,-0.08805236631886672
C177I,-0.1643256818379367
C177R,-0.29969785999212706
C177M,-0.32568514441056506
C177H,-0.5878610696986196
C177Q,-0.6460446991647751
C177N,-0.6567612721928866
C177Y,-0.7180662400503495
C177G,-0.7242270292300423
C177F,-0.7859712595794098
C177K,-0.8160803381369647
C177E,-0.9590694517963233
C177W,-1.0181115962146308
C177D,-1.1079810678769535
C177P,-1.243531469210247
