mutant,fitness
R87K,0.8711491808549632
R87A,0.7994952040352459
R87H,0.7571481595038134
R87Q,0.7129946736799131
R87N,0.6451798203083705
R87E,0.5557503215184985
R87S,0.5431663549548708
R87L,0.542354663575759
R87T,0.4879290849637665
R87D,0.46157932869392004
R87W,0.3615664176414076
R87Y,0.295219533300533
R87M,0.2605098635883111
R87F,0.25126323985438
R87V,0.21814944490764457
R87C,0.15870967805103325
R87I,0.11379575217454549
R87G,-0.015088968751897192
R87P,-0.9310945286110893
