mutant,fitness
K231R,1.1559383470939208
K231Q,0.5191352348570455
K231A,0.06650191854778711
K231E,-0.04560427489002604
K231S,-0.056145739191349645
K231N,-0.15119553285431883
K231M,-0.19124586038151054
K231C,-0.20882624548361184
K231H,-0.2373666541181626
K231V,-0.2777620066978345
K231T,-0.2794534003395529
K231L,-0.4202822918655707
K231I,-0.5265111120845924
K231G,-0.7026801665212371
K231Y,-0.844498587154966
K231D,-0.8722971974813261
K231W,-1.0537656549084173
K231F,-1.0718401810334313
K231P,-1.293668321590426
