mutant,fitness
Y200F,0.9783824840034414
Y200L,0.1330096133745503
Y200H,0.08111651013485498
Y200W,0.011900414242504216
Y200C,-0.2788278638863685
Y200M,-0.3105008370110766
Y200N,-0.5200725147621794
Y200S,-0.5570612480060755
Y200I,-0.635802277106715
Y200A,-0.6391870558850253
Y200T,-0.6425048962554445
Y200V,-0.6931511272094724
Y200R,-0.7068996892603423
Y200G,-0.8552745649668121
Y200Q,-0.9323413080851165
Y200K,-0.9489009653819798
Y200D,-1.0395460301817574
Y200E,-1.0937894320070654
Y200P,-1.6305072646620173
