mutant,fitness
D280E,-0.1225200616910071
D280N,-0.16104434365822035
D280H,-0.44797148126952113
D280S,-0.5456201317318994
D280Y,-0.5680869596308402
D280G,-0.6226229296351552
D280A,-0.6398022977355253
D280C,-0.7159984045959045
D280Q,-0.8191852545020313
D280V,-0.8414853285967576
D280L,-1.0510733745394842
D280T,-1.0612893745735503
D280R,-1.1355836509873325
D280F,-1.1513973289628034
D280K,-1.1523364676671504
D280M,-1.20348554114382
D280I,-1.252445379260538
D280W,-1.2888904086969195
D280P,-1.915658070579436
