mutant,fitness
R30K,1.5719829201514435
R30N,1.131445445355928
R30Q,1.1249410584204123
R30E,1.0366763539064892
R30S,0.9968983194491942
R30H,0.9942703446754122
R30T,0.9306529096405387
R30A,0.9222271953619929
R30D,0.9110746455023747
R30G,0.86701329658459
R30L,0.7664435045565997
R30M,0.660764173057653
R30V,0.612777299353839
R30Y,0.5722414820265032
R30C,0.525777338262907
R30I,0.48149782244621075
R30F,0.35835742113212227
R30W,0.24097392631548417
R30P,0.10450669433092918
