mutant,fitness
T38A,1.568214863822635
T38S,1.513992926859815
T38D,1.4138562702875714
T38V,1.3798885544603676
T38G,1.374001300016637
T38E,1.365209780648446
T38K,1.3251273797307064
T38N,1.309208314933556
T38Q,1.289135014614603
T38L,1.285450156997467
T38I,1.278233989646996
T38R,1.2197267316666098
T38H,1.1799827908937817
T38P,1.1055086486866887
T38M,1.0672955443133207
T38F,1.0610963481903974
T38Y,1.0086861522599586
T38W,0.9174426130686925
T38C,0.8591661029231538
