mutant,fitness
E187D,1.3702804257400132
E187Q,0.871385910278536
E187A,0.8111868930552911
E187H,0.8061451534357776
E187G,0.7760394090564188
E187S,0.7640387870285048
E187N,0.7284852760763876
E187K,0.6119568241157419
E187T,0.4929027292370919
E187R,0.35058501894866767
E187Y,-0.01770492365409948
E187V,-0.08381943588424527
E187L,-0.09201080913652553
E187M,-0.1446049200303597
E187F,-0.2294919708757337
E187W,-0.23019639000515446
E187P,-0.31433330493188016
E187C,-0.471542137663822
E187I,-0.510638432417192
