mutant,fitness
N192C,-0.05592640222790747
N192S,-0.11130901831018555
N192H,-0.4799683483075194
N192D,-0.48275420968059013
N192A,-0.7925451686282933
N192Q,-0.814339929034541
N192T,-0.853008105436107
N192L,-0.9577303935166372
N192I,-1.143505646072792
N192R,-1.1544602246810372
N192M,-1.210969163546346
N192K,-1.2111828652648406
N192E,-1.2536306238118944
N192V,-1.254431413083084
N192G,-1.2957487664213694
N192Y,-1.4995832999512455
N192F,-1.5120099802565297
N192W,-1.876323302295469
N192P,-1.8862370673812587
