mutant,fitness
F246Y,1.3443923048251318
F246W,0.2440887238649831
F246L,0.22972806661369677
F246H,0.20979143555573393
F246M,-0.16360821396983516
F246C,-0.23785895966500745
F246N,-0.4114218657287937
F246Q,-0.7030832223481883
F246S,-0.7064010018688962
F246I,-0.8085827708715383
F246V,-0.8201271669987871
F246A,-0.8202810200234656
F246D,-0.9202670647385274
F246R,-0.9561376975887865
F246T,-0.9674810048988003
F246K,-1.0688948201879136
F246E,-1.0739481168448002
F246G,-1.2331219352167602
F246P,-1.6156618654582182
