mutant,fitness
E300D,1.201788459053904
E300A,0.9350472108613604
E300S,0.9326026506488291
E300Q,0.8867262460348728
E300G,0.8619521274960368
E300K,0.76053414768455
E300N,0.6360413778302073
E300R,0.43894672205385465
E300T,0.4128786381348809
E300H,0.21257290602057793
E300C,-0.1156316408572981
E300V,-0.3184035433483283
E300L,-0.3318153704761173
E300M,-0.3437082404469432
E300Y,-0.5181743231192142
E300P,-0.6255272684677984
E300F,-0.6857779947156161
E300I,-0.7651448868287428
E300W,-0.7672968264072634
