mutant,fitness
D286N,1.0131393411606777
D286E,0.9742441611197792
D286A,0.8164060991567678
D286S,0.7921632504311593
D286K,0.7215794148665347
D286T,0.6849825209836178
D286H,0.6767712584140044
D286P,0.5972670462754732
D286R,0.5308435544992761
D286Q,0.5097967531214057
D286G,0.4683145549629333
D286L,0.41429658940561964
D286V,0.3346375037562638
D286M,0.16462844204138496
D286I,0.12007098382816833
D286C,0.04912262325546263
D286Y,-0.04492672369376438
D286F,-0.16538322434645036
D286W,-0.4141915665173824
