mutant,fitness
A24D,1.9779733219939564
A24E,1.7430937332020715
A24N,1.6734197345114419
A24H,1.4746740394321018
A24Q,1.4569186946135781
A24S,1.4350417113548384
A24T,1.3197746525622056
A24G,1.2829076376114843
A24K,1.276437952765405
A24R,1.2290341895460828
A24V,1.0754704704911435
A24L,1.0345762478602096
A24C,0.8382844660150253
A24M,0.8099627922854925
A24I,0.7824340404024668
A24Y,0.7473265845308601
A24P,0.6201466927294351
A24F,0.6200577836691744
A24W,0.5107818180480835
