mutant,fitness
L216V,0.5201558431174405
L216I,0.42759696682465487
L216M,0.39494696383198363
L216F,-0.26378473788514695
L216C,-0.2988378619179744
L216A,-0.3008584455044575
L216T,-0.4441863641015371
L216Q,-0.8826764263222278
L216S,-0.984176241914282
L216Y,-1.0269488120963965
L216W,-1.0555684607516924
L216R,-1.056939887224647
L216H,-1.1394966971457805
L216K,-1.1582186648689543
L216N,-1.2052758345702335
L216G,-1.31749751248361
L216E,-1.3527590755235697
L216P,-1.3659707323157337
L216D,-1.7540525561075468
