mutant,fitness
H222Q,-0.15442598417741452
H222N,-0.4351238945018194
H222S,-0.7070039558609409
H222D,-0.730008724813254
H222R,-0.7514972384652158
H222A,-0.7937026076275757
H222E,-0.8828309656131863
H222Y,-0.9357118475596934
H222L,-0.9741980435288349
H222C,-0.9879924039155101
H222G,-0.9886733743415308
H222K,-0.9984313189578056
H222P,-1.0118709565636996
H222T,-1.2303940112479663
H222M,-1.2511595032681875
H222F,-1.273071992877766
H222V,-1.5332723912484743
H222W,-1.550830454117738
H222I,-1.5892723815363972
