mutant,fitness
I230L,1.7888246929107283
I230V,1.6682991424943912
I230M,1.2046991781393595
I230C,0.9565358414462176
I230A,0.9064158355460248
I230T,0.8795871118380526
I230F,0.6266717209123531
I230S,0.32954933207587056
I230Y,-0.21602202900466463
I230Q,-0.38739050394151914
I230G,-0.41651028116046707
I230W,-0.43234231783182103
I230K,-0.46285635328059777
I230N,-0.5222985777023561
I230R,-0.5262745621869297
I230H,-0.532440488017168
I230E,-0.5616778211939244
I230P,-0.593822895332218
I230D,-0.8388343731210858
