mutant,fitness
F179Y,0.880129808879867
F179W,0.6995125497253114
F179H,0.43557599791603785
F179L,0.2908167301485355
F179I,0.255018732793772
F179P,0.2332752033462006
F179V,0.2135980245452459
F179M,0.129925447480571
F179A,0.048736007899598754
F179R,-0.1432103589969319
F179S,-0.222079821710281
F179Q,-0.24626744647178556
F179T,-0.26764014395546315
F179C,-0.3067674294016606
F179N,-0.36584965576635486
F179K,-0.5878475377855583
F179E,-0.6562459160986163
F179D,-0.6673329248770794
F179G,-0.7461776808929913
