mutant,fitness
H149Q,-0.7277093636954932
H149R,-0.8481585906329949
H149N,-0.9339374127667851
H149Y,-1.1173976858013115
H149S,-1.2929409596093884
H149A,-1.3463359076244972
H149D,-1.389881579227324
H149C,-1.401104178334267
H149T,-1.4233807707077213
H149K,-1.4644925885729294
H149E,-1.601930952852093
H149L,-1.6143264725109536
H149F,-1.637771566588508
H149W,-1.7309532449151581
H149G,-1.7655885501972066
H149V,-1.784804628413626
H149M,-1.827837601109808
H149I,-1.9032758199447526
H149P,-1.9815661061569219
