mutant,fitness
G170S,-0.6125412000935633
G170A,-0.6667854008115818
G170R,-1.059823940889254
G170C,-1.0766738119183343
G170N,-1.089172591764204
G170D,-1.11076629179959
G170E,-1.1673093355097957
G170T,-1.2218907028261912
G170L,-1.2966681520746264
G170F,-1.3565373120050173
G170V,-1.3774658325593376
G170Q,-1.3934560192309735
G170M,-1.417804585987342
G170H,-1.4776966432180785
G170W,-1.4803074445039508
G170K,-1.578417791421267
G170Y,-1.6553099957971833
G170I,-1.7218586994972247
G170P,-1.928080457718926
