mutant,fitness
I28V,1.5033617018838874
I28L,1.166333789305574
I28M,1.14379059467813
I28T,1.1275630922453375
I28R,1.1180844666945793
I28K,1.1110401182449245
I28A,1.035402671421163
I28Q,0.9920428842778772
I28E,0.9632572083752742
I28S,0.9399511220024419
I28D,0.8607352515496718
I28H,0.8491086532581178
I28N,0.8139493967175977
I28F,0.7369388194717876
I28C,0.6959804770865091
I28Y,0.669313107566059
I28G,0.5300380280129329
I28W,0.3137313883484567
I28P,-0.00230029790186409
