mutant,fitness
Y225F,0.9780298222210596
Y225W,0.17880088938527408
Y225H,-0.05744249986977987
Y225C,-0.1251768209904341
Y225L,-0.21451312543905413
Y225V,-0.23788933169802487
Y225T,-0.49556089767568545
Y225M,-0.5226454975072898
Y225A,-0.5282829359562576
Y225I,-0.595662109787034
Y225S,-0.6720466097342854
Y225N,-0.8004400892380918
Y225Q,-0.8945482712529303
Y225E,-0.9395839563277923
Y225R,-0.9696364330931482
Y225G,-1.0402533503249516
Y225D,-1.10157812019047
Y225K,-1.1782320944360838
Y225P,-1.6185895570573456
