mutant,fitness
P139E,0.33088574179438246
P139A,0.11417311994470189
P139D,0.11213068161718256
P139Q,0.007108344540011552
P139S,-0.07918050458605397
P139L,-0.20275160093240083
P139K,-0.24394987160667103
P139H,-0.34253612653733545
P139R,-0.3742993674585701
P139N,-0.451379465391513
P139T,-0.4681461188303625
P139M,-0.6282765570020227
P139G,-0.7200639309985299
P139V,-0.7405999342422085
P139C,-0.8546443574487654
P139Y,-0.9328624436452322
P139F,-0.9485046956382197
P139I,-0.9781592568866071
P139W,-1.1037494126594238
