mutant,fitness
V168I,0.5884170797526352
V168T,0.20926118290711662
V168C,0.16954697103903832
V168L,-0.04491885571917792
V168A,-0.09862387798090627
V168M,-0.17016966008471962
V168S,-0.5615906009205333
V168N,-0.5943233816369009
V168Q,-0.9593635995621594
V168F,-0.976347776074556
V168E,-0.990379189080701
V168D,-1.0148423574458048
V168H,-1.1077800387686034
V168R,-1.1360951305682945
V168Y,-1.154137822994344
V168W,-1.180693499173743
V168P,-1.2197689303115582
V168G,-1.2375220614484288
V168K,-1.3146367728789672
