mutant,fitness
Q86E,1.7621461376625287
Q86A,1.6171350253074694
Q86D,1.3799895363536243
Q86K,1.3227408679095547
Q86S,1.1765792779268698
Q86N,1.1264546522489431
Q86R,1.1097213258551313
Q86T,0.9639809155241048
Q86H,0.8783896780817949
Q86G,0.7225519818635411
Q86L,0.6912405019451979
Q86M,0.5629540731532028
Q86V,0.562149544916538
Q86I,0.328257389530408
Q86C,0.26166180477418904
Q86Y,0.13693127994776982
Q86F,-0.03400647430460523
Q86W,-0.11539333264640869
Q86P,-0.42502480906670187
