mutant,fitness
Y279F,0.41286588888152786
Y279H,-0.15847764551974097
Y279W,-0.35955729358632227
Y279C,-0.6421721166847478
Y279N,-0.7972956209931448
Y279L,-0.8886333327429569
Y279S,-0.8896488185373704
Y279A,-1.1093086900422815
Y279D,-1.115209319726504
Y279M,-1.124338747909572
Y279V,-1.1634502952202594
Y279R,-1.2407251304755336
Y279I,-1.2524994865539099
Y279G,-1.3014746533230488
Y279T,-1.3182935408446406
Y279Q,-1.3959891330748952
Y279K,-1.4649621764670735
Y279E,-1.5190113636358082
Y279P,-1.826548177011317
