mutant,fitness
K57Q,1.5777779396208127
K57R,1.4411597519711523
K57N,1.2253691998710394
K57L,1.1913849661728284
K57A,1.145820934372165
K57E,1.1092197573532572
K57H,1.0966361658738866
K57D,1.0321154139710027
K57S,1.030108160361118
K57M,0.8567244951556702
K57T,0.8283599873280136
K57V,0.8057187258253506
K57I,0.7303646185289394
K57G,0.603690463617227
K57Y,0.5711971630942616
K57C,0.46282799735280855
K57F,0.45254372031884005
K57W,0.2771191530678515
K57P,-0.20150162500149005
