mutant,fitness
H124E,1.7839500100225012
H124Q,1.7752149417496972
H124D,1.4694123626465512
H124A,1.1407099686182165
H124N,1.1109018341347114
H124S,0.9468026621865789
H124T,0.8621980332651371
H124Y,0.7653418117354001
H124V,0.7631067837529648
H124G,0.7118476922367079
H124M,0.6363756879494964
H124K,0.577860265938712
H124L,0.4591225785976395
H124C,0.45285944317861077
H124F,0.43018508630302965
H124I,0.4278588035733882
H124R,0.40542500858469077
H124W,0.2929418577257341
H124P,-0.5735122471447982
