mutant,fitness
L228H,1.6646889522115513
L228Q,1.594529852530241
L228N,1.5708777352208045
L228R,1.3028011542008218
L228E,1.1712939632690962
L228M,1.1569372324627136
L228S,0.9466895811980844
L228Y,0.9033902659693851
L228D,0.8129319977996321
L228K,0.735402933873834
L228T,0.7303366857751662
L228A,0.677230231324431
L228W,0.6624534638002574
L228C,0.5398148315333811
L228F,0.5210528361597876
L228G,0.4680414675831997
L228I,0.3675560920336274
L228V,0.21314030875288068
L228P,-0.4287714509917106
