mutant,fitness
S285T,0.9698965248183372
S285A,0.8134016907260848
S285G,0.7101799541683089
S285N,0.7014421216722098
S285C,0.5559218726381691
S285D,0.5441530011004796
S285R,0.3562076582252594
S285L,0.2413975549499139
S285H,0.23500298287236354
S285Q,0.20190228746644745
S285V,0.19514127579913038
S285I,0.15707203765805083
S285E,0.15326493315519935
S285K,0.13252521181958882
S285M,-0.012166074831769881
S285Y,-0.22364191716933657
S285F,-0.28694371154659165
S285W,-0.444871144287853
S285P,-0.564808526248469
