mutant,fitness
I19T,1.6042230709844743
I19L,1.478434730156377
I19V,1.4058533947353313
I19A,1.3769965548238203
I19M,1.3381903292770398
I19S,1.177327806454631
I19N,0.963193736549589
I19Q,0.9171919556047008
I19E,0.9018898674567267
I19R,0.8658798676847426
I19K,0.83656364618174
I19C,0.8284195572495301
I19D,0.8191349966086041
I19F,0.7555505773212787
I19H,0.7440253316329457
I19Y,0.6243625993958154
I19G,0.6202627267653742
I19W,0.3708721013204379
I19P,0.20160968267159174
