mutant,fitness
R93L,1.0341586181550166
R93A,0.6457479198854825
R93K,0.6382825677000752
R93T,0.4894072088971133
R93Q,0.459588824760299
R93V,0.45024039020174456
R93H,0.40820960744471674
R93M,0.3578542314818384
R93N,0.34627340043573795
R93S,0.300579932209588
R93F,0.295999598610457
R93I,0.17059336655888158
R93Y,0.139246383841478
R93C,0.1258923882432822
R93W,0.08779833227326794
R93G,0.017711997610868613
R93E,0.001671679692959907
R93P,-0.2001010967080663
R93D,-0.3121944858361275
