mutant,fitness
K52R,1.2283151544693414
K52Q,0.8621826156526882
K52A,0.7597207127042823
K52L,0.7372311938791427
K52E,0.637682132771718
K52T,0.6142998777616022
K52H,0.5909890646542498
K52V,0.589805057245027
K52I,0.5670716359044417
K52S,0.5660439465822229
K52M,0.4571072790680926
K52N,0.36275298003014844
K52D,0.3406851631658394
K52Y,0.29936622173484895
K52G,0.22465310118444387
K52F,0.08900664184567603
K52W,-0.008362660305595404
K52P,-0.01670209623697025
K52C,-0.1181116645999905
