mutant,fitness
L120V,0.9053056871418654
L120M,0.8413768927029388
L120I,0.8173181677048716
L120F,0.5718838573494441
L120E,0.5523449707119388
L120A,0.487844170914871
L120Q,0.4792087163924116
L120S,0.31528413994810317
L120N,0.2736518071100749
L120T,0.2722629401390459
L120H,0.2682041486985705
L120Y,0.23554813368629932
L120C,0.23223465442766925
L120D,0.22847062003055613
L120K,0.16559771226154357
L120R,0.13373093498394967
L120W,0.005878594091025979
L120P,-0.028981257485269696
L120G,-0.419702224043376
