mutant,fitness
Q165E,0.42667115142075784
Q165H,0.38124433877993824
Q165S,0.1885107902842355
Q165N,0.18184975755051297
Q165D,0.1173904181353638
Q165T,0.025354978619719915
Q165A,-0.03195619693838925
Q165P,-0.03293432871794899
Q165L,-0.0753203689046365
Q165M,-0.09305676809213093
Q165V,-0.20351441665956138
Q165R,-0.22118042616554334
Q165I,-0.2600550685372198
Q165G,-0.31487486237822915
Q165K,-0.3247397363861324
Q165Y,-0.4335395490866861
Q165C,-0.5460747902281881
Q165W,-0.6606855637348359
Q165F,-0.7317743101919638
