mutant,fitness
F40L,1.233920523017134
F40Y,1.1133981061395155
F40I,1.0604977057961273
F40V,0.917929489840293
F40W,0.9129301082487361
F40M,0.7805899242983125
F40A,0.7708138276117782
F40S,0.6964125095863674
F40T,0.6097497265933327
F40H,0.6095900461505863
F40P,0.5525944749202137
F40D,0.5161509992923663
F40N,0.5060826984753615
F40K,0.47117133356480534
F40R,0.458932267226982
F40Q,0.41396330282853505
F40E,0.4070719199270472
F40G,0.36528868555645566
F40C,0.34164469158433924
