mutant,fitness
R182K,1.18443927027926
R182S,0.8532837677480061
R182A,0.8061140890164886
R182T,0.6944820894592884
R182N,0.6870222774998828
R182Q,0.678797592406914
R182H,0.6705434870125138
R182C,0.5027872186874138
R182L,0.4875999917329201
R182G,0.417412210009234
R182E,0.257706877989476
R182D,0.23808436055482646
R182Y,0.02821950897074807
R182M,0.02710110495419754
R182F,-0.05726625616414574
R182V,-0.2325123499425802
R182W,-0.3566414378297128
R182I,-0.5603506133568299
R182P,-0.9595453920151591
