mutant,fitness
H271E,1.9315835587710775
H271K,1.8758774480214926
H271A,1.87431752316793
H271D,1.7660548701098477
H271Q,1.689917039140087
H271N,1.6744053321729793
H271S,1.6016748629882729
H271R,1.5953147324855865
H271T,1.3642491372305758
H271G,1.2940386457796298
H271L,0.8249016682613801
H271V,0.7518003618228584
H271P,0.683185676920538
H271M,0.5770672951494975
H271Y,0.5751955822182908
H271C,0.5627316489027462
H271F,0.37564937453613084
H271I,0.21292193812462062
H271W,0.140460555440207
