mutant,fitness
P14A,1.5222863951806953
P14R,1.3438566790213387
P14K,1.3079834741159495
P14S,1.303331163978512
P14Q,1.3016100793955951
P14T,1.2385183185371513
P14L,1.1990322923869754
P14V,1.1933732249530893
P14E,1.1840394448054323
P14H,1.1447370070068268
P14N,1.1187408360243036
P14G,1.0838067086438967
P14D,1.0032850788702448
P14I,0.9183183824812371
P14M,0.9148381342438434
P14Y,0.8821851652760371
P14F,0.8644998051831293
P14C,0.8228966436779857
P14W,0.4837086355159005
