mutant,fitness
T99S,1.156671464481411
T99G,0.40684758777577473
T99A,0.0889326674277118
T99N,0.0021050136188258683
T99C,-0.1318399220577676
T99P,-0.15606922546310534
T99D,-0.22440541174235817
T99R,-0.25082605425264665
T99E,-0.27905843326830904
T99K,-0.298840682284715
T99H,-0.34652050809422763
T99Q,-0.5509640404195247
T99M,-0.6098345395291307
T99L,-0.792663464981624
T99V,-0.8636520980106656
T99I,-0.8921505129543725
T99Y,-1.0608936569496246
T99F,-1.0718049058562948
T99W,-1.2623303480530748
