mutant,fitness
L154M,0.4700246522020675
L154I,0.3533254294918268
L154V,0.13529138613965827
L154C,-0.21213810390666868
L154A,-0.30996454817700236
L154T,-0.3197146984522025
L154F,-0.41742229189105917
L154S,-0.5047546261370075
L154Q,-0.606603322363843
L154Y,-0.6314673334201137
L154N,-0.708629286904813
L154W,-0.7588497030587509
L154H,-0.9129656747636967
L154E,-0.9662975035963689
L154R,-1.00066871220227
L154G,-1.0654596064722324
L154K,-1.2019061679471046
L154P,-1.2401358743869082
L154D,-1.3015689688026113
