mutant,fitness
Y69F,0.31209755774856995
Y69L,-0.3848779206451588
Y69H,-0.48448977906806806
Y69W,-0.5696057963655521
Y69C,-0.6113978915144108
Y69M,-0.8046632753686886
Y69N,-0.8212883341008457
Y69V,-0.8719171775078873
Y69I,-0.8872279902062661
Y69R,-0.9287632986099955
Y69S,-1.0245577599440203
Y69Q,-1.0742807034285953
Y69K,-1.132476089470469
Y69T,-1.139346856880181
Y69A,-1.1467827346187578
Y69E,-1.1887559217767998
Y69D,-1.2153688515123426
Y69G,-1.512313639754606
Y69P,-2.0678390530996325
