mutant,fitness
Y298F,0.5708141907281941
Y298W,-0.24185166312260134
Y298H,-0.3535449215964276
Y298C,-0.6129032683548185
Y298M,-0.63445912298799
Y298L,-0.7067127364173444
Y298V,-0.8280535463790205
Y298I,-0.9140027464237979
Y298N,-0.9393789830158084
Y298D,-1.1911393184930135
Y298S,-1.1922672982767843
Y298A,-1.1977080631279395
Y298Q,-1.2273226976312213
Y298T,-1.260619789959932
Y298E,-1.3390323194703926
Y298R,-1.3465266372484488
Y298K,-1.558692043697205
Y298G,-1.6577490532481107
Y298P,-2.0175533601870828
