mutant,fitness
P209A,0.859828352200019
P209K,0.8353759873051505
P209E,0.7655561681312582
P209R,0.695535391773462
P209Q,0.6427384383617953
P209S,0.5309380586689202
P209H,0.23845315569864464
P209T,0.11703443808311427
P209D,-0.004480791548242241
P209N,-0.03653645146236431
P209V,-0.16691239816319783
P209L,-0.17485934647817492
P209G,-0.24890810775993813
P209C,-0.4564996728830614
P209M,-0.463346106381619
P209I,-0.6410254956081599
P209Y,-0.7597531442921123
P209F,-0.9129360993307225
P209W,-1.0691505347141372
