mutant,fitness
T20S,1.8122789963109374
T20A,1.3971812324439026
T20G,1.3290822152315684
T20N,1.3207845416952269
T20D,1.2462308304790257
T20C,1.1867008669419485
T20R,1.1570735520588584
T20H,1.138771409755803
T20E,1.1243532593383376
T20K,1.0611497956408116
T20V,0.9660985782521613
T20Q,0.9539969907481877
T20L,0.9526129036918332
T20F,0.8376232169179965
T20I,0.8289014431816556
T20M,0.7871795590901749
T20Y,0.7699302975005625
T20W,0.506243219037837
T20P,0.3695909111909528
