mutant,fitness
G256N,0.8835822368336435
G256D,0.7712073813380409
G256E,0.5987440630566933
G256S,0.42232328388059287
G256K,0.41763681149639503
G256Q,0.3872250616621
G256R,0.3542244632783791
G256H,0.31147376542723654
G256A,0.18995021432196213
G256C,-0.07797606818199343
G256L,-0.139734607051409
G256M,-0.14041139324085056
G256Y,-0.2305634949837638
G256T,-0.3728118324086017
G256F,-0.4200308260978096
G256V,-0.5008214968905335
G256W,-0.5948293513663723
G256I,-0.7941408666871028
G256P,-0.9321031305819673
