mutant,fitness
I206M,1.2427091622736186
I206V,1.0856957072421882
I206L,0.8624073695627072
I206Q,0.21259963064399
I206A,0.21228888285226055
I206T,0.16855625477611863
I206R,0.11040861085841092
I206C,0.04967534940881072
I206K,0.04579672725341796
I206S,-0.10294158230661131
I206E,-0.21287243078828497
I206F,-0.2268951806830591
I206N,-0.28943539300426735
I206H,-0.4073224493797671
I206Y,-0.4636623711848582
I206G,-0.6697139177713474
I206D,-0.7189517128738327
I206W,-0.7480973758770728
I206P,-0.7521848007749167
