mutant,fitness
R140K,0.9314120991967884
R140Q,0.4111637490781207
R140H,0.3158236235126538
R140N,0.1875993297632314
R140D,0.14390867217136527
R140S,0.0941657972813919
R140E,0.07070855128519128
R140A,0.026113867339940755
R140P,-0.03324218722554959
R140G,-0.06904793080037806
R140T,-0.11164868270795109
R140L,-0.4324068622472965
R140C,-0.5996892193474068
R140Y,-0.6426613170309465
R140M,-0.7283410726276573
R140V,-0.7477988193441358
R140W,-0.9701058577241154
R140I,-0.9919560011390054
R140F,-1.0906516540543976
