mutant,fitness
D59E,1.5765832918681797
D59A,1.3751386554946332
D59T,1.3280811080059687
D59V,1.3065952610479366
D59Q,1.297926859690485
D59L,1.215840524720401
D59S,1.1915544606127322
D59N,1.167355474159495
D59K,1.1349270040586612
D59H,1.1176929734428747
D59I,1.0492191927242882
D59R,0.974637740338639
D59M,0.9065503276944255
D59F,0.8650086364954594
D59Y,0.8398051384003313
D59G,0.8338764247405552
D59C,0.602179038673984
D59W,0.40291799240230525
D59P,0.22293941614238133
