mutant,fitness
S129T,1.310055387022051
S129A,0.8237855980878018
S129C,0.49449149785746416
S129G,-0.3144939161614768
S129M,-0.3310517768639675
S129V,-0.33158187117631643
S129N,-0.42863330836740476
S129Q,-0.5475204980906838
S129I,-0.7225443212456601
S129L,-0.7239228494410481
S129D,-0.7590497984292284
S129E,-0.8003258509250557
S129K,-0.9102778955487076
S129R,-0.9103497506774942
S129H,-0.9398587852934871
S129F,-1.023610169672672
S129P,-1.0436748949411714
S129Y,-1.0865303389516043
S129W,-1.3603216314308608
