mutant,fitness
I184V,1.4060701623516176
I184L,0.637891447088656
I184T,0.4673104975701254
I184A,0.42647804144497126
I184M,0.38776491219351794
I184C,0.150615791313702
I184Q,0.06843318077083688
I184S,0.06677706219073959
I184F,0.014242483261929506
I184E,-0.08987023618560702
I184R,-0.1113318156259227
I184N,-0.11607134964074953
I184K,-0.2413262350573172
I184G,-0.26175193195638474
I184P,-0.27720106426949453
I184Y,-0.28342691342767806
I184H,-0.28417000498380157
I184D,-0.3659008907159399
I184W,-0.5863999623563263
