mutant,fitness
S196T,1.497182579442508
S196K,1.4735190810315744
S196Q,1.3952305413389559
S196R,1.3597350076447476
S196A,1.345728069716789
S196N,1.2275432183539248
S196G,1.1705634421980848
S196H,1.160892660891991
S196E,1.15469429231855
S196D,1.0721716354878295
S196V,1.0356620230287623
S196L,0.8477605983172458
S196Y,0.810002740485819
S196M,0.8031126901419056
S196C,0.7779965577037232
S196F,0.7642654949650814
S196I,0.7070427365238958
S196W,0.3987026423299271
S196P,-0.2767586963625189
