mutant,fitness
A79E,1.2120843679545539
A79Q,0.8988584222625731
A79S,0.8919556540689512
A79D,0.8468999456054296
A79T,0.705216247241202
A79K,0.6401426142320684
A79R,0.453967218445644
A79G,0.42440343805762654
A79N,0.4039166608844559
A79H,0.30812379036773707
A79V,0.24044732844275657
A79L,0.22208444377447017
A79M,-0.10354670551163353
A79C,-0.24126341090141057
A79I,-0.2719305114269977
A79Y,-0.40483010649765017
A79F,-0.42304383817204727
A79P,-0.4323973739638647
A79W,-0.6476709400982531
