mutant,fitness
C183N,1.0732317346112805
C183V,0.9437941683878025
C183I,0.902123044280978
C183T,0.6640920922608913
C183S,0.6241267065955876
C183A,0.49598888108513434
C183L,0.3675698959377417
C183M,0.2980007903794727
C183G,0.11756896849323238
C183Q,0.009459727311763505
C183H,-0.1033753594037624
C183E,-0.22762205603623975
C183D,-0.2375263572281967
C183R,-0.27639700668139877
C183F,-0.3542120839788809
C183K,-0.4564836417257569
C183Y,-0.5019739405456033
C183W,-0.6390777374440655
C183P,-0.9676139547887008
