mutant,fitness
L294V,0.6609976953933293
L294I,0.6066259342865779
L294M,0.5068399297318202
L294A,-0.02359575711305334
L294F,-0.08578708339632476
L294Q,-0.16497121534609724
L294S,-0.2498696420169317
L294Y,-0.3483847701418309
L294T,-0.3803391326998373
L294R,-0.3895303429209611
L294C,-0.41590866259655623
L294H,-0.4721825816757498
L294E,-0.4730138865253279
L294W,-0.5387193455875462
L294N,-0.7458162274749458
L294K,-0.7693119198502825
L294D,-0.898282559190104
L294G,-1.2578863708077572
L294P,-1.479882481159212
