mutant,fitness
S44A,1.1849872304522164
S44T,1.159333807633223
S44P,1.1219318271841507
S44L,0.9185551234658682
S44V,0.9106072419536756
S44N,0.8854383072423788
S44G,0.882127091274629
S44K,0.7954948161937587
S44C,0.7736700998761387
S44I,0.7613281396024355
S44H,0.7576485579370061
S44R,0.7538446036012819
S44Q,0.7286424637257864
S44F,0.6764654402221288
S44Y,0.6416711779605914
S44D,0.6295410495259001
S44M,0.618150913564959
S44E,0.6181468454709184
S44W,0.41549616621579794
