mutant,fitness
D266E,-0.23053782980969592
D266N,-0.41688101771552133
D266H,-0.7996053018824354
D266G,-1.0822415728008115
D266Q,-1.1547037274391316
D266S,-1.2213068817332955
D266Y,-1.4877977367995547
D266A,-1.4887866694821614
D266C,-1.5341721006796134
D266K,-1.6914621477366578
D266T,-1.6966160882450052
D266R,-1.9105659785989249
D266F,-1.9326600303222843
D266W,-1.957337448828467
D266V,-1.9753745772620823
D266M,-1.994961746862597
D266P,-2.2223719867202383
D266I,-2.331682180352231
D266L,-2.4083277242958765
