mutant,fitness
K190A,1.5762857797046212
K190R,1.25610453266659
K190S,1.2276576181024592
K190E,1.190121663304342
K190Q,1.1726590085963962
K190T,1.076430971421759
K190D,0.9556806989849431
K190N,0.9448089445686143
K190L,0.9242461511262816
K190V,0.9183770938022765
K190G,0.8479696316592353
K190H,0.7848860702375673
K190M,0.6802157256666737
K190I,0.6309021413720058
K190C,0.4960002673979167
K190Y,0.3769720246975998
K190F,0.24153580220876505
K190P,0.018006780801493483
K190W,-0.0020695778380339924
