mutant,fitness
D21E,1.1289575131081837
D21N,1.0817935299836714
D21S,0.8302780809927661
D21Q,0.7574572200494736
D21H,0.7072884902661165
D21K,0.6723875604327617
D21G,0.6524376357461766
D21T,0.5430443421021452
D21R,0.5288906921881287
D21A,0.5035023121025486
D21C,0.21446250881383527
D21L,0.13993743173093126
D21Y,0.129542227028544
D21V,0.06230113343291782
D21P,-0.02446406214467639
D21M,-0.08059981322131282
D21F,-0.08716767375496876
D21I,-0.09169689852537327
D21W,-0.23334849476671216
