mutant,fitness
Y250F,0.48435089946003673
Y250H,0.1625067321699652
Y250W,-0.02315488995356696
Y250S,-0.18869252614652113
Y250V,-0.24872450014353215
Y250L,-0.263673533771533
Y250N,-0.2854292406560127
Y250A,-0.30035291466506275
Y250C,-0.32919728585911295
Y250R,-0.35156901603585566
Y250T,-0.37627379808062933
Y250Q,-0.3781930706487349
Y250I,-0.4237954307249047
Y250M,-0.504899461934116
Y250K,-0.521088846976483
Y250D,-0.5520344226252636
Y250G,-0.6718540631467703
Y250E,-0.688682514652452
Y250P,-1.377989902521823
