mutant,fitness
A22D,1.2774815780865294
A22S,1.233531509303489
A22G,1.162627146167895
A22E,1.1321413127665654
A22N,1.11889412091431
A22Q,1.0072447293220355
A22T,0.9509226602489884
A22R,0.8729321051800895
A22K,0.8651822868129406
A22H,0.7842019095074632
A22M,0.6148210412905539
A22L,0.5720746410099047
A22V,0.5597156718132191
A22C,0.45620393611686716
A22P,0.39605370140597684
A22Y,0.3851759650204104
A22I,0.3758700080782114
A22F,0.31171122994786626
A22W,-0.006781529998256403
