mutant,fitness
A162S,1.2058879278892225
A162G,0.8998972205303499
A162C,0.7272613378709899
A162T,0.7246152787450643
A162D,0.630728582375982
A162E,0.5997796910370824
A162N,0.524828500425236
A162Q,0.5030763293622307
A162P,0.4186322314525984
A162V,0.3351165386347076
A162H,0.3025252714366248
A162R,0.25848724109243976
A162K,0.19319475241301892
A162L,0.16522652099150428
A162M,0.0982634223277222
A162F,-0.06282157283992368
A162Y,-0.06961325376112662
A162I,-0.2029171249754822
A162W,-0.4494875691232925
