mutant,fitness
H197D,1.089384747930196
H197N,1.0245933119313535
H197S,0.3423647937213715
H197A,-0.06344390773261838
H197E,-0.09220088192057788
H197C,-0.10478331554427475
H197Q,-0.13799062731949524
H197R,-0.2354795200779908
H197K,-0.2640366775138715
H197G,-0.3574963805098285
H197V,-0.40863075226324147
H197T,-0.4759923874628462
H197I,-0.5618017538749764
H197Y,-0.5811453246150715
H197L,-0.5951783093691717
H197M,-0.8037277579162495
H197F,-0.85376185072207
H197W,-1.0733437390231146
H197P,-1.1145485984014813
