mutant,fitness
M32I,1.773094136967309
M32V,1.7631415507991695
M32L,1.7176848816491566
M32A,1.6056173372082467
M32K,1.521511893929544
M32Q,1.505309314773971
M32T,1.474861682292432
M32R,1.4343375582847924
M32F,1.4157916098459675
M32Y,1.3953517333032055
M32E,1.3905168197110955
M32H,1.2847958798532673
M32S,1.282907836275586
M32W,1.158611147125979
M32N,1.1476354448826525
M32D,1.1206817421303255
M32G,1.032315026289601
M32C,0.994417506658693
M32P,0.5818269790332171
