mutant,fitness
S195A,1.2680454467439133
S195Y,1.1267647336962021
S195F,1.0679629250811613
S195T,0.9565589230305636
S195H,0.9255148015566595
S195N,0.8138106506439597
S195C,0.7452285217721167
S195W,0.6794971767174371
S195R,0.6760194018069597
S195M,0.502135603211574
S195Q,0.49297257191985916
S195L,0.45489470463034304
S195V,0.45452436283178443
S195G,0.41133322623209145
S195K,0.37024274506691957
S195I,0.2750419710529817
S195D,0.24033309342805675
S195E,0.23974700727774223
S195P,-0.7373216039566837
