mutant,fitness
E60D,1.5029582101095773
E60A,1.3355153536690112
E60T,1.0952572102058018
E60S,1.0929511751193557
E60Q,1.0784668021121198
E60N,1.0439090840906515
E60L,0.9570815949936686
E60V,0.9444967959336706
E60K,0.8669043707931943
E60G,0.7924468977060362
E60I,0.7698630743613311
E60H,0.7340205810632979
E60M,0.6752538091972545
E60R,0.6133593161999639
E60F,0.38555834876041106
E60Y,0.32905960376813626
E60C,0.17572339669827708
E60W,-0.04670958562004934
E60P,-0.07030796784555698
