mutant,fitness
E119D,1.2806096881219604
E119Q,1.167474674497973
E119S,1.1174167808012436
E119N,0.9293671500112859
E119T,0.9205131219448416
E119A,0.8246979923622741
E119H,0.7559900924289551
E119K,0.7090749390964303
E119G,0.6544552424504557
E119R,0.4396824502909987
E119V,0.10313357142776836
E119C,0.0576661755195825
E119Y,0.04057101174078975
E119L,-0.006413593314097965
E119P,-0.038671435843200486
E119M,-0.06396787178740604
E119F,-0.09421254263141265
E119I,-0.16910418359107404
E119W,-0.30168221298979353
