mutant,fitness
V310I,1.2379137582200737
V310T,0.91234761565303
V310K,0.7468834988842628
V310L,0.649064460822411
V310M,0.4743274966011577
V310R,0.45828567917726676
V310A,0.30729117573378595
V310Q,0.19339633463332953
V310E,0.17894633888484224
V310Y,0.047245410726714454
V310S,0.035405946835572424
V310H,-0.006159042859593053
V310N,-0.02844496372946101
V310C,-0.050859706441882896
V310F,-0.07207456367749315
V310W,-0.37089996079492343
V310D,-0.45812127240744516
V310P,-0.5763418984985557
V310G,-0.6655553381782185
