mutant,fitness
P193A,0.3152729894783761
P193S,0.09810620219589389
P193E,0.04695717448239656
P193V,0.034318249328224075
P193L,0.007621074056374633
P193K,-0.06863629664076011
P193T,-0.08795948517277055
P193Q,-0.12997516397747494
P193R,-0.16890056398322376
P193I,-0.17315685869039943
P193D,-0.3969909076460031
P193H,-0.42662085339254674
P193M,-0.5708159314098119
P193N,-0.7856501029369487
P193C,-0.7890348225945213
P193G,-0.8551470878587356
P193F,-0.951439100951452
P193Y,-1.1143548590967258
P193W,-1.2924061436718828
