mutant,fitness
C161G,1.3928013295737034
C161E,1.2908108786850614
C161A,1.2883657847935865
C161D,1.2772071181963676
C161S,1.1384605379068098
C161L,1.0439952940491457
C161Q,1.0332282685504337
C161M,0.9955919611054509
C161N,0.9824143155258463
C161T,0.8673535481077692
C161F,0.864588856929098
C161H,0.7714370170973706
C161Y,0.734625083709912
C161V,0.7286160343863368
C161R,0.5484860058043577
C161K,0.4610387109942269
C161I,0.43570541625285947
C161W,0.32399977203674807
C161P,0.25885639656465925
