mutant,fitness
A268E,1.4937802425266207
A268K,1.3889061833427232
A268D,1.3661293190005634
A268Q,1.2039721271036001
A268R,1.0879423378456665
A268T,1.0103842835915149
A268S,0.966826885871695
A268N,0.9569253211513378
A268V,0.9004220694229632
A268H,0.7621042573503308
A268G,0.7240310958331029
A268L,0.6444864803926502
A268M,0.5308084614179159
A268I,0.4508794339587375
A268Y,0.19415040859976862
A268P,0.15308632037291836
A268C,0.08717020320190216
A268F,-0.10400563122386232
A268W,-0.19669613876647174
