mutant,fitness
F173Y,0.7464424466696126
F173W,0.23214453669167187
F173H,-0.05940761502252294
F173L,-0.2916380277631365
F173M,-0.526675454788122
F173C,-0.5913127518380688
F173V,-0.6902783199685176
F173S,-0.693131922129328
F173Q,-0.6984257272197021
F173I,-0.7459199480821541
F173N,-0.7822093618039858
F173T,-0.7875063779066191
F173A,-0.8394764105993235
F173R,-0.9217601144418164
F173K,-1.1552978848194793
F173E,-1.2105900211588438
F173D,-1.378936360886188
F173G,-1.4601561623508914
F173P,-1.8981564026016509
