mutant,fitness
A3V,1.4658517091640384
A3T,1.438182733755549
A3S,1.420007339139558
A3L,1.3460027621431996
A3D,1.3395528143943027
A3E,1.3309492733586166
A3I,1.3258918340826022
A3P,1.2508793525205153
A3Q,1.197403616876924
A3N,1.1658765784920468
A3K,1.1633790359834788
A3R,1.1048088763117883
A3H,1.0743444550921604
A3M,1.0733838338596882
A3F,1.0616474148484252
A3G,1.0599612058971637
A3Y,0.9270857274741493
A3C,0.8447212766163428
A3W,0.6677939267621826
