mutant,fitness
T172S,0.8673526143894033
T172A,0.22990633333393334
T172C,0.06708686503499425
T172V,0.021740266520410313
T172N,-0.047335045749456905
T172I,-0.07394971821220185
T172M,-0.32946061820140815
T172L,-0.481891695913611
T172Q,-0.6708373011305396
T172G,-0.6743553794842596
T172H,-0.7747295910409695
T172D,-0.8167009790175273
T172E,-0.8329509505884787
T172R,-0.902804015242087
T172K,-0.921069692789022
T172F,-1.0551618598798593
T172P,-1.1702662949481506
T172Y,-1.2038971700342476
T172W,-1.3980068137847739
