mutant,fitness
E198P,1.5095455052394315
E198A,1.2681759179695864
E198S,1.137887943377537
E198D,1.1153102879120969
E198K,0.914413777035355
E198Q,0.9052635108568987
E198H,0.7863811712308247
E198T,0.7508738680109099
E198R,0.6519490491828666
E198L,0.5740566869209346
E198V,0.5434300110718262
E198G,0.4973841206117743
E198N,0.4773662415054327
E198Y,0.20125377086252974
E198I,0.1927800846733897
E198M,0.1669687299370443
E198F,0.11203573511195244
E198C,0.016061979288809786
E198W,-0.21837330601887409
