mutant,fitness
G137N,0.6257780794768154
G137D,0.4807570930655918
G137K,0.42286869482025463
G137E,0.342655901306935
G137Q,0.3143851236755836
G137R,0.2682674398100949
G137H,0.24084679227075134
G137A,0.13911971207282642
G137S,0.13886544607512807
G137C,-0.14946157941327204
G137Y,-0.4569123038674646
G137F,-0.5490286767335466
G137W,-0.6603758700076858
G137T,-0.6942015053005376
G137L,-0.7414222908085464
G137M,-0.8210307962823795
G137V,-0.8600706140317995
G137I,-1.1389175341654667
G137P,-1.52408527220916
