mutant,fitness
D171E,0.27034898570132476
D171N,-0.01032235556368083
D171S,-0.4379478794354593
D171A,-0.5079111850272866
D171H,-0.6026956022070644
D171Q,-0.6054848058140325
D171G,-0.6116377935832913
D171T,-0.67682602054814
D171C,-0.7456627821560184
D171V,-0.8909252681503108
D171R,-0.9387507658000943
D171Y,-0.9868758586994317
D171K,-1.017518264631941
D171I,-1.1897568938213667
D171M,-1.2131149514329906
D171L,-1.2660347432438441
D171P,-1.2900901881302795
D171F,-1.335526768287363
D171W,-1.3375378571406074
