mutant,fitness
A109S,1.4058621809607814
A109T,1.3841059668965485
A109E,1.2689692000484047
A109D,1.1515855687876095
A109G,1.0455756398962555
A109N,1.0373997564166102
A109Q,0.9675293464928899
A109K,0.9406892881355304
A109R,0.89149732061597
A109H,0.7881400799466161
A109V,0.6784296542323827
A109M,0.6578263678800009
A109L,0.6236240122472496
A109I,0.5414372734955311
A109C,0.5102388001727814
A109Y,0.3152572343167822
A109F,0.22113554403207045
A109W,0.03726771371718424
A109P,-0.21351491850290888
