mutant,fitness
A61S,1.0001387755303104
A61T,0.9033835699795768
A61V,0.6167923431592894
A61G,0.5887569477239385
A61D,0.4983982646847488
A61N,0.4227982695450593
A61E,0.4023742469006514
A61L,0.35318620956409014
A61C,0.3521007155629401
A61Q,0.3384299981605653
A61I,0.25050182563565004
A61M,0.1712677872606997
A61H,0.1404653939617543
A61R,0.1323880289397079
A61K,0.10856137919674144
A61P,0.035275595731987935
A61F,-0.17914443045487605
A61Y,-0.24019059861160863
A61W,-0.48879660181922563
