mutant,fitness
G210N,0.8527562147578365
G210K,0.8425694482965411
G210R,0.8410931512469053
G210H,0.8408904182047334
G210Q,0.6205235057197008
G210A,0.5578793443863379
G210S,0.506045932981356
G210E,0.46779771227992617
G210D,0.17873212383411516
G210C,0.029187197250581692
G210Y,-0.04076818269397828
G210F,-0.16013110091229804
G210T,-0.2396271069610158
G210L,-0.2881709428055925
G210M,-0.3075387939814091
G210V,-0.5302423637834395
G210W,-0.5702165447559984
G210I,-1.038984467855021
G210P,-1.179758611126394
