mutant,fitness
M25A,1.9583662546455596
M25T,1.9284263297918414
M25E,1.8683560149324827
M25D,1.8219164276008328
M25S,1.7939360288430857
M25Q,1.6979789029741115
M25K,1.6972143046144512
M25N,1.6587821989346077
M25H,1.595766248301439
M25R,1.5928873801510777
M25L,1.5331917634387098
M25G,1.5069864452371156
M25V,1.4614716739584468
M25I,1.3181992396355398
M25F,1.2444064411192644
M25Y,1.2019928285535155
M25C,1.1858599611282987
M25P,1.004914499014782
M25W,0.9493915108026199
