mutant,fitness
C219S,2.092660860312968
C219A,1.3480449512158257
C219T,1.2770655763338223
C219G,0.8161558968055952
C219N,0.6125479867730379
C219L,0.21328916763969985
C219R,0.1835843954118783
C219M,0.12502588892350397
C219V,0.06385375503659177
C219D,0.03957965572917707
C219Q,0.037193034277099385
C219K,-0.029483427544011676
C219I,-0.04769577758688798
C219H,-0.07763034068987784
C219P,-0.1274489244531975
C219E,-0.22262203330049657
C219F,-0.2860292838885484
C219Y,-0.3867258012118644
C219W,-0.5825967967143881
