mutant,fitness
N277S,0.5811629522102997
N277Q,0.4611149661419988
N277H,0.373054447519043
N277T,0.33359167533727874
N277D,0.2744357902309944
N277A,0.20387455464261936
N277K,0.10210435478902824
N277E,0.0046080418883132634
N277R,-0.038843532836709105
N277M,-0.18313952627011915
N277C,-0.18321455232393813
N277L,-0.24347889158426653
N277Y,-0.32492239001655177
N277G,-0.3390278232446359
N277V,-0.4168376868414535
N277I,-0.44906784595530547
N277F,-0.6645737672743028
N277W,-0.7454365683458124
N277P,-1.3439275915895776
