mutant,fitness
P238R,1.1821247108828372
P238A,1.1130401545327073
P238K,1.0658514346938168
P238Q,0.9278526187981215
P238E,0.880988670015846
P238D,0.7500216054283828
P238S,0.6441547868841957
P238L,0.5751123945499871
P238T,0.565845224761332
P238V,0.5634727083568337
P238H,0.5443447846313652
P238N,0.4817192516981145
P238G,0.37193970859050796
P238M,0.2939550500718322
P238I,0.2680108613801714
P238Y,0.11831424943752919
P238F,-0.09525565899109789
P238C,-0.10793143868336971
P238W,-0.24327784677816292
