mutant,fitness
H125Q,-0.27128048439239566
H125R,-0.4142541150463276
H125Y,-0.5946126816015876
H125N,-0.6722217020593699
H125L,-0.6955688368374404
H125F,-0.8255705153792221
H125K,-0.8390710186295315
H125I,-0.9112492906059211
H125E,-0.9173210095400068
H125D,-0.9430888001565676
H125V,-1.0244759134540837
H125S,-1.03303576938286
H125T,-1.067778018156394
H125M,-1.1119084877543646
H125W,-1.1740332754576852
H125C,-1.1967508234749447
H125A,-1.2131431633797445
H125P,-1.3206384761773127
H125G,-1.3990877809668585
