mutant,fitness
E97Q,0.8345786548597331
E97S,0.5989668838121156
E97A,0.5953353634717251
E97T,0.5219724355166266
E97K,0.48362141281314003
E97R,0.4449675512474593
E97D,0.2951853848923978
E97H,0.2360654447620501
E97V,0.23104110225884586
E97M,0.0007408323884772403
E97N,0.0002693749415177138
E97L,-0.04909835784180732
E97C,-0.06954983893068811
E97G,-0.32210600649220184
E97Y,-0.3256740787881882
E97I,-0.3266123125942573
E97P,-0.33140871492813795
E97F,-0.7517041453822957
E97W,-0.7633921837676603
