mutant,fitness
R254K,1.4407886809011146
R254Q,1.1602216667951866
R254S,1.0794310996266578
R254T,0.9962182382109526
R254A,0.9542891518348706
R254H,0.9383526261785763
R254N,0.8631578065565615
R254V,0.6861051764497141
R254C,0.6852911372886678
R254M,0.6381622651464379
R254E,0.6372705736083863
R254L,0.5572350963532405
R254D,0.346740399157651
R254G,0.3319973526226714
R254I,0.3217803219580196
R254F,0.16350261649554262
R254Y,0.061508891268521576
R254W,-0.010580152897029987
R254P,-0.8652723027619332
