mutant,fitness
L126A,0.5235815756849838
L126M,0.4882317610870277
L126C,0.3505670851053576
L126S,0.3299638167054155
L126I,-0.0392711252717419
L126V,-0.1863814696979222
L126N,-0.2599012314402578
L126Q,-0.3420327178868553
L126F,-0.45085315016572314
L126G,-0.49648705653653896
L126T,-0.5295312332929731
L126H,-0.5546234656437743
L126D,-0.6778696980497446
L126E,-0.8646630471488765
L126R,-0.9522001881109469
L126Y,-0.9611602185562496
L126W,-1.1117216929065303
L126K,-1.1245938518065517
L126P,-1.1489276507986927
