mutant,fitness
A275E,1.2090640211776116
A275S,1.1019215968240628
A275D,1.0247978966858582
A275T,0.7981720434230158
A275Q,0.6954842693311417
A275K,0.5349313918441864
A275L,0.5265867586749199
A275N,0.4694597642687882
A275M,0.4565650799036687
A275V,0.43314440827868483
A275R,0.42433952948953346
A275G,0.3970476449236021
A275C,0.3429886802667642
A275H,0.22036524936478769
A275I,0.04129399233743107
A275W,-0.13540904410112836
A275Y,-0.1428812440410611
A275F,-0.2960849764231985
A275P,-0.9221298942870808
