mutant,fitness
M142F,1.0752263609349235
M142L,0.7049503873746472
M142Y,0.5508554538827248
M142W,-0.014592257298530364
M142A,-0.02682582350834334
M142Q,-0.06702237820336643
M142V,-0.10331718726523895
M142I,-0.18952552986375007
M142H,-0.2564145690817196
M142T,-0.3005692117368021
M142E,-0.33596460170409237
M142S,-0.34001214995852835
M142K,-0.36533379187424225
M142C,-0.40780036447475165
M142R,-0.5135166416338108
M142N,-0.6278838432080405
M142G,-0.7336051397037912
M142D,-0.7970377511026169
M142P,-1.189075952764024
