mutant,fitness
N108D,1.198183432634049
N108S,0.5462595105699712
N108E,0.36498292464487947
N108H,0.3182002329915134
N108G,0.29485808395742436
N108Q,0.03573074142771744
N108A,-0.006360024128738789
N108T,-0.07050661644536046
N108K,-0.31645788381998924
N108C,-0.3640297435768738
N108R,-0.7074616100888831
N108Y,-0.7514052909655675
N108M,-0.7666853227929356
N108I,-0.8179493940402329
N108V,-0.9284495741690787
N108F,-1.07250420475514
N108L,-1.1140607509601563
N108W,-1.203067413193664
N108P,-1.33193215677229
