mutant,fitness
V65I,0.568300498702678
V65L,0.3582196655901567
V65M,0.056916494666912426
V65A,-0.0018337352214196356
V65R,-0.11210198353867518
V65T,-0.18390409301724836
V65F,-0.2975850705984346
V65S,-0.30648295947909154
V65C,-0.3368139380246473
V65K,-0.3906406901178212
V65Q,-0.4341083951315776
V65E,-0.43972132040675826
V65H,-0.539314413789681
V65N,-0.5860970453761591
V65Y,-0.6257621642144228
V65D,-0.6655397469073474
V65W,-0.7200270270071172
V65G,-0.8499051821746832
V65P,-0.9796274748982621
