mutant,fitness
G221S,0.17989690315154433
G221A,-0.2999561495351952
G221C,-0.5195281288097906
G221N,-0.6115037714127142
G221T,-0.7152833807925496
G221D,-0.797182518952414
G221E,-1.0656150649442617
G221Q,-1.1050539062628895
G221H,-1.1209816919538018
G221R,-1.1212519355529371
G221M,-1.3575997961002977
G221K,-1.4058419300979423
G221V,-1.4775866289953024
G221W,-1.5144315870974205
G221L,-1.5686930295064752
G221P,-1.571434739922878
G221Y,-1.626432376578189
G221F,-1.6610490255229928
G221I,-1.8279062803723582
