mutant,fitness
D112E,0.38361554847098217
D112N,0.36940619554143356
D112A,-0.005366172963220839
D112G,-0.034849877360049575
D112H,-0.04718205123460695
D112S,-0.1526900333470489
D112Y,-0.16390589405015732
D112Q,-0.2662981681657145
D112F,-0.4000204734023858
D112C,-0.4836109555166281
D112V,-0.5438976032586086
D112K,-0.5571295349000802
D112R,-0.6041616191575964
D112T,-0.6161616302113533
D112W,-0.6469387718756809
D112P,-0.712432712044898
D112L,-0.7165170608554979
D112M,-0.8227246690898343
D112I,-0.8374562138090011
