mutant,fitness
S234T,0.7863945710921124
S234C,0.68631204177551
S234A,0.5974533099139554
S234N,-0.016596692068125113
S234G,-0.43299293917786996
S234V,-0.49332497151811955
S234H,-0.5347336959496678
S234L,-0.7472982513048043
S234M,-0.7733727036307149
S234R,-0.8323448193701221
S234K,-0.8843693933016445
S234D,-0.8880624462984192
S234I,-0.8894563410969778
S234Q,-0.9284942051144844
S234F,-0.930521587374939
S234Y,-1.1446409651479188
S234E,-1.145442662782981
S234P,-1.1669918598898854
S234W,-1.2269803497502987
