mutant,fitness
W313F,0.4046485560248378
W313Y,0.14982400314700953
W313L,0.03719041554034941
W313C,-0.2402560157221295
W313M,-0.24980385382665243
W313G,-0.49667213947967115
W313R,-0.530738204688143
W313I,-0.5663697907180762
W313V,-0.5721748849844653
W313A,-0.5941296363091746
W313H,-0.7254913120307798
W313S,-0.7651072761673793
W313Q,-0.873077216814762
W313K,-0.938085023198089
W313T,-0.996681341846428
W313N,-1.047611131256104
W313E,-1.0782280940312547
W313P,-1.1609728159996018
W313D,-1.2278861214448802
