mutant,fitness
Q308N,1.420591986397191
Q308E,1.2947936905209523
Q308K,1.268497378957015
Q308S,1.1986144000489802
Q308T,1.1143602735072613
Q308R,1.0884791604176396
Q308D,1.0571077457505231
Q308H,0.9852461998909341
Q308A,0.9320376296500769
Q308G,0.6919490924808731
Q308V,0.5574852371825562
Q308C,0.365434471418255
Q308L,0.341781600797214
Q308M,0.33766883833969286
Q308I,0.040013746493490765
Q308P,-0.13065304930808086
Q308Y,-0.21439370565371518
Q308F,-0.39574164287676167
Q308W,-0.5689060342948103
