mutant,fitness
W166Y,0.3322229315399605
W166F,0.22820100065184992
W166H,-0.22485875684704165
W166A,-0.48077574251584604
W166C,-0.4974428055727165
W166S,-0.5561726271408771
W166E,-0.6724761758794069
W166L,-0.7163715428599086
W166R,-0.8113388976267805
W166Q,-0.8116602849616686
W166G,-0.830323299665713
W166D,-0.884594451410054
W166N,-0.8984957246750009
W166V,-0.9018888110854246
W166M,-0.9378617465161595
W166T,-0.9473420138157937
W166I,-1.1681873403103187
W166K,-1.2301791666237467
W166P,-1.4123446539574576
