mutant,fitness
Q233H,0.3728210183891828
Q233N,0.29802467269502997
Q233R,0.2747586634031928
Q233E,0.22914399721380257
Q233K,0.22166428112055533
Q233S,0.08704996592473363
Q233A,0.047862300033972266
Q233Y,-0.15251124235521352
Q233L,-0.15433276083608372
Q233T,-0.17257841109331423
Q233M,-0.17665353608328008
Q233G,-0.18656596684092835
Q233C,-0.27379505435796975
Q233D,-0.27401868133612256
Q233V,-0.42408188181789996
Q233W,-0.45879919844741457
Q233F,-0.4605269422232019
Q233I,-0.6139474399959345
Q233P,-1.0268342877060002
