mutant,fitness
A15S,1.19406460370949
A15E,1.152936222639537
A15Q,1.043775739451202
A15K,1.0249930154563747
A15R,1.0218727206575546
A15D,1.0146670574888392
A15T,0.9692954511237313
A15N,0.8888156032616242
A15G,0.8746973598824378
A15H,0.8030478232897318
A15L,0.7762646383201912
A15V,0.6884460756172733
A15M,0.6129763368574651
A15Y,0.506465612707682
A15F,0.4106239764038696
A15C,0.36492476477844193
A15I,0.3544985963765931
A15P,0.09582467617771245
A15W,0.0404682870808104
