mutant,fitness
D41E,1.124985231175748
D41N,1.0678545524151817
D41G,1.0490715338638448
D41S,0.9926496074882026
D41A,0.9881757103580057
D41T,0.9141928975045548
D41H,0.7941441932472477
D41K,0.754518816828985
D41Q,0.7539742363843615
D41Y,0.6578290775029549
D41L,0.6078143655932102
D41R,0.6076023612653556
D41V,0.5580123926082634
D41F,0.550320638881115
D41P,0.48833647809949476
D41C,0.35037744471149956
D41M,0.33538535525974944
D41I,0.3164346376815028
D41W,0.2809883960451681
