mutant,fitness
W141Y,0.34527256333810075
W141F,0.028974120609348786
W141H,-0.3471286909175097
W141S,-0.43848980231033174
W141E,-0.4555146016491598
W141D,-0.4881255472233961
W141A,-0.6074198734601013
W141C,-0.6097855120092096
W141G,-0.7184030241711361
W141Q,-0.8014270621425581
W141R,-0.8770842982236309
W141N,-0.9546205259673459
W141V,-0.9799449687971679
W141T,-1.0430639699882067
W141P,-1.092720964846958
W141L,-1.1367964366536913
W141K,-1.1589042930715991
W141M,-1.226857924971158
W141I,-1.345811856144121
