mutant,fitness
N27H,1.0277053317731495
N27D,1.0014446461269277
N27S,0.9312092538964702
N27G,0.8392976563028476
N27Q,0.8195158125607109
N27E,0.7511171350337414
N27K,0.7481177339310592
N27R,0.6996850600981285
N27T,0.6823887625314082
N27A,0.6078328187649393
N27L,0.35874872718010253
N27I,0.24492337849971774
N27M,0.22991226464591377
N27C,0.22436766451735735
N27V,0.2006291726355663
N27Y,0.0035147999311377354
N27F,-0.0698856764433991
N27P,-0.07425491222016443
N27W,-0.26400837452621795
