mutant,fitness
G201S,1.022974369178195
G201A,0.6610724540260867
G201N,0.5756948999443919
G201R,0.24647856748834074
G201K,0.1973032001275099
G201Q,0.0207825329486801
G201C,-0.030534150990972453
G201D,-0.09206228173575448
G201H,-0.19157788048311847
G201T,-0.19392829797387323
G201E,-0.450568375596633
G201M,-0.5933006721696128
G201L,-0.7971482327014053
G201V,-1.0599942086727505
G201P,-1.216349327755791
G201Y,-1.2189116663379396
G201F,-1.2189312475922303
G201I,-1.2228924433250028
G201W,-1.2905148859609303
