mutant,fitness
G67A,1.691477240689605
G67S,1.56892194551994
G67N,1.5563086822705352
G67D,1.3763175029192216
G67Q,1.3673700113120006
G67K,1.3638043172551322
G67T,1.3528290600421882
G67E,1.3383434871081583
G67R,1.2664971921201533
G67H,1.168917686585886
G67L,0.9538934502533076
G67V,0.7436860056867295
G67M,0.6627680042133921
G67I,0.5947492452715093
G67C,0.5859830128517215
G67F,0.27664145752346836
G67Y,0.18484873207925084
G67P,0.17658410502063254
G67W,0.018386230240836444
