mutant,fitness
P289V,0.4009009907187333
P289L,0.2983705537041544
P289A,0.23833988791446414
P289I,0.03400564730100686
P289C,-0.0394944635898854
P289S,-0.07640917973455874
P289M,-0.09234004637492509
P289T,-0.21288481128771852
P289F,-0.22885255302429577
P289Y,-0.32058075855766766
P289Q,-0.41358893836315486
P289E,-0.48023128000271625
P289H,-0.49085966862034075
P289D,-0.7826852803739576
P289K,-0.7854478578401694
P289R,-0.8386705517490347
P289G,-0.8581736416681824
P289W,-0.8671056846317994
P289N,-1.0413804338644603
