mutant,fitness
E36D,1.603941555793853
E36A,1.5918511595060458
E36T,1.5496116685358476
E36S,1.5333193904269349
E36N,1.5201058141488057
E36Q,1.4170587957823377
E36K,1.3919427516576728
E36H,1.3510653113565598
E36L,1.340858165634494
E36V,1.331708239395267
E36R,1.280312469859497
E36C,1.1960326302561235
E36I,1.1914056731892824
E36G,1.1557744924136726
E36M,1.125980151016604
E36F,1.122506618126688
E36Y,1.1053024905836404
E36P,0.8528182116399345
E36W,0.7404374174370306
