mutant,fitness
E224D,0.5500232671545875
E224Q,0.1846401391306041
E224N,-0.2780762599760346
E224H,-0.408150725172579
E224A,-0.4536264911836507
E224T,-0.6385590519257034
E224G,-0.6410950329292198
E224L,-0.6696541300855998
E224K,-0.7148689800785801
E224V,-0.7243454858197351
E224S,-0.7863177947349197
E224M,-0.8899800141640498
E224Y,-0.9174929633739196
E224R,-0.98408640679737
E224I,-0.9942602326353187
E224W,-1.1381827520231478
E224C,-1.1406267611646812
E224F,-1.2242433546243519
E224P,-1.4384353097110663
