mutant,fitness
P96A,1.2032277666148725
P96E,0.9865023371643278
P96V,0.9398319324729885
P96T,0.8879757446663129
P96L,0.8615463006211099
P96D,0.7833567385265304
P96Q,0.7629173260300997
P96S,0.7088469987123949
P96R,0.7003147096440379
P96H,0.6978232664527504
P96M,0.6552259797483666
P96K,0.6120153055093086
P96I,0.5871740520888613
P96C,0.5264955327341269
P96N,0.4988887161882717
P96G,0.44594173966831385
P96F,0.33128022128907175
P96Y,0.31034944918483204
P96W,0.06707812360489757
