mutant,fitness
L82I,1.3066521760511132
L82V,1.1439802283810376
L82M,0.9450451394056045
L82R,0.828713551193997
L82Q,0.7822258705303211
L82K,0.7392075460394534
L82T,0.5610113299078553
L82E,0.54652601504891
L82A,0.44719461020016776
L82H,0.3499136489975278
L82F,0.2517800204818057
L82N,0.1762253909039898
L82Y,0.09856218894956346
L82C,0.09576026200282892
L82S,0.07241768171944152
L82D,-0.016879754474640275
L82W,-0.18481756199078628
L82G,-0.47205508808816454
L82P,-1.1027220512135056
