mutant,fitness
Y227F,0.7291529849566094
Y227H,0.489779157603518
Y227W,0.27756943426829694
Y227S,-0.27807445810263476
Y227A,-0.2981357126919752
Y227C,-0.33164027055355916
Y227N,-0.4389863886267697
Y227T,-0.6563269003595429
Y227R,-0.6875883863539067
Y227L,-0.6951550176654985
Y227D,-0.8091820184454748
Y227Q,-0.8116465243924932
Y227E,-0.8449436811664506
Y227G,-0.8804705470584698
Y227M,-0.9845150409118174
Y227V,-1.150580642528612
Y227K,-1.1712369904631288
Y227I,-1.47996776621537
Y227P,-1.7471119887605548
