mutant,fitness
K106R,1.2422523076325942
K106T,0.9535192793139379
K106L,0.8532682351940772
K106M,0.8056904157977782
K106Q,0.767032177717049
K106A,0.5298825131303945
K106S,0.45155381221814805
K106C,0.4451704716111998
K106E,0.4371161074345322
K106N,0.35046635185532055
K106H,0.31877920228952694
K106Y,0.14814124032921297
K106V,0.10064479122406084
K106I,-0.03526542807165245
K106F,-0.07717497645336799
K106W,-0.13863710854851738
K106G,-0.19696808209264952
K106D,-0.35592768745241443
K106P,-1.0573673771226868
