mutant,fitness
Y185F,1.4580321576788715
Y185L,0.7378835323059201
Y185H,0.5592137954131408
Y185M,0.4122496747481388
Y185W,0.2842543659809993
Y185V,0.024779641517693067
Y185C,0.00030705792005580185
Y185N,-0.11388039440640614
Y185I,-0.1302897628696278
Y185S,-0.21559204216529212
Y185Q,-0.23015814914172283
Y185A,-0.2545004407121563
Y185D,-0.3083934618995715
Y185R,-0.3649402077555232
Y185E,-0.4713597560621173
Y185G,-0.4792204135086966
Y185T,-0.4965527107903226
Y185K,-0.5095674382915565
Y185P,-1.1387064503231943
