mutant,fitness
G176A,-0.5403260909587106
G176S,-1.0378085624495834
G176C,-1.2055738948845445
G176R,-1.4238975064544048
G176N,-1.4672706166071496
G176D,-1.5847852152007251
G176E,-1.5889736419702554
G176T,-1.7049314744394217
G176Q,-1.7097148616204452
G176H,-1.7327860736009977
G176K,-1.7659080944446066
G176L,-1.8076354940798995
G176V,-1.818905539138012
G176M,-1.8491420617269991
G176F,-1.8579953097481354
G176W,-1.9144013567031823
G176Y,-1.9335232357589314
G176P,-2.015972431892584
G176I,-2.2406968099735947
