mutant,fitness
E102Q,1.1032047690514744
E102D,1.047199790222086
E102A,0.6128745046730394
E102S,0.24726219402451496
E102N,0.13543348692155838
E102G,0.11053852116627216
E102K,0.033705379071524086
E102T,-0.03642486844921239
E102H,-0.12637538072850785
E102R,-0.12800734498753938
E102M,-0.636682094377437
E102L,-0.7332458295225802
E102V,-0.7473275826697541
E102C,-0.7562461283626173
E102Y,-0.9807984449976714
E102F,-1.1821932658407288
E102W,-1.1860728391947721
E102I,-1.199662928532182
E102P,-1.3271325337371425
