mutant,fitness
D303E,0.9974258747083199
D303N,0.7851788736798841
D303A,0.6742843474060338
D303S,0.4938905809218246
D303Q,0.3403332594820887
D303H,0.2026054716088021
D303K,0.17697429971542228
D303G,0.07049575240695871
D303R,0.0375607600114473
D303T,0.010791745681275139
D303Y,-0.5686375779526781
D303L,-0.6796561659968954
D303C,-0.7357560170312536
D303V,-0.7748098400008678
D303M,-0.9729636172261467
D303W,-1.1459424166655845
D303F,-1.2030910700449597
D303I,-1.270787172656444
D303P,-1.4003651068160445
