mutant,fitness
A18S,1.2695636071219936
A18E,1.265262726199072
A18K,1.1592327333143855
A18D,1.1447220127368265
A18Q,1.1376522955952513
A18R,1.1129764154735473
A18T,1.107422474242175
A18N,1.011022622861065
A18G,0.9230728069352255
A18H,0.9182604927407451
A18V,0.8579486991477123
A18L,0.8349293538454465
A18M,0.7229128958637713
A18I,0.6143491757300868
A18Y,0.5431505214282638
A18C,0.48688814957939064
A18F,0.4864253433599339
A18P,0.45260078625526656
A18W,0.1530900319224155
