mutant,fitness
Q178A,1.747833815981686
Q178K,1.5574391384287933
Q178R,1.5562533649725832
Q178E,1.2644802427523543
Q178S,1.103655118599047
Q178G,1.0004303493006181
Q178H,0.9118966440213226
Q178L,0.8632200142206087
Q178T,0.8477188030829246
Q178M,0.7899658518722388
Q178C,0.7398680731321117
Q178D,0.7157211275359048
Q178N,0.6333404978079402
Q178V,0.5646534854717875
Q178P,0.46982283846996004
Q178Y,0.3731703530239724
Q178I,0.36813030427957993
Q178F,0.12868582516265503
Q178W,0.016407663909142077
