mutant,fitness
H247Q,-0.3250525058642113
H247N,-0.6527196765713346
H247Y,-0.8993745445229293
H247S,-0.9066716580961982
H247F,-1.0552111723634718
H247A,-1.1051408694054008
H247D,-1.1155003926499691
H247R,-1.1559971355633083
H247E,-1.184819701588205
H247C,-1.1915084682461057
H247L,-1.246690170670644
H247W,-1.3070199053920828
H247T,-1.3494102110120525
H247K,-1.4509422293479468
H247M,-1.47338430457182
H247G,-1.5162287859065693
H247I,-1.5424028158259808
H247V,-1.5641916697215588
H247P,-1.588955540215272
