mutant,fitness
R85K,0.5969575007325707
R85Q,0.4016715967656473
R85H,0.2201396547382757
R85L,0.054345978340895384
R85M,-0.07984068123063354
R85A,-0.13677218810912223
R85I,-0.1615867758978647
R85E,-0.18805430437832799
R85S,-0.191166800447713
R85T,-0.21910650847102808
R85V,-0.2238978984350007
R85Y,-0.23902401979412685
R85W,-0.2520972780737552
R85C,-0.2658499841235828
R85N,-0.2910916333834456
R85F,-0.4812842575136339
R85G,-0.5132915896099268
R85D,-0.981915149862786
R85P,-1.4252093006056152
