mutant,fitness
A70R,1.2219832781432578
A70K,1.140401981228793
A70T,1.0674471495396152
A70S,1.0029639891880393
A70Q,0.9477748098707045
A70E,0.9065500054058788
A70L,0.7739340470501908
A70H,0.6904060299574726
A70V,0.6610511651074601
A70N,0.614637409622975
A70D,0.6057915905594153
A70M,0.5423586082842061
A70F,0.4998653149635377
A70G,0.49436621633874944
A70I,0.4733039863898826
A70Y,0.3858992898857803
A70C,0.3784351885191953
A70W,0.05782980452743787
A70P,-0.46838655198972345
