mutant,fitness
R45K,1.458852764880776
R45A,1.2737145803417254
R45Q,1.2717647996756234
R45S,1.2395000221398011
R45T,1.2288980868149244
R45V,1.1785024764353036
R45H,1.1541538123918291
R45L,1.1489395951244414
R45N,1.1104455624065266
R45G,1.1005969125471904
R45E,1.0521636347131351
R45I,0.9935749648241513
R45D,0.9717838803685621
R45M,0.8504386538331014
R45P,0.8464307652451581
R45C,0.7878529427344868
R45F,0.7660391644399994
R45Y,0.7112441511245742
R45W,0.5245467420406459
