mutant,fitness
E264D,1.2659723487324381
E264A,0.929456626190047
E264P,0.8648879821474373
E264K,0.803838558589316
E264Q,0.7870162503829092
E264S,0.7049273119244
E264G,0.5540888256063238
E264N,0.552128035302941
E264T,0.5222121761149121
E264H,0.4035403484272103
E264R,0.38507568599012576
E264V,0.27970728756228525
E264L,0.029729821660023262
E264M,-0.2028423199851609
E264I,-0.22581245047375492
E264Y,-0.28579109118559
E264C,-0.2931835367281461
E264F,-0.397512298618684
E264W,-0.6534810665295028
