mutant,fitness
Q76H,0.40852238051711814
Q76M,0.31900029069258934
Q76E,-0.0295062321649803
Q76S,-0.13500240115779694
Q76L,-0.2513546121437817
Q76N,-0.25911466300210273
Q76A,-0.2595749410960862
Q76R,-0.3542071126983011
Q76K,-0.42633092570673664
Q76T,-0.4317496213650863
Q76V,-0.6039244332543736
Q76C,-0.675607923043047
Q76D,-0.6961786674741365
Q76I,-0.7506109929046543
Q76Y,-0.8738864258575068
Q76G,-0.902091492956423
Q76F,-1.015479645725455
Q76W,-1.0205942333544293
Q76P,-1.14570367133752
