mutant,fitness
W252L,0.5488093980815466
W252F,0.34715082377632145
W252M,0.13829978103327378
W252Y,0.10603608469968859
W252I,-0.23975904456403202
W252C,-0.24389696253801904
W252V,-0.3540075997899851
W252H,-0.38408963280191144
W252Q,-0.4158932737991901
W252A,-0.44963676401228203
W252G,-0.6290323519469014
W252S,-0.7529830961466704
W252T,-0.8990397180623322
W252N,-0.9763521567859621
W252E,-1.0044950091938585
W252R,-1.0191445346950834
W252K,-1.1574061852566926
W252D,-1.4411013801688624
W252P,-1.6995127513044663
