mutant,fitness
V4A,1.502681672387804
V4I,1.3840848721211771
V4L,1.3835074997044952
V4T,1.3283044433202438
V4S,1.2619382669399908
V4E,1.2485040146185433
V4D,1.1683446100478976
V4Q,1.1377836910378152
V4P,1.0938388234792042
V4F,1.0517943105898766
V4M,1.0512624095091214
V4K,1.0440599606741348
V4N,1.0362361698767626
V4R,1.0113879238099202
V4H,0.9761224296395973
V4G,0.9703269200639972
V4Y,0.8840092820058532
V4C,0.819211013858743
V4W,0.5945727303335148
