mutant,fitness
S90D,1.3358035016581349
S90A,1.0264805824041527
S90N,0.9852258479220295
S90E,0.6280007698987424
S90H,0.5411644536629449
S90C,0.3528784908567985
S90T,0.35208988650691675
S90G,0.33270178782346227
S90Q,0.2735348108161975
S90K,0.2512177496120706
S90R,0.18616014510387102
S90L,0.058794452055672575
S90M,-0.1667841395589798
S90Y,-0.22373433467249837
S90F,-0.2748215411801764
S90P,-0.3795711132567229
S90V,-0.43761869724329394
S90W,-0.46706145582962755
S90I,-0.6225708793404471
