mutant,fitness
K284R,0.24252648624638543
K284N,-0.03931544503944599
K284Q,-0.2613538955289218
K284E,-0.26229449079840467
K284M,-0.2929029358905375
K284S,-0.38501116019513026
K284T,-0.4010629100804291
K284D,-0.45260294239420706
K284A,-0.46004430418989956
K284Y,-0.5140770728971302
K284H,-0.516172914317224
K284L,-0.555989914263028
K284I,-0.5890697065745567
K284F,-0.6541765436310311
K284V,-0.6568113347227597
K284G,-0.7151660010009473
K284C,-0.7443683450973957
K284W,-0.8177117493373909
K284P,-0.9359057883441855
