mutant,fitness
F306I,0.4315895002039797
F306L,0.4202026717619197
F306M,0.29569587904646755
F306V,0.2162837114562259
F306C,0.017050229644433812
F306Y,-0.11569212893765624
F306W,-0.1484872102746645
F306S,-0.5426436840366697
F306A,-0.585625789265216
F306T,-0.6068339014053854
F306H,-0.789335404907666
F306N,-0.8991258705722629
F306Q,-1.1393461145112274
F306G,-1.170253871209665
F306K,-1.2703275489045578
F306R,-1.276460874037738
F306E,-1.3956815613856202
F306D,-1.4928693327724976
F306P,-1.7361613940937075
