mutant,fitness
E43A,1.5110603597101124
E43D,1.5080418486930518
E43S,1.4496887405384906
E43Q,1.3643960874757624
E43T,1.3407062221330515
E43K,1.329168313663708
E43P,1.309620374428271
E43V,1.3042857020985847
E43L,1.2744271553754307
E43N,1.227341637021195
E43H,1.143043704808096
E43G,1.141283829204069
E43R,1.1402463540498027
E43I,1.0989406459417417
E43F,1.0337449812945156
E43Y,0.9436470554814324
E43M,0.9317521008511465
E43C,0.829471815432238
E43W,0.6379482026578761
