mutant,fitness
L301M,0.19732519631989712
L301I,0.12546131569725893
L301V,-0.040143666780700304
L301C,-0.9588049386304909
L301T,-1.0232506438691242
L301A,-1.0330143140010621
L301Q,-1.0818019798074705
L301R,-1.173902213262266
L301S,-1.2516739004032607
L301F,-1.2578741815955055
L301K,-1.3738757983888275
L301W,-1.392860472383833
L301N,-1.430019429885389
L301H,-1.5116479401324978
L301Y,-1.51183221427921
L301E,-1.5326057008876361
L301G,-1.5911316362702688
L301P,-1.6336918095520598
L301D,-1.750311207781829
