mutant,fitness
P296S,0.17150352185834633
P296A,0.1698045590196136
P296D,0.15533144835231608
P296E,0.0828024201490315
P296G,0.07202031850982393
P296Q,-0.10341905034482385
P296T,-0.18499476003310894
P296K,-0.35437738382460937
P296L,-0.4269888138070267
P296H,-0.42862683678828234
P296N,-0.4381374636982115
P296V,-0.5810648091176549
P296R,-0.6662485303397131
P296I,-1.0299765440228925
P296C,-1.0700108252477594
P296M,-1.130099348563961
P296F,-1.3008868060602192
P296Y,-1.3020530203161338
P296W,-1.343896964154827
