mutant,fitness
A83E,1.072852899660353
A83R,1.0009783090268716
A83K,0.9802828439876023
A83Q,0.9195855309031167
A83S,0.8992421470692692
A83L,0.7880840680687531
A83T,0.7529531633922941
A83D,0.7442464229273738
A83N,0.6386399967439103
A83G,0.5630284438612005
A83H,0.48564697317532496
A83M,0.4267044729027293
A83V,0.3274813674192778
A83I,0.13323395470241686
A83Y,0.10423455520584066
A83W,0.08141892532563744
A83F,0.05548313381150638
A83C,-0.028633151855563158
A83P,-0.6454747328617156
