mutant,fitness
M259R,1.7576185987824715
M259K,1.5911425777619634
M259T,1.579501234365004
M259Q,1.5478564464949314
M259H,1.4164348698738365
M259L,1.3910701388545128
M259A,1.3388664055280144
M259S,1.3006954673643776
M259E,1.2860740487712365
M259N,1.235227247498531
M259G,1.100702241005115
M259D,1.0821751367641812
M259V,1.0620552423243104
M259C,0.9876142848181406
M259I,0.9265350106651888
M259Y,0.9166637923152952
M259F,0.7783454568093102
M259W,0.5880243224596771
M259P,0.21265623555380095
