mutant,fitness
R7A,1.7985790092245078
R7V,1.779744474971361
R7L,1.7316415576738726
R7T,1.713645317704978
R7F,1.6802818367647134
R7I,1.62206352121718
R7S,1.6216096991942481
R7P,1.5251816693189475
R7G,1.514673226017419
R7E,1.4785048259068208
R7K,1.4753355286081105
R7Q,1.468761148438349
R7Y,1.422536549066879
R7M,1.4146317652057214
R7N,1.3766696081939258
R7D,1.344523010154261
R7H,1.3289267311688422
R7C,1.140838546121271
R7W,1.094372609305397
