mutant,fitness
D136E,0.43179308775525294
D136A,0.23612852964578218
D136N,0.07522391897921593
D136H,-0.09943421097808262
D136S,-0.25510308855476627
D136Q,-0.2717159007399801
D136K,-0.5650174363862435
D136T,-0.7119273184595702
D136V,-0.7300231854414079
D136R,-0.7645187968836342
D136C,-0.7972834454837909
D136Y,-0.8114433978271471
D136G,-0.8528603271592673
D136L,-0.9091926301567813
D136M,-0.9123981241971844
D136I,-1.231923754923946
D136F,-1.242306148653579
D136W,-1.5540056610759878
D136P,-1.9037639560923152
