mutant,fitness
F55L,0.8817805451181635
F55Y,0.7642682642063008
F55W,0.3996584322563479
F55I,0.33925156296694736
F55M,0.20790488799339502
F55R,0.17734059410151015
F55A,0.14706179548919046
F55V,0.13903738965491297
F55S,0.13494298909575048
F55C,-0.031518779830535415
F55K,-0.08719165059145717
F55Q,-0.1754596648795913
F55H,-0.23671186573516406
F55T,-0.2923946660608447
F55N,-0.2967833999875671
F55E,-0.4685842874280432
F55D,-0.5403221011030208
F55G,-0.6152027379998456
F55P,-0.9991357001192317
