mutant,fitness
Q10K,1.570991393542489
Q10P,1.516845650709321
Q10E,1.4906166878231506
Q10D,1.4799132741744394
Q10R,1.4650752937414726
Q10S,1.4623648981608202
Q10T,1.4581493802965717
Q10A,1.4571354617880674
Q10N,1.4324277073051195
Q10H,1.338314713983658
Q10V,1.2977258175974395
Q10L,1.155484474376348
Q10G,1.1149589728336728
Q10I,1.0983984729364349
Q10Y,0.9522513073358518
Q10M,0.9208514962203969
Q10F,0.8990108168745292
Q10C,0.8537248274696198
Q10W,0.632152111895674
