mutant,fitness
E255D,1.1445053799537401
E255Q,0.984428373903794
E255A,0.8810975867323042
E255N,0.7179642685989691
E255H,0.7068190909511378
E255S,0.6553559711325538
E255K,0.6264854860290909
E255G,0.5619777030272195
E255R,0.42440320205354576
E255M,0.3459903183610584
E255C,0.29745068624582627
E255Y,0.1590055984144704
E255T,0.14937475312258608
E255F,0.1012438739247431
E255L,0.0497412824664242
E255V,-0.13581407825544042
E255W,-0.3695461030298261
E255I,-0.6249036112010182
E255P,-0.6904374216330823
