mutant,fitness
A39S,1.4490290789538762
A39D,1.437190153294111
A39T,1.2651038542076267
A39G,1.2594795774808936
A39N,1.21808769199138
A39E,1.1964103387984366
A39K,1.1396604787002818
A39P,1.131869679120245
A39R,1.1052790676029849
A39V,1.105084403391742
A39Q,1.0839016728915332
A39L,1.0737311435168895
A39I,0.9460227853531092
A39H,0.9188494094476075
A39M,0.8166713440281244
A39F,0.7667771022709752
A39Y,0.7171674429298001
A39C,0.5669722992408399
A39W,0.5453280646256905
