mutant,fitness
C62R,1.354353427875135
C62F,1.3338871575756786
C62L,1.319008951298747
C62A,1.306921189775025
C62S,1.2974191859853006
C62V,1.2802800052571763
C62Y,1.2294056183726516
C62Q,1.2141589083265665
C62K,1.1924535783410892
C62T,1.1715954361141692
C62M,1.170626936998822
C62H,1.12968735805201
C62N,1.1138351041640153
C62I,1.080089729570957
C62E,1.0148808247133065
C62W,0.9738750721042433
C62D,0.8350024735176922
C62G,0.6619711302227973
C62P,0.4525419373706112
