mutant,fitness
K312R,1.3910296576722376
K312Q,1.0411224967572354
K312S,0.9333010422766616
K312H,0.8272080136446579
K312A,0.7914172923384879
K312N,0.7674563635816862
K312E,0.7595477309045809
K312T,0.6385187393885412
K312C,0.5211777723175769
K312G,0.43999366753324887
K312L,0.37866039681870567
K312Y,0.31647342417703433
K312D,0.25450723802574154
K312M,0.22854540062985643
K312V,0.20429002281421083
K312W,0.08863698420044028
K312F,0.04637378823538933
K312I,-0.08199839118854772
K312P,-0.35432130381052335
