mutant,fitness
D194E,-0.1558692983902844
D194N,-0.2057079094910506
D194H,-0.7467582238381738
D194Q,-1.0850605908740691
D194A,-1.1848151336458481
D194S,-1.2021798218624262
D194G,-1.2178512650057263
D194C,-1.337961206017423
D194Y,-1.3657563828304466
D194V,-1.6036650514188442
D194L,-1.638384961593697
D194T,-1.6584513348495207
D194M,-1.6741235211353689
D194F,-1.7277391973534235
D194K,-1.7905264400916536
D194W,-1.8105915488774653
D194R,-1.815060739989987
D194I,-1.8931958837993297
D194P,-2.117147167408111
