mutant,fitness
D47S,1.0612541474900803
D47A,1.0540423927071214
D47N,1.0225570282561334
D47E,1.0153090415961061
D47T,0.8778509027198177
D47Q,0.8313502484403807
D47H,0.7461348877949499
D47K,0.7105046371252953
D47G,0.6822347810211093
D47V,0.6601001351211635
D47R,0.5618881275881252
D47L,0.5387050714156019
D47Y,0.3823831568428988
D47I,0.38220228046561056
D47F,0.3444693276613585
D47M,0.31687395198402174
D47C,0.28924042142513606
D47P,0.13593722976515826
D47W,-0.04904504230631013
