mutant,fitness
E239A,0.6751345886420228
E239Q,0.6598283582430815
E239D,0.6540797830188315
E239S,0.37117302015902703
E239T,0.27716470869389437
E239K,0.16154028611163795
E239H,0.031056296512040824
E239V,0.022630524710892927
E239N,-0.07791306241859025
E239R,-0.1329957555641571
E239L,-0.16300440295934784
E239G,-0.1748219077773318
E239M,-0.2400080227939328
E239P,-0.267897785202967
E239I,-0.3200527426420652
E239C,-0.5191930598029004
E239Y,-0.7300221303582497
E239F,-0.815956353940739
E239W,-0.9994073252893116
