mutant,fitness
D12N,1.151686863093473
D12S,0.9816470506730155
D12E,0.8356237381652681
D12A,0.8164850222165903
D12T,0.7144385643367358
D12H,0.6644478891756519
D12Q,0.6366104936124524
D12K,0.5576537223205638
D12R,0.5364279944206427
D12G,0.5148115805053516
D12V,0.5144065382544716
D12L,0.4295878646039776
D12C,0.40897145387334316
D12I,0.4023213304008924
D12P,0.24923574984693106
D12Y,0.2006221955130811
D12F,0.08766671119005023
D12M,0.0857211219216269
D12W,-0.17330540094797225
