mutant,fitness
H80F,1.6363849660066312
H80Y,1.5434671477195059
H80W,0.9253800927391779
H80N,0.7851932265346175
H80S,0.6976855538380076
H80L,0.682034643619847
H80R,0.6415545556654915
H80K,0.5936806565251475
H80Q,0.5918142941367119
H80A,0.5639406390239008
H80V,0.41985631574452287
H80C,0.4176290597061251
H80T,0.3663127062267675
H80M,0.24601540904656266
H80I,0.2162535505538719
H80E,0.19715769120234306
H80D,0.1970758656470635
H80G,0.0005949457816583903
H80P,-0.7644846574764641
