mutant,fitness
R64K,1.0478677825346905
R64A,0.9081266158142911
R64Q,0.8230977756719732
R64S,0.8212134187404858
R64L,0.7634987031894731
R64T,0.7029006627102169
R64H,0.6993336980107889
R64G,0.5987885840195375
R64N,0.5760814632746851
R64M,0.4897059784245743
R64E,0.46343342210965877
R64V,0.4343558776576714
R64I,0.3894997294444323
R64D,0.3621670211967197
R64C,0.30138323522930655
R64Y,0.17798991562094152
R64F,0.032254587986849936
R64W,-0.08441668530220114
R64P,-0.2522390106373552
