mutant,fitness
A84M,0.9284724527912113
A84S,0.8666153632218492
A84V,0.799529899689558
A84T,0.6491856715872973
A84Q,0.5561299100862205
A84C,0.5516529794017896
A84K,0.532100921262985
A84R,0.5314353793850397
A84I,0.5226344707265522
A84L,0.47745021900096235
A84N,0.1608725542111125
A84E,0.13648828883143974
A84H,0.093069883385315
A84D,-0.18676435760226895
A84F,-0.21460571246266225
A84Y,-0.31107888073357864
A84W,-0.36166439191400157
A84G,-0.394120704937425
A84P,-1.0160337209654027
