mutant,fitness
S35A,1.556174778582378
S35Q,1.485505034652277
S35E,1.448490085175735
S35K,1.4266338063997246
S35T,1.3821040168863123
S35N,1.3664643564762604
S35D,1.3607533159003293
S35R,1.3606752255071484
S35G,1.323338353089476
S35L,1.256688741299393
S35H,1.1858179196208365
S35V,1.1477425428039354
S35M,1.0755466633311797
S35I,1.0263694414304951
S35Y,0.880930075508837
S35F,0.8653096518875613
S35C,0.802075519898751
S35P,0.7349180427724649
S35W,0.5447692145028329
