mutant,fitness
A257G,0.690469991059363
A257S,0.5596186841233532
A257E,0.20086135454623555
A257D,0.17724860965197672
A257C,0.11409225497224491
A257Q,0.060691691981662105
A257T,-0.09220828287033064
A257K,-0.12142482440523297
A257N,-0.15203670949103287
A257R,-0.1667541392021303
A257H,-0.24990150297436536
A257V,-0.3130110673700476
A257M,-0.49921790218365303
A257L,-0.6503150006506564
A257Y,-0.8529133863721162
A257I,-0.9139396263371214
A257F,-0.930381828857566
A257P,-0.9697148759915201
A257W,-1.0306566650561824
