mutant,fitness
N214E,1.5548596877839103
N214D,1.548065495918126
N214Q,1.377504399479594
N214K,1.3358465071246375
N214S,1.2998987174251804
N214A,1.2940624355717192
N214G,1.2586599874610767
N214R,1.2089139361442798
N214H,1.1070999459292312
N214T,0.9757906770065886
N214M,0.45757114079277106
N214Y,0.36488460889905294
N214L,0.35851697741790733
N214C,0.25926720237213774
N214V,0.2117566265427158
N214P,0.12118903579394069
N214W,-0.00873474740432869
N214I,-0.012174553063174803
N214F,-0.06198192088902228
