mutant,fitness
V229I,0.8293161022290216
V229M,0.48151038671798496
V229A,0.42303291385037856
V229L,0.4205232638324584
V229C,0.3622764033119024
V229T,0.22145874050868591
V229S,-0.07533973247013806
V229F,-0.2715251806782584
V229R,-0.40223784504607935
V229N,-0.4986877550575818
V229Q,-0.5447658995408828
V229H,-0.6252547631430873
V229K,-0.6301561320779224
V229G,-0.6929129517879047
V229E,-0.7654505148368073
V229W,-0.812951113042548
V229Y,-0.8787479599169684
V229D,-0.9963588116587646
V229P,-1.183649434754095
