mutant,fitness
N81S,0.5957273270578127
N81V,0.5780845576095658
N81C,0.46002716519789144
N81T,0.42050579224380985
N81A,0.4190465216633229
N81H,0.17538193703880495
N81G,0.15258080386636397
N81I,0.11514752357676412
N81Q,0.045481713014575514
N81D,0.025077672041477983
N81L,-0.17457393427556828
N81M,-0.19250360072692982
N81E,-0.2624112934624435
N81Y,-0.4291470335040766
N81R,-0.4688782915186331
N81F,-0.6089524976087665
N81K,-0.6572590448476467
N81W,-1.0379099252151862
N81P,-1.2276600216670541
