mutant,fitness
R203K,1.7805056157840895
R203Q,1.2246064643903336
R203E,1.1238532145274864
R203P,0.986737893697272
R203T,0.9318832293838708
R203A,0.8361274456200176
R203H,0.6982108938718803
R203S,0.6523342186196902
R203D,0.6427410307907909
R203L,0.5650312874915779
R203N,0.5417453607230467
R203M,0.440288240220834
R203V,0.3563312607093438
R203G,0.13482970085681248
R203I,0.10012670213555695
R203C,-0.13603019854938647
R203F,-0.14953436272844972
R203Y,-0.18979010225160506
R203W,-0.5145139336232372
