mutant,fitness
V273I,0.4748037035485587
V273T,0.024683292416874857
V273A,-0.08163614597153748
V273L,-0.16440558159778879
V273C,-0.3383632639640874
V273M,-0.3859768322198586
V273S,-0.8071528286808539
V273F,-1.2711036874694126
V273E,-1.3323690226970017
V273N,-1.3868340987479777
V273G,-1.3869783614239357
V273D,-1.432425933301411
V273Q,-1.5231807312844445
V273Y,-1.61656902119891
V273R,-1.640638628196308
V273W,-1.6410452981949628
V273K,-1.7503090078525774
V273H,-1.815860839584564
V273P,-1.8437535649789372
