mutant,fitness
L241M,0.44196270676195726
L241I,0.3263165955391424
L241V,0.07113702619087822
L241F,0.05761014442833838
L241Q,-0.06373243227177887
L241H,-0.06992723608613188
L241R,-0.14927831844562214
L241Y,-0.1750410403948566
L241K,-0.18536629847571154
L241A,-0.20475481823891054
L241C,-0.284565098991847
L241S,-0.4252831945805346
L241W,-0.48149888552029146
L241T,-0.5617634569211688
L241N,-0.6099518932962547
L241G,-0.6544382114082534
L241E,-0.7995307789859883
L241D,-1.1140020807568034
L241P,-1.3575339396242891
