mutant,fitness
F249L,0.31149520272009956
F249C,0.2951957430149659
F249Y,-0.04274793876906059
F249M,-0.11294068240935898
F249W,-0.20117153569754698
F249A,-0.2160175525139882
F249S,-0.5064889919420378
F249V,-0.5572783694431998
F249I,-0.6396784747310581
F249T,-0.7603592649878717
F249H,-0.8533777519248791
F249N,-1.0027348362815185
F249G,-1.0891041105657508
F249Q,-1.2295932472477313
F249D,-1.3065984661248784
F249R,-1.4426817384789083
F249K,-1.4465072317434604
F249E,-1.4526526455396849
F249P,-1.5683349565131524
