mutant,fitness
S48T,1.3917528358277775
S48A,1.0977302621456448
S48N,1.0937955853947443
S48D,0.9647200690847211
S48K,0.897607226688507
S48Q,0.841462693799417
S48E,0.8273415761277336
S48G,0.7906342625318705
S48R,0.778145964925723
S48L,0.7452326899266699
S48V,0.700892685556411
S48H,0.6994998079712433
S48C,0.6288366484455576
S48I,0.5318765565215954
S48M,0.4951727738520543
S48F,0.4616459303425514
S48Y,0.3351641117080072
S48P,0.1958913316347472
S48W,0.04374606323506716
