mutant,fitness
S121T,1.1008711382143754
S121G,0.8735019578998906
S121P,0.8210249448356071
S121A,0.6315582972938958
S121N,0.6071064603487777
S121D,0.41480645775728775
S121Q,0.21894195272105366
S121E,0.10582578295760364
S121C,0.08546385995776848
S121R,0.059874040073284285
S121K,0.026315918750425382
S121H,0.013336463518808933
S121L,-0.0613126628792926
S121Y,-0.10817791826724918
S121F,-0.12628019107822822
S121W,-0.28506767364530383
S121M,-0.3044102235324188
S121V,-0.4927423783700637
S121I,-0.5735726899622701
