mutant,fitness
W220F,0.12630695187999452
W220Y,0.006732070807443369
W220L,-0.6643292966812469
W220H,-0.792566226605031
W220R,-0.8649061518185268
W220M,-0.8699766225934883
W220C,-0.9328132363955588
W220S,-0.9816247041034862
W220I,-1.0116074496216663
W220V,-1.0376158790663885
W220Q,-1.0651766974716073
W220A,-1.0816376487781683
W220G,-1.176892777491192
W220T,-1.1871128655808776
W220N,-1.2176176060983772
W220P,-1.3367387516275224
W220K,-1.3570036317867322
W220E,-1.4242145704146947
W220D,-1.4799012154756177
