mutant,fitness
Q143H,0.28993413982694494
Q143E,0.20036883519500798
Q143V,0.15332332044790192
Q143I,-0.11159309396742823
Q143A,-0.27625349797544907
Q143T,-0.3986465286217076
Q143M,-0.41292869100325286
Q143S,-0.477669885885403
Q143N,-0.6057706096950053
Q143R,-0.6215907559773856
Q143C,-0.6723646153953404
Q143D,-0.7025080900411115
Q143L,-0.7673157765899744
Q143P,-0.7717414156210375
Q143W,-0.8182002207426049
Q143K,-0.851728599369818
Q143G,-0.966937654585388
Q143Y,-1.1399895013465353
Q143F,-1.3329918830333174
