mutant,fitness
G212S,-0.4486567996509505
G212R,-0.7571802599641001
G212A,-0.9524686485768888
G212K,-1.0606381993370042
G212E,-1.11225679436031
G212N,-1.1491259208492615
G212D,-1.1726462892252347
G212T,-1.189756697577012
G212C,-1.2804035131735514
G212H,-1.321455183577373
G212Q,-1.4019710861546242
G212V,-1.6417326682955249
G212L,-1.7761631150304995
G212M,-1.8123672217165048
G212Y,-1.8402372716270032
G212P,-1.8560051353371043
G212W,-1.8621415133372792
G212F,-1.865393441289699
G212I,-2.0092048691807416
