mutant,fitness
R245K,0.06278865980231912
R245Q,-0.5207094584347418
R245H,-0.5340894010401602
R245G,-0.9041716269743455
R245C,-0.9689226387592742
R245L,-1.0271735403138098
R245N,-1.0688376645434698
R245S,-1.1103871998205643
R245M,-1.1565176205090801
R245A,-1.1793757244073804
R245W,-1.2049792134631723
R245E,-1.3596671945272387
R245T,-1.4365827299207712
R245Y,-1.4480864622845269
R245D,-1.5859223452677385
R245F,-1.6187299053396282
R245I,-1.6429231205934394
R245V,-1.6962398751524383
R245P,-1.7833385867780853
