mutant,fitness
K94Q,1.467789008349111
K94E,1.3658031598444451
K94T,1.340747846439648
K94V,1.3134256892592253
K94A,1.2655679318978224
K94R,1.1997401583154885
K94S,1.1397547276034796
K94P,1.1275923929938894
K94N,1.0348946515347055
K94I,0.9850970467912921
K94H,0.9833357341339155
K94D,0.9788601895689861
K94L,0.7847104926677062
K94C,0.6029777029127547
K94M,0.48142434509013
K94G,0.4462693202541736
K94Y,0.27833879898552977
K94F,0.24965307485444832
K94W,-0.17130796420875025
