mutant,fitness
P278K,0.40366902861740206
P278R,0.28387279697890055
P278Q,0.2723624353997215
P278A,0.20316669610478508
P278S,0.19405868348087738
P278E,0.10546822726322107
P278T,0.07449578133130347
P278H,0.028572319349734778
P278V,-0.009596586247968344
P278D,-0.12797191627831975
P278L,-0.13065115046835313
P278N,-0.14000301749488536
P278G,-0.14481513774066357
P278I,-0.20610224893358006
P278M,-0.33551176969203284
P278Y,-0.42347376353390614
P278C,-0.5490089050131101
P278F,-0.6433045052170934
P278W,-0.7856279518292396
