mutant,fitness
G164S,0.6935384295726279
G164D,0.5960573868670103
G164E,0.48089770852650393
G164A,0.4047606208220156
G164N,0.38570268204474534
G164R,0.15207568863457924
G164Q,0.10665564021693709
G164T,0.08912077694637588
G164H,0.06496678730295138
G164K,-0.0423704409083048
G164P,-0.15638930049031946
G164C,-0.19896494127809952
G164Y,-0.42278661140873514
G164V,-0.46202659312821936
G164W,-0.6346156569856534
G164F,-0.6513002991704273
G164M,-0.6597790423058438
G164L,-0.6676690029082708
G164I,-0.7939004611453158
