mutant,fitness
T202S,0.9704628925222578
T202Q,0.5190031136580696
T202K,0.4391718984108918
T202A,0.321459259304746
T202N,0.20581765890389292
T202R,0.177777354162294
T202E,0.13651850152420192
T202G,0.03942416998658906
T202D,-0.05505450614684462
T202H,-0.23633626696064058
T202M,-0.2576351820182012
T202V,-0.31922001499589914
T202C,-0.36601134849480266
T202L,-0.46247097664598835
T202I,-0.6678272951498013
T202P,-0.995427191705062
T202Y,-1.1126166224251295
T202F,-1.1547013176381604
T202W,-1.2949358453920288
