mutant,fitness
A54L,1.3377564272426719
A54V,1.2900269199297134
A54T,1.277753796360944
A54S,1.2005839980041353
A54I,1.1840661690470766
A54Q,1.178129396158601
A54R,1.1755193587529305
A54E,1.1160361975733912
A54K,1.0902871940280146
A54N,1.0273764485997234
A54M,0.9994901257444668
A54D,0.9989261762396938
A54H,0.9150650623491847
A54G,0.8539535607710143
A54F,0.8014089782725095
A54Y,0.7764313659457784
A54C,0.6787493301089031
A54W,0.43503423362204907
A54P,-0.13315870609064942
