mutant,fitness
Y297F,0.5409102053997851
Y297H,0.2891926190398751
Y297W,0.10635575318680016
Y297L,-0.21993508567124376
Y297M,-0.278113909501287
Y297R,-0.29639750773790996
Y297E,-0.4107769003802072
Y297I,-0.4542244473428929
Y297K,-0.4985537811165397
Y297Q,-0.5156083493268464
Y297D,-0.5838683405026605
Y297V,-0.6097510259056483
Y297A,-0.6247789871096145
Y297S,-0.6464617990668422
Y297N,-0.7108563729087235
Y297C,-0.7143487541742558
Y297G,-0.7210994743562938
Y297T,-0.7921970078844581
Y297P,-1.6434948236591107
