mutant,fitness
E292D,1.2283306474675775
E292A,0.7489116137509502
E292S,0.61145121573429
E292Q,0.6096366364712754
E292N,0.4489028522438775
E292K,0.4260381185070385
E292T,0.32804886046266757
E292H,0.3214791455755002
E292V,0.0950275037990261
E292G,0.08027596626429445
E292R,-0.00532387717846361
E292L,-0.21825629537493707
E292M,-0.31816447378717005
E292I,-0.3662063252031314
E292P,-0.4021654447909893
E292C,-0.41398824407820234
E292Y,-0.5357804447319552
E292F,-0.6300112067609205
E292W,-0.6931660517264924
