mutant,fitness
D117E,0.4182846593554309
D117N,0.1615891561794584
D117Q,-0.053524709876633714
D117S,-0.06360150172772133
D117G,-0.0979478316568238
D117H,-0.13609845911410795
D117A,-0.1376342200402122
D117T,-0.156509542004437
D117K,-0.2600025214926068
D117V,-0.29018560950600536
D117R,-0.36769927085844717
D117Y,-0.4518547693745133
D117L,-0.5193786932271791
D117C,-0.6242199734950522
D117F,-0.683776259199784
D117I,-0.6938056294077971
D117M,-0.7502980340763228
D117P,-0.8813946969909597
D117W,-0.9407027659086166
