mutant,fitness
D5E,1.4225199782178148
D5S,1.1215973961214276
D5Q,1.106262514902607
D5A,1.097479832331111
D5N,1.069151070164061
D5T,1.025148666150724
D5K,1.0201386725410226
D5V,0.8945201625345486
D5R,0.8666994128013349
D5H,0.848468575266392
D5G,0.7812565797566186
D5L,0.7563036535003242
D5P,0.7495782414329879
D5I,0.7136782242308538
D5M,0.5591450594664047
D5Y,0.5477266844593517
D5F,0.5379500390302523
D5C,0.4328105985268394
D5W,0.19505888113984982
