mutant,fitness
E304Q,0.5100544555478231
E304K,0.41045009731939003
E304D,0.3691966734256352
E304T,0.23079937034476855
E304R,0.0941066208681363
E304S,-0.02202931967226207
E304A,-0.09119238109547462
E304H,-0.16796964166189265
E304M,-0.20105851416890902
E304N,-0.3350097175634328
E304V,-0.34685613751804323
E304L,-0.48793969422511324
E304Y,-0.6787146939553508
E304I,-0.6846401588362325
E304C,-0.731233886333293
E304G,-0.7488833010366698
E304F,-0.9717667137998505
E304W,-1.1666671628466703
E304P,-1.6550309600076463
