mutant,fitness
M218L,1.013170069228117
M218I,0.8751432503767183
M218V,0.545907247946848
M218T,-0.004874834509329004
M218F,-0.02472084014340411
M218C,-0.2636514462930726
M218Q,-0.37503318356995613
M218Y,-0.38280631319348213
M218K,-0.4231287893501206
M218A,-0.4446692324442642
M218W,-0.5400539089563579
M218S,-0.545378625219924
M218R,-0.619268175030872
M218N,-0.6883217605942215
M218H,-0.771842179565081
M218E,-0.8140107981521257
M218G,-0.8191583241945961
M218P,-0.889427829981472
M218D,-1.1581383125116858
