mutant,fitness
D63E,1.4115798045060817
D63A,1.083631320364776
D63S,0.9686394774234623
D63N,0.9620673757847138
D63Q,0.9610751225336762
D63K,0.7170944727616042
D63T,0.7020680326084769
D63G,0.6004651212283054
D63L,0.5625656783381233
D63H,0.557188050741021
D63R,0.5331671812190245
D63V,0.34080546550466756
D63M,0.3134420074698456
D63P,0.10412035016980123
D63I,0.10172042488554939
D63Y,0.04060084649982461
D63C,-0.10575737477371402
D63F,-0.15995264747716717
D63W,-0.32481784237651173
