mutant,fitness
A2S,1.430571134453819
A2T,1.3657942538076142
A2P,1.2675028188241226
A2E,1.260952751218809
A2V,1.230815637678254
A2D,1.1719740290011114
A2G,1.092975538945936
A2L,1.06891556946308
A2Q,1.0667461956087103
A2N,1.0526138245597592
A2K,1.0486106149371217
A2R,0.994169638914543
A2I,0.9924124620515604
A2M,0.9419318712339815
A2H,0.8723750189889563
A2F,0.8557082737659143
A2Y,0.7732782537200439
A2C,0.7630779134257302
A2W,0.5134817802463227
