mutant,fitness
Y58F,1.2157120017135639
Y58W,0.4143151069620604
Y58H,0.3455655298530362
Y58L,0.3375284326643475
Y58M,0.14940359056797425
Y58I,0.05987787363509417
Y58A,-0.05397606244254405
Y58Q,-0.11812464681817875
Y58S,-0.13495420156045412
Y58V,-0.13506569224482712
Y58D,-0.14398525857226857
Y58C,-0.16608602237960146
Y58N,-0.22504999814093224
Y58E,-0.22640747827780192
Y58R,-0.27298994440757085
Y58T,-0.29762030449605353
Y58G,-0.3935865016591249
Y58K,-0.4101633151195183
Y58P,-0.8767300199480456
