mutant,fitness
P8D,1.4554557070881664
P8N,1.420745712103235
P8H,1.415200941454841
P8S,1.4070069672404273
P8E,1.3985689474380631
P8T,1.392434222724168
P8Q,1.3820251487348183
P8A,1.3776346906271182
P8K,1.3142622558463803
P8R,1.2855072575227457
P8L,1.194596672240162
P8Y,1.172140109965529
P8V,1.1638960952324533
P8G,1.1269475423845938
P8F,1.1040895046435053
P8I,1.001884992899793
P8M,0.8826233523380027
P8C,0.8098891732110084
P8W,0.7344786720713214
