mutant,fitness
V244I,1.830091577028459
V244L,0.8200945545736428
V244M,0.5695271228832819
V244T,0.22917474329000787
V244C,-0.2471958465286804
V244A,-0.2735673841248339
V244F,-0.3173553466271577
V244S,-0.6085685471919398
V244N,-0.7120938776834027
V244Q,-0.8492076993288852
V244E,-0.9468587394090343
V244G,-0.9713351875650973
V244K,-0.9876054559525219
V244R,-1.0288220571171598
V244Y,-1.0442565323952149
V244D,-1.142063403663971
V244H,-1.1522065739593141
V244W,-1.1811278039532425
V244P,-1.3710894708707828
