mutant,fitness
G146A,-0.2088409132978743
G146C,-0.8608939117254345
G146S,-0.8973894497443734
G146T,-1.4305829855139875
G146L,-1.5940554187563143
G146R,-1.6228311877372696
G146V,-1.6316643429444178
G146M,-1.6736374635679654
G146P,-1.7751722744496745
G146N,-1.8801989785908237
G146E,-1.8851007746088335
G146D,-1.8891707675447689
G146F,-1.9146991755687703
G146I,-1.9489012431183945
G146W,-1.9673620426137057
G146H,-1.9794667040450042
G146Q,-2.007492741534651
G146Y,-2.1274555957739394
G146K,-2.1376780922658574
