mutant,fitness
L226M,0.8323522531377807
L226F,0.3455570914564863
L226I,0.2677567105166756
L226V,-0.17970759057720112
L226A,-0.49861919997092286
L226T,-0.5252554296877621
L226Q,-0.5337552002242534
L226Y,-0.5598393473691773
L226C,-0.5649491636173456
L226W,-0.5783446274960207
L226S,-0.7898302553816698
L226H,-0.854246617666107
L226G,-0.8594015224818705
L226N,-0.935948953532108
L226E,-0.9580138869258067
L226R,-0.985797679841473
L226K,-1.1691582725104566
L226P,-1.2449460141186277
L226D,-1.3178172626332212
