mutant,fitness
D49E,1.605128351052426
D49A,1.2856629488335085
D49S,1.189475230737964
D49T,1.0615686650010168
D49N,1.0398660583700532
D49Q,1.0382543420899188
D49K,0.9034597584221704
D49G,0.8994368211267642
D49P,0.8872974771641696
D49V,0.7658594398035902
D49H,0.7020453225383618
D49L,0.6549499113566888
D49R,0.543582064486647
D49I,0.49382700679557767
D49F,0.4139848878886846
D49M,0.36181708025943293
D49Y,0.3479741286568576
D49C,0.24124299025740967
D49W,0.07279266109502128
