mutant,fitness
E71Q,0.9358804829560533
E71T,0.8362090465846612
E71D,0.8188711703069733
E71A,0.744475544004229
E71K,0.7053209883620211
E71L,0.6344655697048136
E71V,0.551488712524314
E71S,0.4979592258094414
E71R,0.47445990798255805
E71N,0.4431129336468992
E71M,0.3654036382609087
E71I,0.29654970562342853
E71H,0.28943018790243713
E71G,0.1590552059879944
E71C,-0.18205442989284218
E71F,-0.36492632053394314
E71Y,-0.37596405522149084
E71W,-0.5912625744873452
E71P,-0.7877539747898541
