mutant,fitness
L147F,0.18564920634682233
L147M,0.12229053023859318
L147I,-0.18109658414650995
L147V,-0.1929151073382187
L147A,-0.6341588115106132
L147Y,-0.6900963703860232
L147C,-0.8305244209279015
L147W,-1.0124901463851537
L147T,-1.1280744106501137
L147R,-1.158103093651799
L147H,-1.1925690022366435
L147Q,-1.1942969661768708
L147S,-1.1988859254709672
L147G,-1.4191530696808412
L147K,-1.51737963952411
L147N,-1.5188707387814988
L147E,-1.556218623919582
L147P,-1.6509406027101643
L147D,-1.7794101748794957
