mutant,fitness
A242S,0.5561979476105471
A242G,0.13645190864918055
A242T,-0.006733267418211203
A242C,-0.053130506303008765
A242Y,-0.06869406725336293
A242N,-0.11171063673207907
A242F,-0.1310169125048849
A242H,-0.13185456104171953
A242Q,-0.27188410377315475
A242D,-0.3135672975480538
A242W,-0.3192746218006841
A242V,-0.3889569253092646
A242M,-0.42861119975867884
A242R,-0.45233882793041413
A242K,-0.4921015449563896
A242L,-0.5399414286123958
A242E,-0.6345172486247568
A242I,-0.8788874647214572
A242P,-0.9681554178449561
