mutant,fitness
I148V,1.1724826558631012
I148L,0.5260111478542635
I148M,0.23223513736368281
I148T,0.14123516036272613
I148F,-0.2585442079262488
I148C,-0.43330032031426274
I148A,-0.5442858658242244
I148S,-0.8253619953488065
I148Y,-1.0230560079417808
I148N,-1.1005040925613638
I148G,-1.109327145411847
I148Q,-1.134828656180112
I148E,-1.176483135891039
I148K,-1.1774914053103824
I148W,-1.2433128359569041
I148H,-1.3250715795327022
I148R,-1.406283714772894
I148D,-1.4374170016824466
I148P,-1.525768801908401
