mutant,fitness
N113D,1.6944212347583139
N113E,1.5615047508516555
N113Q,1.2343981650122549
N113A,1.1739557751759118
N113S,1.047407367877104
N113H,1.0280659462604729
N113V,0.9793617418619859
N113T,0.9624322327677797
N113K,0.8949847112220933
N113L,0.8040751233614012
N113G,0.6528138028617757
N113I,0.6276846887231777
N113R,0.5801833617978086
N113M,0.5181596588938028
N113P,0.4489841985119533
N113Y,0.40480870755098547
N113C,0.3124116611187518
N113F,0.30818729929059585
N113W,-0.060290989271985146
