mutant,fitness
T188S,1.07919167347889
T188A,0.8766046984023551
T188F,0.8346584843744109
T188L,0.8123157028111488
T188Y,0.7518410400298747
T188M,0.7379937477262369
T188Q,0.5565563492645254
T188H,0.48554909004282587
T188K,0.4035464516644462
T188N,0.385774411874387
T188V,0.3105515081955904
T188C,0.2492460591618561
T188E,0.10978507308408864
T188D,0.05962003056719864
T188I,-0.008870047673556772
T188W,-0.03959500383049274
T188R,-0.05921520523234121
T188G,-0.08145614201011554
T188P,-0.72664183882616
