mutant,fitness
T118I,1.0453318401618754
T118V,0.8718210999233255
T118A,0.8187029237812358
T118L,0.7671153495048509
T118S,0.7249064195691586
T118M,0.6673688686507833
T118N,0.46224941311313344
T118C,0.42968638716120106
T118F,0.2977451383399853
T118E,0.2583814007253049
T118K,0.19063142231694247
T118Q,0.17972519726058223
T118G,0.1634333911254689
T118D,0.15930722237440176
T118R,0.1359219201795112
T118H,0.04756080743887403
T118Y,0.0371632858305444
T118P,-0.016486419802162755
T118W,-0.30143461710097325
