mutant,fitness
A42S,1.3808607785300606
A42T,1.3581255742361653
A42D,1.3159919512353824
A42G,1.2676500302355493
A42E,1.2401543297396462
A42N,1.2024530274603087
A42K,1.1442331107418993
A42Q,1.1162459756165846
A42V,1.0390770911843115
A42H,1.0172810988310301
A42R,0.9808389190770983
A42L,0.9210031020429916
A42I,0.8494366012668891
A42P,0.7561929370299706
A42F,0.7129676928702762
A42M,0.678415333605339
A42Y,0.6276418455366696
A42C,0.47976709163307985
A42W,0.3186863420410198
