mutant,fitness
F261L,0.9324057617558803
F261M,0.6258824285056719
F261Y,0.3551594897213427
F261I,0.11362751332469942
F261V,0.06016063671091468
F261W,-0.06980128302225172
F261A,-0.1598296914468118
F261C,-0.39781390403314587
F261H,-0.46284618961510254
F261S,-0.6263911681536856
F261T,-0.6397044004430564
F261R,-0.7027017279635654
F261K,-0.7555499060118327
F261Q,-0.767927235406372
F261N,-1.0052801263597095
F261G,-1.0341640928917435
F261E,-1.2686614398854543
F261D,-1.4339124311333729
F261P,-1.4947700379202542
