mutant,fitness
A263G,0.9730950145032691
A263S,0.9449957923612393
A263K,0.809527029507564
A263N,0.8014213142650113
A263D,0.73663557124739
A263E,0.7023676457595401
A263T,0.5814088984755748
A263Q,0.5573402867484717
A263R,0.5568487649449291
A263C,0.5022020353045429
A263H,0.33680812266086363
A263V,0.25099383540841724
A263M,-0.05603824776340023
A263L,-0.24403830377542318
A263I,-0.3720758653148802
A263Y,-0.5995209599471854
A263P,-0.6994857918900136
A263F,-0.700223521653238
A263W,-0.7696660954108938
