mutant,fitness
E131D,0.15070735693272733
E131Q,0.027600056902488235
E131N,-0.47883340377294914
E131A,-0.642793458328435
E131S,-0.8723701046623871
E131H,-0.8965674204691094
E131T,-0.9216192498117246
E131G,-1.0548709273235448
E131K,-1.056362941357324
E131L,-1.0660771273466465
E131V,-1.0806317351757038
E131M,-1.1206210865995896
E131C,-1.161161221465339
E131R,-1.205220806146012
E131Y,-1.3613616086905957
E131I,-1.3778970530619272
E131W,-1.5214650329731627
E131F,-1.7291067193567486
E131P,-2.0594039836474476
