mutant,fitness
E167D,2.0652638687006846
E167A,1.2608812149917719
E167S,1.1952994066760265
E167N,1.1381474391226676
E167C,0.972149460781605
E167T,0.9002046460885421
E167G,0.718188378196208
E167Q,0.5936168328578477
E167V,0.4573177589014487
E167H,0.4304248584318433
E167M,0.26117761896304076
E167L,0.18162580698338143
E167R,-0.02281785007189816
E167Y,-0.056030458776658354
E167F,-0.07974936580074088
E167I,-0.12749661886905345
E167W,-0.13602274460577962
E167K,-0.2264810511478958
E167P,-0.3566327421534217
