mutant,fitness
Y89H,1.4059397403692546
Y89F,1.3757338630566958
Y89L,1.2280390940373973
Y89N,1.121200133186365
Y89T,0.9315214487602475
Y89S,0.906797754129554
Y89A,0.8930157523085395
Y89Q,0.8691813739474277
Y89E,0.869003481894937
Y89D,0.8560425188121139
Y89R,0.8227087819191516
Y89M,0.7072979901050559
Y89K,0.6790480456775979
Y89W,0.6731122641659006
Y89C,0.6146442057082966
Y89V,0.5730702814585813
Y89I,0.5122063113478637
Y89G,0.5004091253226604
Y89P,-0.7142578459882062
