mutant,fitness
R11Q,1.283313431946091
R11K,1.2773873271126743
R11T,1.2325374358284127
R11H,1.1498388249236784
R11A,1.1038449565204798
R11N,1.0664061477746887
R11S,1.0535286367263936
R11L,0.9849983865773553
R11E,0.9734281448324189
R11V,0.9514480101890379
R11D,0.9415589435600384
R11C,0.9243292279049597
R11G,0.8606165803327592
R11Y,0.7615653056108543
R11I,0.7414751585849378
R11M,0.7380133489475409
R11P,0.6624869779195677
R11F,0.6567883701221526
R11W,0.36577888192704555
