mutant,fitness
Q128M,-0.04338168044819646
Q128L,-0.055787599300694046
Q128R,-0.2150057966696598
Q128H,-0.21910366708208046
Q128E,-0.2693812087035201
Q128K,-0.405287465075017
Q128N,-0.4430872677186636
Q128S,-0.46396974807333335
Q128A,-0.49598404545143404
Q128D,-0.754441069246719
Q128T,-0.7695174352499968
Q128C,-0.835044635180275
Q128I,-0.9637257836110193
Q128G,-1.0231695663122093
Q128Y,-1.0341979957865606
Q128W,-1.0567145685674124
Q128V,-1.1065394620454496
Q128F,-1.1211815038262998
Q128P,-1.4668928277500297
