mutant,fitness
P174A,0.24459480829972513
P174V,0.05961334484737796
P174I,-0.3965317966738765
P174L,-0.47408181312484216
P174S,-0.5196396190753295
P174C,-0.7503088951130876
P174T,-0.7847875762286649
P174M,-1.0067916686527798
P174G,-1.1656888258218034
P174F,-1.2255451125443908
P174Q,-1.295270576790576
P174H,-1.3223648745244627
P174Y,-1.443973505630158
P174R,-1.465834554168541
P174N,-1.490795504374231
P174E,-1.5885329598471611
P174W,-1.6204198852124791
P174K,-1.706229870025658
P174D,-1.711052315332254
