mutant,fitness
F276L,-0.03683882666506651
F276M,-0.1709714396832206
F276Y,-0.17921405793369322
F276W,-0.44918437011474166
F276I,-0.5952896365195115
F276V,-0.7459633090485265
F276C,-0.7730649731386818
F276H,-0.8431185497348112
F276S,-0.9790296693942165
F276A,-1.0112123668376538
F276N,-1.2434966319508274
F276Q,-1.276991755120855
F276T,-1.300595184394018
F276E,-1.4424505994540175
F276G,-1.4505167075155687
F276D,-1.4608951490196913
F276R,-1.5438336655899243
F276K,-1.6656158004985304
F276P,-2.0385547246418843
