mutant,fitness
T34A,1.574440534432006
T34S,1.5112898656367808
T34R,1.4779914667642913
T34E,1.3784544460394277
T34K,1.3630046874700348
T34V,1.348540969948613
T34Q,1.3381639852301468
T34L,1.3276704419372491
T34D,1.2902326526040597
T34N,1.2672722083046066
T34H,1.2498666549120518
T34I,1.245430943891212
T34G,1.1764659231678563
T34M,1.1655928037051146
T34Y,0.9596811893590562
T34F,0.9583493417810459
T34C,0.8822043580650143
T34P,0.8006251671513931
T34W,0.719222737452467
