mutant,fitness
E267D,1.1901661172878502
E267Q,0.8944384612031266
E267A,0.8310832447431843
E267K,0.7114150385614497
E267H,0.6658990851148643
E267G,0.6067440681630124
E267S,0.5754068723748802
E267R,0.5413981214863467
E267N,0.5129004795905122
E267T,0.485500365408284
E267L,0.4205761004885077
E267M,0.39017615642209824
E267V,0.33827321687060596
E267Y,0.2871975059592944
E267I,0.09811822657153046
E267W,0.070774805223285
E267F,0.042178425746696835
E267C,-0.2650391449228312
E267P,-0.42972919993486225
