mutant,fitness
E163D,1.4094077574016624
E163Q,1.0616306891535077
E163N,0.897138285387937
E163T,0.8407840581038649
E163A,0.831439971246442
E163S,0.779275843271583
E163K,0.6917279662308071
E163H,0.6538008704485458
E163R,0.6288224325786498
E163G,0.5855924686243861
E163L,0.5231028441133757
E163V,0.4352081742782906
E163P,0.34857610032715286
E163M,0.2588108401323291
E163I,0.2146213191134426
E163C,0.13767161043583842
E163Y,-0.04402966124134386
E163F,-0.15698082000061375
E163W,-0.34999453268688224
