mutant,fitness
Q122N,0.33160412552744845
Q122H,0.21908030394286315
Q122M,0.0013580654984369223
Q122L,-0.024981186830411395
Q122E,-0.028642129985455456
Q122V,-0.12912587639814
Q122T,-0.13701142605855243
Q122R,-0.15920427643473045
Q122S,-0.16406220389315945
Q122A,-0.21749257766142477
Q122I,-0.29658052455866857
Q122P,-0.43384981269349704
Q122C,-0.5046721915404113
Q122K,-0.5551341048609765
Q122D,-0.5627238434269902
Q122F,-0.6661804265708978
Q122G,-0.7190883505429915
Q122Y,-0.7388184560863409
Q122W,-0.9311880681967166
